{
    "id": "1004",
    "dialogue": [
        {
            "turn idx": 0,
            "agent": {
                "transcript": "",
                "img_gts": [],
                "dialog_act": {}
            },
            "user": {
                "transcript": "hi, i am looking for a place with good nightlife around the singapore river. i found this picture when searching for places with good nightlife and want to find out the address of the place.",
                "img_gts": [
                    "clarke quay"
                ],
                "turn_label": {
                    "venuename": "request",
                    "open span: image": "inform",
                    "venuename: singapore river": "recommend",
                    "venueneigh: singapore river": "inform",
                    "placeholder": "greet",
                    "img_gts: clarke quay": "inform"
                }
            },
            "bstate": {
                "open span: image": "inform",
                "venuename: singapore river": "recommend",
                "venueneigh: singapore river": "inform",
                "img_gts: clarke quay": "inform"
            }
        },
        {
            "turn idx": 1,
            "agent": {
                "transcript": "this is clarke quay and they are known for their beer and beef quesadillas. there are many bars around for good nightlife! they are located at river valley rd. (north boat quay) 179020 singapore.",
                "img_gts": [],
                "dialog_act": {
                    "drinks:beer": "inform",
                    "venueaddress: river valley rd. (north boat quay) 179020 singapore": "inform",
                    "open span: beef quesadilla": "inform",
                    "open span: bar": "inform",
                    "venuename: clarke quay": "recommend",
                    "venueneigh: river valley": "inform",
                    "venuename: boat quay": "recommend"
                }
            },
            "user": {
                "transcript": "great, thank you! i am also looking for a hotel in the chinatown area with friendly staff.",
                "img_gts": [],
                "turn_label": {
                    "open span: hotel": "inform",
                    "open span: friendly staff": "inform",
                    "venuename: clarke quay": "confirm",
                    "venueneigh: chinatown": "inform"
                }
            },
            "bstate": {
                "open span: image": "inform",
                "img_gts: clarke quay": "inform",
                "drinks: beer": "inform",
                "venueaddress: river valley rd. (north boat quay) 179020 singapore": "inform",
                "open span: beef quesadilla": "inform",
                "open span: bar": "inform",
                "open span: hotel": "inform",
                "open span: friendly staff": "inform",
                "venuename: clarke quay": "confirm",
                "venueneigh: chinatown": "inform"
            }
        },
        {
            "turn idx": 2,
            "agent": {
                "transcript": "okay, do you have any other preferences?",
                "img_gts": [],
                "dialog_act": {
                    "open span: preference": "request",
                    "open span: any other": "request"
                }
            },
            "user": {
                "transcript": "yes, as i am travelling with my other half, i hope to find a place that is romantic.",
                "img_gts": [],
                "turn_label": {
                    "open span: other half": "inform",
                    "open span: romantic": "inform",
                    "open span: yes": "inform"
                }
            },
            "bstate": {
                "open span: image": "inform",
                "img_gts: clarke quay": "inform",
                "drinks: beer": "inform",
                "venueaddress: river valley rd. (north boat quay) 179020 singapore": "inform",
                "open span: beef quesadilla": "inform",
                "open span: bar": "inform",
                "open span: hotel": "inform",
                "open span: friendly staff": "inform",
                "venuename: clarke quay": "confirm",
                "venueneigh: chinatown": "inform",
                "open span: preference": "request",
                "open span: any other": "request",
                "open span: other half": "inform",
                "open span: romantic": "inform",
                "open span: yes": "inform"
            }
        },
        {
            "turn idx": 3,
            "agent": {
                "transcript": "i believe the scarlet would be right for you! it is a gorgeous boutique hotel with excellent service! room decor is absolutely worth every dollar. comfort & style all in one. love their chocolate coated strawberries! the lobby bar has good margaritas!",
                "img_gts": [],
                "dialog_act": {
                    "open span: gorgeous": "inform",
                    "open span: margarita": "inform",
                    "venuename: the scarlet": "recommend",
                    "open span: good service": "inform"
                }
            },
            "user": {
                "transcript": "that sounds lovely, thank you!",
                "img_gts": [],
                "turn_label": {
                    "open span: lovely": "inform",
                    "venuename: the scarlet": "confirm"
                }
            },
            "bstate": {
                "open span: image": "inform",
                "img_gts: clarke quay": "inform",
                "drinks: beer": "inform",
                "venueaddress: river valley rd. (north boat quay) 179020 singapore": "inform",
                "open span: beef quesadilla": "inform",
                "open span: bar": "inform",
                "open span: hotel": "inform",
                "open span: friendly staff": "inform",
                "venueneigh: chinatown": "inform",
                "open span: other half": "inform",
                "open span: romantic": "inform",
                "open span: yes": "inform",
                "open span: gorgeous": "inform",
                "open span: margarita": "inform",
                "open span: good service": "inform",
                "open span: lovely": "inform",
                "venuename: the scarlet": "confirm"
            }
        },
        {
            "turn idx": 4,
            "agent": {
                "transcript": "do you need help with anything else?",
                "img_gts": [],
                "dialog_act": {
                    "open span: anything else": "request"
                }
            },
            "user": {
                "transcript": "no, thank you!",
                "img_gts": [],
                "turn_label": {
                    "open span: anything else": "negate",
                    "placeholder": "bye"
                }
            },
            "bstate": {
                "open span: image": "inform",
                "img_gts: clarke quay": "inform",
                "drinks: beer": "inform",
                "venueaddress: river valley rd. (north boat quay) 179020 singapore": "inform",
                "open span: beef quesadilla": "inform",
                "open span: bar": "inform",
                "open span: hotel": "inform",
                "open span: friendly staff": "inform",
                "venueneigh: chinatown": "inform",
                "open span: other half": "inform",
                "open span: romantic": "inform",
                "open span: yes": "inform",
                "open span: gorgeous": "inform",
                "open span: margarita": "inform",
                "open span: good service": "inform",
                "open span: lovely": "inform",
                "venuename: the scarlet": "confirm"
            }
        }
    ],
    "user rating": 5,
    "user setting": "you are traveling with your <b>other half</b>, hope to find a <b>romantic</b> <b>hotel</b> near <b>heart of chinatown</b>, then you plan to have a good <b>nightlife</b> around <b>singapore river</b>.",
    "goal": {
        "id": 1443,
        "type": "multiple",
        "modality": "multiple",
        "content": [
            {
                "imgs": [],
                "terms": [
                    "romantic",
                    "martinis",
                    "club street",
                    "strawberries",
                    "heart of chinatown",
                    "chocolate",
                    "chocolate fondue",
                    "hotel",
                    "easy access",
                    "friendly staff",
                    "luxury",
                    "pumpkin cakes",
                    "scenic views",
                    "balcony"
                ],
                "venueCat": [
                    "Hotel",
                    "Hotel Bar"
                ],
                "venueName": "The Scarlet",
                "preference": {
                    "romantic": 1,
                    "friendly staff": 1,
                    "venueNeigh: Chinatown": 1
                },
                "venueNeigh": "Chinatown",
                "venueScore": "good",
                "Credit Cards": "Yes",
                "Outdoor Seating": "Yes"
            },
            {
                "imgs": [
                    "b5395c9aed34901087f72335ab77fbd7",
                    "46db9fa8183334b9f963f60671d32bee"
                ],
                "terms": [
                    "tours",
                    "wine",
                    "happy hour",
                    "lively",
                    "music",
                    "casual",
                    "beef quesadillas",
                    "ice cream",
                    "dinner",
                    "mojitos",
                    "scenic views",
                    "seafood",
                    "night life",
                    "beer",
                    "hookah",
                    "chili crabs",
                    "caf\u00e9",
                    "tacos",
                    "dancing",
                    "reverse bungy"
                ],
                "venueCat": [
                    "Shopping Plaza"
                ],
                "venueName": "Clarke Quay",
                "preference": {
                    "night life": 1,
                    "get addreee": 3,
                    "Singapore River": 1,
                    "drag image to do search": 0
                },
                "venueNeigh": "Singapore River",
                "venueScore": "good",
                "Credit Cards": "Yes"
            }
        ],
        "cnv_cnt": 20,
        "user_setting": "You are traveling with your <b>other half</b>, hope to find a <b>romantic</b> <b>hotel</b> near <b>heart of chinatown</b>, then you plan to have a good <b>nightlife</b> around <b>Singapore River</b>.",
        "user_location": "Chinatown"
    }
}