{
    "id": "1008",
    "dialogue": [
        {
            "turn idx": 0,
            "agent": {
                "transcript": "hi, may i help you?",
                "img_gts": [],
                "dialog_act": {
                    "placeholder": "greet"
                }
            },
            "user": {
                "transcript": "hi. i am traveling with my girlfriend and i want to find a romantic hotel around chinatown, better with friendly staff.",
                "img_gts": [],
                "turn_label": {
                    "open span: hotel": "inform",
                    "open span: romantic": "inform",
                    "open span: friendly staff": "inform",
                    "venueneigh: chinatown": "inform",
                    "placeholder": "greet"
                }
            },
            "bstate": {
                "open span: hotel": "inform",
                "open span: romantic": "inform",
                "open span: friendly staff": "inform",
                "venueneigh: chinatown": "inform"
            }
        },
        {
            "turn idx": 1,
            "agent": {
                "transcript": "the scarlet should be a good choice.",
                "img_gts": [],
                "dialog_act": {
                    "venuename: the scarlet": "recommend"
                }
            },
            "user": {
                "transcript": "thanks! do you know where can i have a good night life? i hear about there are some nice places near singapore river, do you have any suggestions?",
                "img_gts": [],
                "turn_label": {
                    "venuename": "request",
                    "open span: nightlife": "inform",
                    "venuename: the scarlet": "confirm",
                    "open span: tip or suggestion": "request",
                    "venueneigh: singapore river": "inform"
                }
            },
            "bstate": {
                "open span: hotel": "inform",
                "open span: romantic": "inform",
                "open span: friendly staff": "inform",
                "open span: nightlife": "inform",
                "venuename: the scarlet": "confirm",
                "open span: tip or suggestion": "request",
                "venueneigh: singapore river": "inform"
            }
        },
        {
            "turn idx": 2,
            "agent": {
                "transcript": "yes, you are right. there are many quite good places for night life around singapore river. do you have any specific preference?",
                "img_gts": [],
                "dialog_act": {
                    "open span: nightlife": "inform",
                    "open span: preference": "request",
                    "venueneigh: singapore river": "inform"
                }
            },
            "user": {
                "transcript": "actually i don't have any detailed requirements. i got some images which are quite beacutiful. i hope i can also view the same.",
                "img_gts": [
                    "clarke quay",
                    "clarke quay"
                ],
                "turn_label": {
                    "open span: image": "inform",
                    "img_gts: clarke quay, clarke quay": "inform"
                }
            },
            "bstate": {
                "open span: hotel": "inform",
                "open span: romantic": "inform",
                "open span: friendly staff": "inform",
                "open span: nightlife": "inform",
                "venuename: the scarlet": "confirm",
                "open span: preference": "request",
                "venueneigh: singapore river": "inform",
                "open span: image": "inform",
                "img_gts: clarke quay, clarke quay": "inform"
            }
        },
        {
            "turn idx": 3,
            "agent": {
                "transcript": "oh, that's clarke quay, it is really beautiful.",
                "img_gts": [],
                "dialog_act": {
                    "venuename: clarke quay": "recommend"
                }
            },
            "user": {
                "transcript": "cool! can you give me the exact address?",
                "img_gts": [],
                "turn_label": {
                    "venueaddress": "request",
                    "venuename: clarke quay": "confirm"
                }
            },
            "bstate": {
                "open span: hotel": "inform",
                "open span: romantic": "inform",
                "open span: friendly staff": "inform",
                "open span: nightlife": "inform",
                "venueneigh: singapore river": "inform",
                "open span: image": "inform",
                "img_gts: clarke quay, clarke quay": "inform",
                "venueaddress": "request",
                "venuename: clarke quay": "confirm"
            }
        },
        {
            "turn idx": 4,
            "agent": {
                "transcript": "sure, it is at river valley rd. (north boat quay) 179020 singapore. do you have any other questions?",
                "img_gts": [],
                "dialog_act": {
                    "venueaddress: river valley rd. (north boat quay) 179020 singapore": "inform",
                    "open span: any other": "request"
                }
            },
            "user": {
                "transcript": "that's all. it's so nice of you. thanks!",
                "img_gts": [],
                "turn_label": {
                    "open span: any other": "negate",
                    "placeholder": "bye"
                }
            },
            "bstate": {
                "open span: hotel": "inform",
                "open span: romantic": "inform",
                "open span: friendly staff": "inform",
                "open span: nightlife": "inform",
                "venueneigh: singapore river": "inform",
                "open span: image": "inform",
                "img_gts: clarke quay, clarke quay": "inform",
                "venuename: clarke quay": "confirm",
                "venueaddress: river valley rd. (north boat quay) 179020 singapore": "inform"
            }
        },
        {
            "turn idx": 5,
            "agent": {
                "transcript": "you are welcome. have a nice day!",
                "img_gts": [],
                "dialog_act": {
                    "placeholder": "bye"
                }
            },
            "user": {
                "transcript": "",
                "img_gts": [],
                "turn_label": {}
            },
            "bstate": {
                "open span: hotel": "inform",
                "open span: romantic": "inform",
                "open span: friendly staff": "inform",
                "open span: nightlife": "inform",
                "venueneigh: singapore river": "inform",
                "open span: image": "inform",
                "img_gts: clarke quay, clarke quay": "inform",
                "venuename: clarke quay": "confirm",
                "venueaddress: river valley rd. (north boat quay) 179020 singapore": "inform"
            }
        }
    ],
    "user rating": 4,
    "user setting": "you are traveling with your <b>other half</b>, hope to find a <b>romantic</b> <b>hotel</b> near <b>heart of chinatown</b>, then you plan to have a good <b>nightlife</b> around <b>singapore river</b>.",
    "goal": {
        "id": 1443,
        "type": "multiple",
        "modality": "multiple",
        "content": [
            {
                "imgs": [],
                "terms": [
                    "romantic",
                    "martinis",
                    "club street",
                    "strawberries",
                    "heart of chinatown",
                    "chocolate",
                    "chocolate fondue",
                    "hotel",
                    "easy access",
                    "friendly staff",
                    "luxury",
                    "pumpkin cakes",
                    "scenic views",
                    "balcony"
                ],
                "venueCat": [
                    "Hotel",
                    "Hotel Bar"
                ],
                "venueName": "The Scarlet",
                "preference": {
                    "romantic": 1,
                    "friendly staff": 1,
                    "venueNeigh: Chinatown": 1
                },
                "venueNeigh": "Chinatown",
                "venueScore": "good",
                "Credit Cards": "Yes",
                "Outdoor Seating": "Yes"
            },
            {
                "imgs": [
                    "b5395c9aed34901087f72335ab77fbd7",
                    "46db9fa8183334b9f963f60671d32bee"
                ],
                "terms": [
                    "tours",
                    "wine",
                    "happy hour",
                    "lively",
                    "music",
                    "casual",
                    "beef quesadillas",
                    "ice cream",
                    "dinner",
                    "mojitos",
                    "scenic views",
                    "seafood",
                    "night life",
                    "beer",
                    "hookah",
                    "chili crabs",
                    "caf\u00e9",
                    "tacos",
                    "dancing",
                    "reverse bungy"
                ],
                "venueCat": [
                    "Shopping Plaza"
                ],
                "venueName": "Clarke Quay",
                "preference": {
                    "night life": 1,
                    "get addreee": 3,
                    "Singapore River": 1,
                    "drag image to do search": 0
                },
                "venueNeigh": "Singapore River",
                "venueScore": "good",
                "Credit Cards": "Yes"
            }
        ],
        "cnv_cnt": 20,
        "user_setting": "You are traveling with your <b>other half</b>, hope to find a <b>romantic</b> <b>hotel</b> near <b>heart of chinatown</b>, then you plan to have a good <b>nightlife</b> around <b>Singapore River</b>.",
        "user_location": "Chinatown"
    }
}