{
    "id": "1065",
    "dialogue": [
        {
            "turn idx": 0,
            "agent": {
                "transcript": "",
                "img_gts": [],
                "dialog_act": {}
            },
            "user": {
                "transcript": "hi, can you help me find a food court where i can enjoy avocado milkshakes and char siu?",
                "img_gts": [],
                "turn_label": {
                    "open span: avocado milkshake": "inform",
                    "open span: char siew": "inform",
                    "placeholder": "greet"
                }
            },
            "bstate": {
                "open span: avocado milkshake": "inform",
                "open span: char siew": "inform"
            }
        },
        {
            "turn idx": 1,
            "agent": {
                "transcript": "sure, do you have any other specific requirements?",
                "img_gts": [],
                "dialog_act": {
                    "open span: preference": "request",
                    "open span: any other": "request"
                }
            },
            "user": {
                "transcript": "it would be nice if they have great value. and fried carrot cake would be a nice plus.",
                "img_gts": [],
                "turn_label": {
                    "open span: fry carrot cake": "inform",
                    "open span: good value": "inform"
                }
            },
            "bstate": {
                "open span: avocado milkshake": "inform",
                "open span: char siew": "inform",
                "open span: preference": "request",
                "open span: any other": "request",
                "open span: fry carrot cake": "inform",
                "open span: good value": "inform"
            }
        },
        {
            "turn idx": 2,
            "agent": {
                "transcript": "you should visit alexandra village food centre then.",
                "img_gts": [
                    "food stall"
                ],
                "dialog_act": {
                    "venuename: alexandra village food centre": "recommend",
                    "open span: image": "inform",
                    "img_gts: food stall": "inform"
                }
            },
            "user": {
                "transcript": "do you have the address?",
                "img_gts": [],
                "turn_label": {
                    "venueaddress": "request"
                }
            },
            "bstate": {
                "open span: avocado milkshake": "inform",
                "open span: char siew": "inform",
                "open span: fry carrot cake": "inform",
                "open span: good value": "inform",
                "venuename: alexandra village food centre": "recommend",
                "open span: image": "inform",
                "img_gts: food stall": "inform",
                "venueaddress": "request"
            }
        },
        {
            "turn idx": 3,
            "agent": {
                "transcript": "sure, just go to 120 bukit merah lane 150120 singapore.",
                "img_gts": [],
                "dialog_act": {
                    "venueaddress: 120 bukit merah lane 150120 singapore": "inform"
                }
            },
            "user": {
                "transcript": "thanks. i am also looking for a shopping mall with asics shoes and discounts.",
                "img_gts": [],
                "turn_label": {
                    "open span: mall": "inform",
                    "open span: discount": "inform",
                    "open span: asics shoe": "inform",
                    "venuename: alexandra village food centre": "confirm"
                }
            },
            "bstate": {
                "open span: avocado milkshake": "inform",
                "open span: char siew": "inform",
                "open span: fry carrot cake": "inform",
                "open span: good value": "inform",
                "open span: image": "inform",
                "img_gts: food stall": "inform",
                "venueaddress: 120 bukit merah lane 150120 singapore": "inform",
                "open span: mall": "inform",
                "open span: discount": "inform",
                "open span: asics shoe": "inform",
                "venuename: alexandra village food centre": "confirm"
            }
        },
        {
            "turn idx": 4,
            "agent": {
                "transcript": "sure, do you have any other preferences?",
                "img_gts": [],
                "dialog_act": {
                    "open span: preference": "request",
                    "open span: any other": "request"
                }
            },
            "user": {
                "transcript": "i prefer a place near central region.",
                "img_gts": [],
                "turn_label": {
                    "venueneigh: central region": "inform"
                }
            },
            "bstate": {
                "open span: avocado milkshake": "inform",
                "open span: char siew": "inform",
                "open span: fry carrot cake": "inform",
                "open span: good value": "inform",
                "open span: image": "inform",
                "img_gts: food stall": "inform",
                "venueaddress: 120 bukit merah lane 150120 singapore": "inform",
                "open span: mall": "inform",
                "open span: discount": "inform",
                "open span: asics shoe": "inform",
                "venuename: alexandra village food centre": "confirm",
                "open span: preference": "request",
                "open span: any other": "request",
                "venueneigh: central region": "inform"
            }
        },
        {
            "turn idx": 5,
            "agent": {
                "transcript": "i recommend queensway shopping centre.",
                "img_gts": [],
                "dialog_act": {
                    "venuename: queensway shopping centre": "recommend"
                }
            },
            "user": {
                "transcript": "please send me the full address if possible.",
                "img_gts": [],
                "turn_label": {
                    "venueaddress": "request"
                }
            },
            "bstate": {
                "open span: avocado milkshake": "inform",
                "open span: char siew": "inform",
                "open span: fry carrot cake": "inform",
                "open span: good value": "inform",
                "open span: image": "inform",
                "img_gts: food stall": "inform",
                "open span: mall": "inform",
                "open span: discount": "inform",
                "open span: asics shoe": "inform",
                "venueneigh: central region": "inform",
                "venuename: queensway shopping centre": "recommend",
                "venueaddress": "request"
            }
        },
        {
            "turn idx": 6,
            "agent": {
                "transcript": "you can find the venue at 1 queensway (alexandra rd) 149053 singapore.",
                "img_gts": [],
                "dialog_act": {
                    "venueaddress: 1 queensway (alexandra rd) 149053 singapore": "inform"
                }
            },
            "user": {
                "transcript": "thanks, that is all i wanted to know.",
                "img_gts": [],
                "turn_label": {
                    "placeholder": "bye"
                }
            },
            "bstate": {
                "open span: avocado milkshake": "inform",
                "open span: char siew": "inform",
                "open span: fry carrot cake": "inform",
                "open span: good value": "inform",
                "open span: image": "inform",
                "img_gts: food stall": "inform",
                "open span: mall": "inform",
                "open span: discount": "inform",
                "open span: asics shoe": "inform",
                "venueneigh: central region": "inform",
                "venuename: queensway shopping centre": "recommend",
                "venueaddress: 1 queensway (alexandra rd) 149053 singapore": "inform"
            }
        }
    ],
    "user rating": 4,
    "user setting": "you are touring in <b>central region</b>, looking for a good <b>food court</b> to try local food and <b>shopping mall</b> to buy some <b>discount shoes</b>.",
    "goal": {
        "id": 1452,
        "type": "multiple",
        "modality": "multiple",
        "content": [
            {
                "imgs": [
                    "ea9caa75461f7ee6d274e0215eeee48b",
                    "8ee3b5f56732c027487cc94559ecfb6b"
                ],
                "Menus": [
                    "Brunch",
                    "Lunch",
                    "Dinner"
                ],
                "Music": "Live Music",
                "Wi-Fi": "Yes",
                "terms": [
                    "spicy food",
                    "milkshakes",
                    "char siu",
                    "pork",
                    "satay",
                    "rice",
                    "soup dumplings",
                    "hidden gem",
                    "avocado",
                    "tofu",
                    "authentic",
                    "stall",
                    "beef",
                    "meats",
                    "desserts",
                    "great value",
                    "muffins",
                    "oyster omelette",
                    "breakfast food",
                    "fried carrot cake"
                ],
                "venueCat": [
                    "Food Court"
                ],
                "venueName": "Alexandra Village Food Centre",
                "preference": {
                    "char siu": 1,
                    "get address": 3,
                    "great value": 1,
                    "avocado milkshakes": 2,
                    "venueCat:Food Court": 1
                },
                "venueNeigh": "Central Region",
                "venueScore": "average",
                "Credit Cards": "No"
            },
            {
                "imgs": [],
                "terms": [
                    "discounts",
                    "soccer",
                    "books",
                    "shirts",
                    "alterations",
                    "katong",
                    "chicken curry",
                    "sports",
                    "asics",
                    "boots",
                    "hiking",
                    "lunch",
                    "laksa",
                    "apparel",
                    "dinner",
                    "jeans",
                    "tennis",
                    "sneakers",
                    "shoes",
                    "prints"
                ],
                "venueCat": [
                    "Shopping Mall",
                    "Sporting Goods Shop",
                    "Department Store"
                ],
                "venueName": "Queensway Shopping Centre",
                "preference": {
                    "sneakers": 1,
                    "discounts": 1,
                    "asics shoes": 2,
                    "get address": 3,
                    "venueCat:Shopping Mall": 2
                },
                "venueNeigh": "Central Region",
                "venueScore": "fair",
                "Credit Cards": "Yes"
            }
        ],
        "cnv_cnt": 20,
        "user_setting": "You are touring in <b>Central Region</b>, looking for a good <b>food court</b> to try local food and <b>shopping mall</b> to buy some <b>discount shoes</b>.",
        "user_location": "unknown"
    }
}