{
    "id": "1073",
    "dialogue": [
        {
            "turn idx": 0,
            "agent": {
                "transcript": "",
                "img_gts": [],
                "dialog_act": {}
            },
            "user": {
                "transcript": "hi, do you know where i can find this shopping mall?",
                "img_gts": [
                    "building"
                ],
                "turn_label": {
                    "open span: mall": "inform",
                    "open span: image": "inform",
                    "placeholder": "greet",
                    "img_gts: building": "inform"
                }
            },
            "bstate": {
                "open span: mall": "inform",
                "open span: image": "inform",
                "img_gts: building": "inform"
            }
        },
        {
            "turn idx": 1,
            "agent": {
                "transcript": "ah, it is bugis+. you can visit 201 victoria st. 188067 singapore.",
                "img_gts": [],
                "dialog_act": {
                    "venueaddress: 201 victoria st. 188067 singapore": "inform",
                    "venuename: bugis+": "recommend"
                }
            },
            "user": {
                "transcript": "can you give me some tips?",
                "img_gts": [],
                "turn_label": {
                    "venuename: bugis+": "confirm",
                    "open span: tip or suggestion": "request"
                }
            },
            "bstate": {
                "open span: mall": "inform",
                "open span: image": "inform",
                "img_gts: building": "inform",
                "venueaddress: 201 victoria st. 188067 singapore": "inform",
                "venuename: bugis+": "confirm",
                "open span: tip or suggestion": "request"
            }
        },
        {
            "turn idx": 2,
            "agent": {
                "transcript": "sure. mid range brands with huge outlets available here such as nike & uniqlo. connect here from 2nd level of bugis junction and then head to bugis street afterwards!",
                "img_gts": [],
                "dialog_act": {
                    "venuename: bugis street": "recommend",
                    "venuename: bugis junction": "recommend"
                }
            },
            "user": {
                "transcript": "thanks, i will keep that in mind.",
                "img_gts": [],
                "turn_label": {}
            },
            "bstate": {
                "open span: mall": "inform",
                "open span: image": "inform",
                "img_gts: building": "inform",
                "venueaddress: 201 victoria st. 188067 singapore": "inform",
                "venuename: bugis junction": "recommend"
            }
        },
        {
            "turn idx": 3,
            "agent": {
                "transcript": "is there anything else i can help you with?",
                "img_gts": [],
                "dialog_act": {
                    "open span: anything else": "request"
                }
            },
            "user": {
                "transcript": "no, that is all. thanks!",
                "img_gts": [],
                "turn_label": {
                    "open span: anything else": "negate",
                    "placeholder": "bye"
                }
            },
            "bstate": {
                "open span: mall": "inform",
                "open span: image": "inform",
                "img_gts: building": "inform",
                "venueaddress: 201 victoria st. 188067 singapore": "inform",
                "venuename: bugis junction": "recommend"
            }
        }
    ],
    "user rating": 4,
    "user setting": "you are a shopping lover, looking for a <b>shoping mall</b> around <b>heritage district</b>.",
    "goal": {
        "id": 1449,
        "type": "single",
        "modality": "multiple",
        "content": [
            {
                "imgs": [
                    "72820e19e0a8a30001f7e4dfe7067f65"
                ],
                "Wi-Fi": "Yes",
                "terms": [
                    "curry rice",
                    "ice cream",
                    "ramen",
                    "darts",
                    "caf\u00e9",
                    "food courts",
                    "movies",
                    "uniqlo",
                    "churros",
                    "shoes",
                    "wifi",
                    "seafood",
                    "dinner",
                    "bugis junction",
                    "tea",
                    "dancing",
                    "bugis",
                    "cute",
                    "spacious",
                    "karaoke"
                ],
                "venueCat": [
                    "Shopping Mall"
                ],
                "venueName": "Bugis+",
                "preference": {
                    "get useful tips": 3,
                    "Heritage District": 2,
                    "venueCat:Shopping Mall": 2,
                    "drag image to do search": 0
                },
                "venueNeigh": "Heritage District",
                "venueScore": "average",
                "Credit Cards": "Yes"
            }
        ],
        "cnv_cnt": 20,
        "user_setting": "You are a shopping lover, looking for a <b>shoping mall</b> around <b>Heritage District</b>.",
        "user_location": "unknown"
    }
}