{
    "id": "1225",
    "dialogue": [
        {
            "turn idx": 0,
            "agent": {
                "transcript": "",
                "img_gts": [],
                "dialog_act": {}
            },
            "user": {
                "transcript": "hello, can you find me place for lunch, we have a group of four people.",
                "img_gts": [],
                "turn_label": {
                    "open span: group": "inform",
                    "menus: lunch": "inform",
                    "placeholder": "greet"
                }
            },
            "bstate": {
                "open span: group": "inform",
                "menus: lunch": "inform"
            }
        },
        {
            "turn idx": 1,
            "agent": {
                "transcript": "sure, do you have any preferred food? singaporean, japanese, western?",
                "img_gts": [],
                "dialog_act": {
                    "open span: preference": "request"
                }
            },
            "user": {
                "transcript": "can you first find me an authentic french restaurant? better to have pastry chef and with good service.",
                "img_gts": [],
                "turn_label": {
                    "open span: good service": "inform",
                    "open span: authentic": "inform"
                }
            },
            "bstate": {
                "open span: group": "inform",
                "menus: lunch": "inform",
                "open span: preference": "request",
                "open span: good service": "inform",
                "open span: authentic": "inform"
            }
        },
        {
            "turn idx": 2,
            "agent": {
                "transcript": "got it. let me search for you. pollen is perfect for. jaan is also not bad, just without pastry chef.",
                "img_gts": [],
                "dialog_act": {
                    "open span: perfect": "inform",
                    "venuename: pollen": "recommend",
                    "venuename: jaan": "recommend"
                }
            },
            "user": {
                "transcript": "thanks for you recommendation. actually, australian restaurant is a good alternative for us, can you find me one around chinatown, which is better to offer pork burger, like the image.",
                "img_gts": [
                    "burger"
                ],
                "turn_label": {
                    "open span: pork burger": "inform",
                    "open span: australian restaurant": "inform",
                    "venuename: pollen": "confirm",
                    "venuename: jaan": "confirm",
                    "open span: image": "inform",
                    "venueneigh: chinatown": "inform",
                    "img_gts: burger": "inform"
                }
            },
            "bstate": {
                "open span: group": "inform",
                "menus: lunch": "inform",
                "open span: good service": "inform",
                "open span: authentic": "inform",
                "open span: perfect": "inform",
                "open span: pork burger": "inform",
                "open span: australian restaurant": "inform",
                "venuename: jaan": "confirm",
                "open span: image": "inform",
                "venueneigh: chinatown": "inform",
                "img_gts: burger": "inform"
            }
        },
        {
            "turn idx": 3,
            "agent": {
                "transcript": "no problem. it seems like burnt ends, which is an australian restaurant nearby chinatown. its pork burger is a must-order!",
                "img_gts": [],
                "dialog_act": {
                    "venuename: burnt ends": "recommend",
                    "open span: australian restaurant": "inform",
                    "venueneigh: chinatown": "inform"
                }
            },
            "user": {
                "transcript": "cool! i also want to find a malay restaurant for comparison. it should has traditional cuisine like beef rendang and bean salad. and the most imporant thing is it should have buah keluah ice cream.",
                "img_gts": [],
                "turn_label": {
                    "open span: buah keluah": "inform",
                    "venuename: burnt ends": "confirm"
                }
            },
            "bstate": {
                "open span: group": "inform",
                "menus: lunch": "inform",
                "open span: good service": "inform",
                "open span: authentic": "inform",
                "open span: perfect": "inform",
                "open span: pork burger": "inform",
                "open span: australian restaurant": "inform",
                "open span: image": "inform",
                "img_gts: burger": "inform",
                "venueneigh: chinatown": "inform",
                "open span: buah keluah": "inform",
                "venuename: burnt ends": "confirm"
            }
        },
        {
            "turn idx": 4,
            "agent": {
                "transcript": "ok. i find candlenut for you. the the buah keluk ice cream is very good there, as well as buah keluah wagyu. you will like it.",
                "img_gts": [],
                "dialog_act": {
                    "venuename: candlenut": "recommend"
                }
            },
            "user": {
                "transcript": "great, i will decide later. since one of my friend suggest to have some homemade food which should be healthy. can you find me a cozy restaurant?",
                "img_gts": [],
                "turn_label": {
                    "open span: cozy": "inform",
                    "open span: healthy": "inform",
                    "venuename: candlenut": "confirm"
                }
            },
            "bstate": {
                "open span: group": "inform",
                "menus: lunch": "inform",
                "open span: good service": "inform",
                "open span: authentic": "inform",
                "open span: perfect": "inform",
                "open span: pork burger": "inform",
                "open span: australian restaurant": "inform",
                "open span: image": "inform",
                "img_gts: burger": "inform",
                "venueneigh: chinatown": "inform",
                "open span: buah keluah": "inform",
                "open span: cozy": "inform",
                "open span: healthy": "inform",
                "venuename: candlenut": "confirm"
            }
        },
        {
            "turn idx": 5,
            "agent": {
                "transcript": "morsels is very good.",
                "img_gts": [],
                "dialog_act": {
                    "venuename: morsels": "recommend"
                }
            },
            "user": {
                "transcript": "really, can you give me the phone number and check whether it has reservastion?",
                "img_gts": [],
                "turn_label": {
                    "telephone": "request",
                    "reservations": "request"
                }
            },
            "bstate": {
                "open span: group": "inform",
                "menus: lunch": "inform",
                "open span: good service": "inform",
                "open span: authentic": "inform",
                "open span: perfect": "inform",
                "open span: pork burger": "inform",
                "open span: australian restaurant": "inform",
                "open span: image": "inform",
                "img_gts: burger": "inform",
                "venueneigh: chinatown": "inform",
                "open span: buah keluah": "inform",
                "open span: cozy": "inform",
                "open span: healthy": "inform",
                "venuename: morsels": "recommend",
                "telephone": "request",
                "reservations": "request"
            }
        },
        {
            "turn idx": 6,
            "agent": {
                "transcript": "the phone number is +65 6266 3822 and it supports reservation.",
                "img_gts": [],
                "dialog_act": {
                    "telephone: +65 6266 3822": "inform",
                    "reservations: yes": "inform"
                }
            },
            "user": {
                "transcript": "great. that's all. thanks very much for your help.",
                "img_gts": [],
                "turn_label": {
                    "venuename: morsels": "confirm",
                    "placeholder": "bye"
                }
            },
            "bstate": {
                "open span: group": "inform",
                "menus: lunch": "inform",
                "open span: good service": "inform",
                "open span: authentic": "inform",
                "open span: perfect": "inform",
                "open span: pork burger": "inform",
                "open span: australian restaurant": "inform",
                "open span: image": "inform",
                "img_gts: burger": "inform",
                "venueneigh: chinatown": "inform",
                "open span: buah keluah": "inform",
                "open span: cozy": "inform",
                "open span: healthy": "inform",
                "telephone: +65 62663822": "inform",
                "reservations: yes": "inform",
                "venuename: morsels": "confirm"
            }
        },
        {
            "turn idx": 7,
            "agent": {
                "transcript": "you are welcome. glad to help you. bye.",
                "img_gts": [],
                "dialog_act": {
                    "placeholder": "bye"
                }
            },
            "user": {
                "transcript": "",
                "img_gts": [],
                "turn_label": {}
            },
            "bstate": {
                "open span: group": "inform",
                "menus: lunch": "inform",
                "open span: good service": "inform",
                "open span: authentic": "inform",
                "open span: perfect": "inform",
                "open span: pork burger": "inform",
                "open span: australian restaurant": "inform",
                "open span: image": "inform",
                "img_gts: burger": "inform",
                "venueneigh: chinatown": "inform",
                "open span: buah keluah": "inform",
                "open span: cozy": "inform",
                "open span: healthy": "inform",
                "telephone: +65 62663822": "inform",
                "reservations: yes": "inform",
                "venuename: morsels": "confirm"
            }
        }
    ],
    "user rating": 4,
    "user setting": "you are looking for a good place for <b>lunch</b> for a <b>group of four people</b>. however, the <b>preference varies</b>.",
    "goal": {
        "id": 1446,
        "type": "multiple",
        "modality": "multiple",
        "content": [
            {
                "imgs": [
                    "34c8b57ef0957ea561f693d0dbd1149c",
                    "e90eca4bf7b3e1103c87b80f529f5777"
                ],
                "Menus": [
                    "Brunch",
                    "Lunch",
                    "Dinner"
                ],
                "Wi-Fi": "Yes",
                "price": "Expensive",
                "terms": [
                    "healthy food",
                    "quiet",
                    "desserts",
                    "good service",
                    "cozy",
                    "great value",
                    "Japanese food",
                    "romantic",
                    "tea",
                    "gardens",
                    "Japanese fusion",
                    "trendy",
                    "pastry chef",
                    "risotto",
                    "wagyu beef",
                    "scallops",
                    "authentic",
                    "wine",
                    "fancy",
                    "outdoor seating"
                ],
                "Drinks": [
                    "Wine",
                    "Full Bar"
                ],
                "Restroom": "Yes",
                "venueCat": [
                    "French Restaurant",
                    "Tapas Restaurant"
                ],
                "venueName": "Pollen",
                "preference": {
                    "cozy": 0,
                    "authentic": 2,
                    "pastry chef": 1,
                    "good service": 1,
                    "French Restaurant": 2
                },
                "venueNeigh": "Marina South",
                "venueScore": "average",
                "Credit Cards": "Yes",
                "Reservations": "Yes",
                "Dining Options": [
                    "Delivery"
                ],
                "Outdoor Seating": "Yes"
            },
            {
                "imgs": [
                    "73c23068b834b6f0b9e7cc56ce61a626",
                    "fe3ecd1e928cf2c19698dfddc7064b31"
                ],
                "Menus": [
                    "Brunch",
                    "Lunch",
                    "Dinner"
                ],
                "Wi-Fi": "Yes",
                "price": "Moderate",
                "terms": [
                    "good for a late night",
                    "oysters",
                    "authentic",
                    "sea urchin",
                    "trendy",
                    "lively",
                    "steak",
                    "casual",
                    "good for groups",
                    "quail eggs",
                    "brisket",
                    "cozy",
                    "cocktails",
                    "good for dates",
                    "burrata cheese",
                    "meats",
                    "brioche",
                    "bone marrow",
                    "gin",
                    "seafood"
                ],
                "Drinks": [
                    "Full Bar",
                    "Cocktails"
                ],
                "venueCat": [
                    "Australian Restaurant"
                ],
                "venueName": "Burnt Ends",
                "preference": {
                    "pork burger": 1,
                    "good for groups": 2,
                    "Australian Restaurant": 2,
                    "venueNeigh: Chinatown": 1,
                    "drag image to do search": 2
                },
                "venueNeigh": "Chinatown",
                "venueScore": "good",
                "Credit Cards": "Yes",
                "Reservations": "Yes",
                "Dining Options": [
                    "Delivery"
                ],
                "Outdoor Seating": "No"
            },
            {
                "imgs": [],
                "Menus": [
                    "Lunch",
                    "Dinner"
                ],
                "price": "Moderate",
                "terms": [
                    "authentic",
                    "seafood",
                    "traditional cuisine",
                    "Michelin stars",
                    "chicken wings",
                    "vegetarian food",
                    "desserts",
                    "sambal",
                    "pork",
                    "dinner",
                    "durian",
                    "bean salad",
                    "good service",
                    "fish",
                    "shrimp",
                    "great value",
                    "keluah",
                    "squid",
                    "ice cream",
                    "beef rendang"
                ],
                "Restroom": "Yes",
                "venueCat": [
                    "Asian Restaurant",
                    "Malay Restaurant"
                ],
                "venueName": "Candlenut",
                "preference": {
                    "bean salad": 1,
                    "buah keluah": 2,
                    "beef rendang": 1,
                    "Malay Restaurant": 2,
                    "traditional cuisine": 2
                },
                "venueNeigh": "Tanglin",
                "venueScore": "good",
                "Credit Cards": "Yes",
                "Reservations": "Yes",
                "Dining Options": [
                    "No Delivery"
                ],
                "Outdoor Seating": "No",
                "Wheelchair Accessible": "Yes"
            },
            {
                "imgs": [],
                "Menus": [
                    "Brunch",
                    "Lunch",
                    "Dinner"
                ],
                "price": "Expensive",
                "terms": [
                    "plum",
                    "kimchi",
                    "chefs",
                    "salted eggs",
                    "habanero",
                    "homemade food",
                    "healthy food",
                    "cocktails",
                    "pasta",
                    "cozy",
                    "pesto",
                    "pork",
                    "octopus",
                    "Kingfisher",
                    "dinner",
                    "good for dates",
                    "tobiko",
                    "hidden gem",
                    "panna cotta",
                    "squid ink risotto"
                ],
                "Drinks": [
                    "Full Bar",
                    "Cocktails"
                ],
                "venueCat": [
                    "Gastropub"
                ],
                "venueName": "Morsels",
                "preference": {
                    "cozy": 1,
                    "healthy food": 2,
                    "homemade food": 2,
                    "get phone number": 3,
                    "check reservation": 3,
                    "squid ink risotto": 1
                },
                "venueNeigh": "Tanglin",
                "venueScore": "average",
                "Credit Cards": "Yes",
                "Reservations": "Yes",
                "Outdoor Seating": "No"
            }
        ],
        "cnv_cnt": 20,
        "user_setting": "You are looking for a good place for <b>lunch</b> for a <b>group of four people</b>. However, the <b>preference varies</b>.",
        "user_location": "unknown"
    }
}