{
    "id": "1233",
    "dialogue": [
        {
            "turn idx": 0,
            "agent": {
                "transcript": "",
                "img_gts": [],
                "dialog_act": {}
            },
            "user": {
                "transcript": "hi, i am now traveling in singapore with group. as i am a fun of hokkien culture, can help to recommend some local cuisine?",
                "img_gts": [],
                "turn_label": {
                    "venueaddress": "request",
                    "open span: group": "inform",
                    "open span: hokkien": "inform",
                    "placeholder": "greet"
                }
            },
            "bstate": {
                "venueaddress": "request",
                "open span: group": "inform",
                "open span: hokkien": "inform"
            }
        },
        {
            "turn idx": 1,
            "agent": {
                "transcript": "ok, sure, do you have any specific requirements?",
                "img_gts": [],
                "dialog_act": {
                    "open span: preference": "request"
                }
            },
            "user": {
                "transcript": "i like something good for group, maybe some hainanese chicken rice around financial district.",
                "img_gts": [],
                "turn_label": {
                    "open span: good for group": "inform",
                    "open span: chicken rice": "inform",
                    "venueneigh: financial district": "inform"
                }
            },
            "bstate": {
                "venueaddress": "request",
                "open span: group": "inform",
                "open span: hokkien": "inform",
                "open span: preference": "request",
                "open span: good for group": "inform",
                "open span: chicken rice": "inform",
                "venueneigh: financial district": "inform"
            }
        },
        {
            "turn idx": 2,
            "agent": {
                "transcript": "i will recommend maxwell food centre for you. it is the home to tian tian hainanese chicken (as featured by anthony bourdain) and also zhen zhen porridge, also it is located near financial district.",
                "img_gts": [],
                "dialog_act": {
                    "venuename: maxwell food centre": "recommend",
                    "venueneigh: financial district": "inform"
                }
            },
            "user": {
                "transcript": "sounds good, can i get the address of this place?",
                "img_gts": [],
                "turn_label": {
                    "venueaddress": "request",
                    "open span: sound good": "inform",
                    "venuename: maxwell food centre": "confirm"
                }
            },
            "bstate": {
                "open span: group": "inform",
                "open span: hokkien": "inform",
                "open span: good for group": "inform",
                "open span: chicken rice": "inform",
                "venueneigh: financial district": "inform",
                "venueaddress": "request",
                "open span: sound good": "inform",
                "venuename: maxwell food centre": "confirm"
            }
        },
        {
            "turn idx": 3,
            "agent": {
                "transcript": "1 kadayanallur st 069184 singapore.",
                "img_gts": [],
                "dialog_act": {
                    "venueaddress: 1 kadayanallur st 069184 singapore": "inform"
                }
            },
            "user": {
                "transcript": "thanks, and i also want to visit some old buildings and worship mazu temple here, maybe near chinatown, do you have any recommendations?",
                "img_gts": [],
                "turn_label": {
                    "open span: recommendation": "request",
                    "venueneigh: chinatown": "inform",
                    "open span: temple": "inform",
                    "open span: mazu": "inform"
                }
            },
            "bstate": {
                "open span: group": "inform",
                "open span: hokkien": "inform",
                "open span: good for group": "inform",
                "open span: chicken rice": "inform",
                "open span: sound good": "inform",
                "venuename: maxwell food centre": "confirm",
                "venueaddress: 1 kadayanallur st 069184 singapore": "inform",
                "open span: recommendation": "request",
                "venueneigh: chinatown": "inform",
                "open span: temple": "inform",
                "open span: mazu": "inform"
            }
        },
        {
            "turn idx": 4,
            "agent": {
                "transcript": "i will recommend thian hock keng, also known as the tianfu temple for you, is a temple built for the worship of mazu, a chinese sea goddess, located in singapore. it is the oldest and most important temple of the hokkien people in the country.",
                "img_gts": [],
                "dialog_act": {
                    "venuename: thian hock keng": "recommend",
                    "open span: hokkien": "inform",
                    "open span: temple": "inform",
                    "open span: mazu": "inform"
                }
            },
            "user": {
                "transcript": "sounds great, can i get some tips of this place?",
                "img_gts": [],
                "turn_label": {
                    "venuename: thian hock keng": "confirm",
                    "open span: tip or suggestion": "request"
                }
            },
            "bstate": {
                "open span: group": "inform",
                "open span: hokkien": "inform",
                "open span: good for group": "inform",
                "open span: chicken rice": "inform",
                "open span: sound good": "inform",
                "venueaddress: 1 kadayanallur st 069184 singapore": "inform",
                "venueneigh: chinatown": "inform",
                "open span: temple": "inform",
                "open span: mazu": "inform",
                "venuename: thian hock keng": "confirm",
                "open span: tip or suggestion": "request"
            }
        },
        {
            "turn idx": 5,
            "agent": {
                "transcript": "beautiful old temple near telok ayer. i would say one of the most beautiful if not the most beautiful temples in singapore. very peaceful atmosphere and beautiful architecture. must see.",
                "img_gts": [],
                "dialog_act": {
                    "open span: temple": "inform"
                }
            },
            "user": {
                "transcript": "ok, thanks, i also want to do biking and picnics near the beach, do you have any recommendations?",
                "img_gts": [],
                "turn_label": {
                    "open span: picnic": "inform",
                    "open span: recommendation": "request",
                    "open span: biking": "inform"
                }
            },
            "bstate": {
                "open span: group": "inform",
                "open span: hokkien": "inform",
                "open span: good for group": "inform",
                "open span: chicken rice": "inform",
                "open span: sound good": "inform",
                "venueaddress: 1 kadayanallur st 069184 singapore": "inform",
                "venueneigh: chinatown": "inform",
                "open span: temple": "inform",
                "open span: mazu": "inform",
                "venuename: thian hock keng": "confirm",
                "open span: picnic": "inform",
                "open span: recommendation": "request",
                "open span: biking": "inform"
            }
        },
        {
            "turn idx": 6,
            "agent": {
                "transcript": "i will recommend east coast park for you, it  is a beach park encompassing the planning areas of marine parade, bedok and tampines, along the southeastern coast of singapore. it was opened in the 1970s, when the government completed reclaiming land off the coast at katong which extends from changi to kallang. it serves various seaside communities such as kallang, marine parade and bedok.",
                "img_gts": [],
                "dialog_act": {
                    "open span: beach park": "inform",
                    "venuename: east coast park": "recommend",
                    "venueneigh: tampines": "inform",
                    "venueneigh: kallang": "inform",
                    "venueneigh: marine parade": "inform",
                    "venueneigh: changi": "inform",
                    "venueneigh: bedok": "inform"
                }
            },
            "user": {
                "transcript": "can i have some tips about this place?",
                "img_gts": [],
                "turn_label": {
                    "venuename: east coast park": "confirm",
                    "open span: tip or suggestion": "request"
                }
            },
            "bstate": {
                "open span: group": "inform",
                "open span: hokkien": "inform",
                "open span: good for group": "inform",
                "open span: chicken rice": "inform",
                "open span: sound good": "inform",
                "venueaddress: 1 kadayanallur st 069184 singapore": "inform",
                "open span: temple": "inform",
                "open span: mazu": "inform",
                "open span: picnic": "inform",
                "open span: biking": "inform",
                "open span: beach park": "inform",
                "venueneigh: bedok": "inform",
                "venuename: east coast park": "confirm",
                "open span: tip or suggestion": "request"
            }
        },
        {
            "turn idx": 7,
            "agent": {
                "transcript": "the original local beach. sand is not as fine as sentosa, but place has this charming and chilled vibe. very relaxing place for a stroll or bike ride.\ngreat place for hanging out people watching or looking out over the hundreds of ships anchored there. go for evening stroll ir a great local meal. :-).",
                "img_gts": [],
                "dialog_act": {
                    "venueneigh: sentosa": "inform"
                }
            },
            "user": {
                "transcript": "thanks for your information, i'd like to go these places.",
                "img_gts": [],
                "turn_label": {}
            },
            "bstate": {
                "open span: group": "inform",
                "open span: hokkien": "inform",
                "open span: good for group": "inform",
                "open span: chicken rice": "inform",
                "open span: sound good": "inform",
                "venueaddress: 1 kadayanallur st 069184 singapore": "inform",
                "open span: temple": "inform",
                "open span: mazu": "inform",
                "open span: picnic": "inform",
                "open span: biking": "inform",
                "open span: beach park": "inform",
                "venuename: east coast park": "confirm",
                "venueneigh: sentosa": "inform"
            }
        },
        {
            "turn idx": 8,
            "agent": {
                "transcript": "no problem, anything else i can help?",
                "img_gts": [],
                "dialog_act": {
                    "open span: anything else": "request"
                }
            },
            "user": {
                "transcript": "i also want to know some places near chinatown with some pictures, do you have any?",
                "img_gts": [],
                "turn_label": {
                    "venueneigh": "request",
                    "open span: image": "request",
                    "venueneigh: chinatown": "inform"
                }
            },
            "bstate": {
                "open span: group": "inform",
                "open span: hokkien": "inform",
                "open span: good for group": "inform",
                "open span: chicken rice": "inform",
                "open span: sound good": "inform",
                "venueaddress: 1 kadayanallur st 069184 singapore": "inform",
                "open span: temple": "inform",
                "open span: mazu": "inform",
                "open span: picnic": "inform",
                "open span: biking": "inform",
                "open span: beach park": "inform",
                "venuename: east coast park": "confirm",
                "open span: anything else": "request",
                "open span: image": "request",
                "venueneigh: chinatown": "inform"
            }
        },
        {
            "turn idx": 9,
            "agent": {
                "transcript": "please see this place called ann siang hill with some pictures.",
                "img_gts": [
                    "resort",
                    "street corner"
                ],
                "dialog_act": {
                    "open span: image": "inform",
                    "venuename: ann siang hill": "recommend",
                    "img_gts: resort, street corner": "inform"
                }
            },
            "user": {
                "transcript": "ah, great, may i know the address of this place?",
                "img_gts": [],
                "turn_label": {
                    "venueaddress": "request",
                    "venuename: ann siang hill": "confirm"
                }
            },
            "bstate": {
                "open span: group": "inform",
                "open span: hokkien": "inform",
                "open span: good for group": "inform",
                "open span: chicken rice": "inform",
                "open span: sound good": "inform",
                "open span: temple": "inform",
                "open span: mazu": "inform",
                "open span: picnic": "inform",
                "open span: biking": "inform",
                "open span: beach park": "inform",
                "open span: image": "inform",
                "venueneigh: chinatown": "inform",
                "img_gts: resort, street corner": "inform",
                "venueaddress": "request",
                "venuename: ann siang hill": "confirm"
            }
        },
        {
            "turn idx": 10,
            "agent": {
                "transcript": "ann siang road (ann siang road) singapore.",
                "img_gts": [],
                "dialog_act": {
                    "venueaddress: ann siang road (ann siang road) singapore": "inform"
                }
            },
            "user": {
                "transcript": "ok, thanks a lot.",
                "img_gts": [],
                "turn_label": {}
            },
            "bstate": {
                "open span: group": "inform",
                "open span: hokkien": "inform",
                "open span: good for group": "inform",
                "open span: chicken rice": "inform",
                "open span: sound good": "inform",
                "open span: temple": "inform",
                "open span: mazu": "inform",
                "open span: picnic": "inform",
                "open span: biking": "inform",
                "open span: beach park": "inform",
                "open span: image": "inform",
                "venueneigh: chinatown": "inform",
                "img_gts: resort, street corner": "inform",
                "venuename: ann siang hill": "confirm",
                "venueaddress: ann siang road (ann siang road) singapore": "inform"
            }
        },
        {
            "turn idx": 11,
            "agent": {
                "transcript": "anything else i can help?",
                "img_gts": [],
                "dialog_act": {
                    "open span: anything else": "request"
                }
            },
            "user": {
                "transcript": "nope, thanks.",
                "img_gts": [],
                "turn_label": {
                    "open span: anything else": "negate",
                    "placeholder": "bye"
                }
            },
            "bstate": {
                "open span: group": "inform",
                "open span: hokkien": "inform",
                "open span: good for group": "inform",
                "open span: chicken rice": "inform",
                "open span: sound good": "inform",
                "open span: temple": "inform",
                "open span: mazu": "inform",
                "open span: picnic": "inform",
                "open span: biking": "inform",
                "open span: beach park": "inform",
                "open span: image": "inform",
                "venueneigh: chinatown": "inform",
                "img_gts: resort, street corner": "inform",
                "venuename: ann siang hill": "confirm",
                "venueaddress: ann siang road (ann siang road) singapore": "inform"
            }
        }
    ],
    "user rating": 5,
    "user setting": "you are a fan of <b>hokkien culture</b> and travel with <b>group</b>. plan to try <b>local cusine</b>, visit <b>old building</b> and worship <b>mazu</b> in oldest <b>temple</b> here. you also want to pay a visit to <b>park</b> to do <b>biking</b> with your friends.",
    "goal": {
        "id": 1456,
        "type": "multiple",
        "modality": "multiple",
        "content": [
            {
                "imgs": [
                    "8e09ec9ec8bd6e4646300a364c37b70b",
                    "4c87e02838aedc93fe1f7b383a443694"
                ],
                "terms": [
                    "good for a quick meal",
                    "potato balls",
                    "char siu",
                    "tapioca",
                    "lively",
                    "lao ban",
                    "Hainanese chicken rice",
                    "cake",
                    "Thai food",
                    "banana fritters",
                    "family-friendly",
                    "noodles",
                    "oyster cake",
                    "good for groups",
                    "soup",
                    "casual",
                    "authentic",
                    "breakfast food",
                    "tea",
                    "tian hainanese"
                ],
                "venueCat": [
                    "Food Court"
                ],
                "venueName": "Maxwell Food Centre",
                "preference": {
                    "Food Court": 1,
                    "get address": 3,
                    "good for groups": 2,
                    "Financial District": 1,
                    "good for a quick meal": 0,
                    "Hainanese chicken rice": 1
                },
                "venueNeigh": "Financial District",
                "venueScore": "good",
                "Credit Cards": "No",
                "Dining Options": [
                    "Take-out"
                ]
            },
            {
                "imgs": [
                    "60c3bd25c9b7fc39323d7d74461beda6",
                    "4ecd8a39cfe569933e58e9509d716961"
                ],
                "terms": [],
                "venueCat": [
                    "Other Great Outdoors",
                    "Scenic Lookout",
                    "Government Building"
                ],
                "venueName": "Ann Siang Hill",
                "preference": {
                    "Chinatown": 2,
                    "get address": 3,
                    "drag image to do search": 2
                },
                "venueNeigh": "Chinatown",
                "venueScore": "good"
            },
            {
                "imgs": [
                    "5a8acaea0c4fe543b650c8a8a4f6f921",
                    "cccdcc253e6bd74cac0c055bba575515"
                ],
                "terms": [
                    "roller blading",
                    "ice cream",
                    "beach",
                    "scenic views",
                    "seafood",
                    "biking",
                    "burgers",
                    "fresh air",
                    "romantic",
                    "sea breeze",
                    "running trail",
                    "cycling",
                    "barbecue",
                    "crab",
                    "fishing",
                    "breakfast food",
                    "changi",
                    "quiet",
                    "casual",
                    "picnics"
                ],
                "venueCat": [
                    "Beach",
                    "Park",
                    "Campground"
                ],
                "venueName": "East Coast Park",
                "preference": {
                    "beach": 0,
                    "biking": 2,
                    "cycling": 1,
                    "picnics": 1,
                    "get tips": 3,
                    "roller blading": 0
                },
                "venueNeigh": "Bedok",
                "venueScore": "excellent"
            },
            {
                "imgs": [],
                "terms": [
                    "restoration",
                    "architecture",
                    "quiet",
                    "buddha",
                    "oldest"
                ],
                "venueCat": [
                    "Temple",
                    "Historic Site"
                ],
                "venueName": "Thian Hock Keng",
                "preference": {
                    "Mazu": 2,
                    "Temple": 2,
                    "oldest": 1,
                    "get tips": 3
                },
                "venueNeigh": "Chinatown",
                "venueScore": "average"
            }
        ],
        "cnv_cnt": 20,
        "user_setting": "You are a fan of <b>Hokkien culture</b> and travel with <b>group</b>. Plan to try <b>local cusine</b>, visit <b>old building</b> and worship <b>Mazu</b> in oldest <b>Temple</b> here. You also want to pay a visit to <b>park</b> to do <b>biking</b> with your friends.",
        "user_location": "unknown"
    }
}