{
    "id": "1248",
    "dialogue": [
        {
            "turn idx": 0,
            "agent": {
                "transcript": "",
                "img_gts": [],
                "dialog_act": {}
            },
            "user": {
                "transcript": "hi, i am looking for a landmark hotel to stay in with my girlfriend, preferably in the financial district.",
                "img_gts": [],
                "turn_label": {
                    "open span: hotel": "inform",
                    "open span: landmark": "inform",
                    "venueneigh: financial district": "inform",
                    "placeholder": "greet"
                }
            },
            "bstate": {
                "open span: hotel": "inform",
                "open span: landmark": "inform",
                "venueneigh: financial district": "inform"
            }
        },
        {
            "turn idx": 1,
            "agent": {
                "transcript": "hi, there are many hotels in that area. would you have any other preferences i can look into?",
                "img_gts": [],
                "dialog_act": {
                    "open span: hotel": "inform",
                    "open span: preference": "request",
                    "open span: any other": "request"
                }
            },
            "user": {
                "transcript": "i have a picture like this and i heard that there is a casino there and a nice infinity pool with scenic views.",
                "img_gts": [
                    "marina bay sands"
                ],
                "turn_label": {
                    "open span: image": "inform",
                    "open span: scenic view": "inform",
                    "open span: casino": "inform",
                    "open span: infinity pool": "inform",
                    "img_gts: marina bay sands": "inform"
                }
            },
            "bstate": {
                "open span: hotel": "inform",
                "open span: landmark": "inform",
                "venueneigh: financial district": "inform",
                "open span: preference": "request",
                "open span: any other": "request",
                "open span: image": "inform",
                "open span: scenic view": "inform",
                "open span: casino": "inform",
                "open span: infinity pool": "inform",
                "img_gts: marina bay sands": "inform"
            }
        },
        {
            "turn idx": 2,
            "agent": {
                "transcript": "marina bay sands would be great for you!",
                "img_gts": [],
                "dialog_act": {
                    "venuename: marina bay sands": "recommend"
                }
            },
            "user": {
                "transcript": "could i get their phone number, please?",
                "img_gts": [],
                "turn_label": {
                    "telephone": "request"
                }
            },
            "bstate": {
                "open span: hotel": "inform",
                "open span: landmark": "inform",
                "venueneigh: financial district": "inform",
                "open span: image": "inform",
                "open span: scenic view": "inform",
                "open span: casino": "inform",
                "open span: infinity pool": "inform",
                "img_gts: marina bay sands": "inform",
                "venuename: marina bay sands": "recommend",
                "telephone": "request"
            }
        },
        {
            "turn idx": 3,
            "agent": {
                "transcript": "sure, it is +65 6688 8888.",
                "img_gts": [],
                "dialog_act": {
                    "telephone: +65 6688 8888": "inform"
                }
            },
            "user": {
                "transcript": "great! i am also looking for a place to go shopping along orchard road for some cosmetics for my girlfriend.",
                "img_gts": [],
                "turn_label": {
                    "open span: cosmetic": "inform",
                    "open span: mall": "inform",
                    "venuename: marina bay sands": "confirm",
                    "venueneigh: orchard road": "inform"
                }
            },
            "bstate": {
                "open span: hotel": "inform",
                "open span: landmark": "inform",
                "open span: image": "inform",
                "open span: scenic view": "inform",
                "open span: casino": "inform",
                "open span: infinity pool": "inform",
                "img_gts: marina bay sands": "inform",
                "telephone: +65 66888888": "inform",
                "open span: cosmetic": "inform",
                "open span: mall": "inform",
                "venuename: marina bay sands": "confirm",
                "venueneigh: orchard road": "inform"
            }
        },
        {
            "turn idx": 4,
            "agent": {
                "transcript": "there are many shopping malls around orchard road that sell cosmetics. is there anything else you're looking for?",
                "img_gts": [],
                "dialog_act": {
                    "open span: cosmetic": "inform",
                    "open span: anything else": "request",
                    "open span: mall": "inform",
                    "venueneigh: orchard road": "inform"
                }
            },
            "user": {
                "transcript": "we heard that it is a nice place to celebrate christmas and we would also like to try an island cafe!",
                "img_gts": [],
                "turn_label": {
                    "open span: island coffee": "inform",
                    "open span: christmas": "inform"
                }
            },
            "bstate": {
                "open span: hotel": "inform",
                "open span: landmark": "inform",
                "open span: image": "inform",
                "open span: scenic view": "inform",
                "open span: casino": "inform",
                "open span: infinity pool": "inform",
                "img_gts: marina bay sands": "inform",
                "telephone: +65 66888888": "inform",
                "open span: cosmetic": "inform",
                "open span: mall": "inform",
                "venuename: marina bay sands": "confirm",
                "open span: anything else": "request",
                "venueneigh: orchard road": "inform",
                "open span: island coffee": "inform",
                "open span: christmas": "inform"
            }
        },
        {
            "turn idx": 5,
            "agent": {
                "transcript": "you could try tangs! tangs is a department store located on orchard road in singapore. the store is regarded as a principal shopping destination in the city, comparable to bloomingdale's in new york city and selfridges in london.",
                "img_gts": [],
                "dialog_act": {
                    "venuename: tangs": "recommend",
                    "open span: mall": "inform",
                    "venueneigh: orchard road": "inform"
                }
            },
            "user": {
                "transcript": "that sounds good! do you have any tips?",
                "img_gts": [],
                "turn_label": {
                    "venuename: tangs": "confirm",
                    "open span: tip or suggestion": "request"
                }
            },
            "bstate": {
                "open span: hotel": "inform",
                "open span: landmark": "inform",
                "open span: image": "inform",
                "open span: scenic view": "inform",
                "open span: casino": "inform",
                "open span: infinity pool": "inform",
                "img_gts: marina bay sands": "inform",
                "telephone: +65 66888888": "inform",
                "open span: cosmetic": "inform",
                "open span: mall": "inform",
                "open span: island coffee": "inform",
                "open span: christmas": "inform",
                "venueneigh: orchard road": "inform",
                "venuename: tangs": "confirm",
                "open span: tip or suggestion": "request"
            }
        },
        {
            "turn idx": 6,
            "agent": {
                "transcript": "best department store in singapore. especially like their range of fragrances, plus they stock shinola. is there anything else i can help with?",
                "img_gts": [],
                "dialog_act": {
                    "open span: mall": "inform",
                    "open span: anything else": "request"
                }
            },
            "user": {
                "transcript": "no, thank you!",
                "img_gts": [],
                "turn_label": {
                    "open span: anything else": "negate",
                    "placeholder": "bye"
                }
            },
            "bstate": {
                "open span: hotel": "inform",
                "open span: landmark": "inform",
                "open span: image": "inform",
                "open span: scenic view": "inform",
                "open span: casino": "inform",
                "open span: infinity pool": "inform",
                "img_gts: marina bay sands": "inform",
                "telephone: +65 66888888": "inform",
                "open span: cosmetic": "inform",
                "open span: mall": "inform",
                "open span: island coffee": "inform",
                "open span: christmas": "inform",
                "venueneigh: orchard road": "inform",
                "venuename: tangs": "confirm"
            }
        }
    ],
    "user rating": 5,
    "user setting": "you are travel with your <b>girl friend</b> for <b>christmas</b>. plan to stay in <b>landmark hotel</b> and do <b>shopping</b> in <b>orchard road</b>.",
    "goal": {
        "id": 1444,
        "type": "multiple",
        "modality": "multiple",
        "content": [
            {
                "imgs": [
                    "f205d5a3b66776370b9116476457d7a1"
                ],
                "terms": [
                    "casinos",
                    "malls",
                    "infinity pool",
                    "56th floor",
                    "architecture",
                    "rooftop bar",
                    "casual",
                    "gardens",
                    "science museums",
                    "skypark",
                    "marinas",
                    "music",
                    "desserts",
                    "hotel",
                    "scenic views",
                    "coffee",
                    "breakfast food",
                    "tours",
                    "landmarks"
                ],
                "venueCat": [
                    "Resort"
                ],
                "venueName": "Marina Bay Sands",
                "preference": {
                    "casinos": 2,
                    "infinity pool": 1,
                    "get phone number": 3,
                    "drag image to do search": 1,
                    "venueNeigh: Financial District": 2
                },
                "venueNeigh": "Financial District",
                "venueScore": "excellent",
                "Credit Cards": "Yes"
            },
            {
                "imgs": [],
                "Wi-Fi": "Yes",
                "terms": [
                    "cosmetics",
                    "Christmas",
                    "accessories",
                    "ice cream",
                    "laksa",
                    "Plaza",
                    "shoes",
                    "food courts",
                    "California rolls",
                    "lunch",
                    "discounts",
                    "basement",
                    "coffee",
                    "tangs",
                    "dresses",
                    "gifts",
                    "island cafe",
                    "appliances",
                    "store in singapore",
                    "spa"
                ],
                "venueCat": [
                    "Department Store"
                ],
                "venueName": "Tangs",
                "preference": {
                    "Christmas": 2,
                    "cosmetics": 2,
                    "island cafe": 1,
                    "Orchard Road": 2,
                    "get useful tips": 3
                },
                "venueNeigh": "Orchard Road",
                "venueScore": "average",
                "Credit Cards": "Yes"
            }
        ],
        "cnv_cnt": 20,
        "user_setting": "You are travel with your <b>girl friend</b> for <b>Christmas</b>. Plan to stay in <b>landmark hotel</b> and do <b>shopping</b> in <b>Orchard Road</b>.",
        "user_location": "Orchard Road"
    }
}