{
    "id": "1264",
    "dialogue": [
        {
            "turn idx": 0,
            "agent": {
                "transcript": "",
                "img_gts": [],
                "dialog_act": {}
            },
            "user": {
                "transcript": "hi i am planning a date, find me an excellent speakeasy bar with bar snacks.",
                "img_gts": [],
                "turn_label": {
                    "menus: bar snacks": "inform",
                    "menus: bar snack": "inform",
                    "placeholder": "greet"
                }
            },
            "bstate": {
                "menus: bar snacks": "inform",
                "menus: bar snack": "inform"
            }
        },
        {
            "turn idx": 1,
            "agent": {
                "transcript": "you can go to the other room! it is an amazing place with nice music.",
                "img_gts": [],
                "dialog_act": {
                    "venuename: the other room": "recommend"
                }
            },
            "user": {
                "transcript": "okay. can you check its reservations?",
                "img_gts": [],
                "turn_label": {
                    "reservations": "request",
                    "venuename: the other room": "confirm"
                }
            },
            "bstate": {
                "menus: bar snacks": "inform",
                "menus: bar snack": "inform",
                "reservations": "request",
                "venuename: the other room": "confirm"
            }
        },
        {
            "turn idx": 2,
            "agent": {
                "transcript": "yes you can make reservations.",
                "img_gts": [],
                "dialog_act": {
                    "reservations: yes": "inform",
                    "open span: yes": "inform"
                }
            },
            "user": {
                "transcript": "can you suggest a relax river cruise that is casual and has scenic views?",
                "img_gts": [],
                "turn_label": {
                    "open span: river cruise": "inform",
                    "open span: scenic view": "inform",
                    "open span: casual": "inform",
                    "open span: relax": "inform"
                }
            },
            "bstate": {
                "menus: bar snacks": "inform",
                "menus: bar snack": "inform",
                "venuename: the other room": "confirm",
                "reservations: yes": "inform",
                "open span: yes": "inform",
                "open span: river cruise": "inform",
                "open span: scenic view": "inform",
                "open span: casual": "inform",
                "open span: relax": "inform"
            }
        },
        {
            "turn idx": 3,
            "agent": {
                "transcript": "you can go to singapore river, good for sightseeing.",
                "img_gts": [
                    "waterside cityview",
                    "exhibits/playground"
                ],
                "dialog_act": {
                    "open span: sightseeing": "inform",
                    "open span: image": "inform",
                    "venueneigh: singapore river": "inform",
                    "img_gts: waterside cityview, exhibits/playground": "inform"
                }
            },
            "user": {
                "transcript": "okay, give me useful tips.",
                "img_gts": [],
                "turn_label": {
                    "venuename: singapore river": "confirm",
                    "open span: tip or suggestion": "request"
                }
            },
            "bstate": {
                "menus: bar snacks": "inform",
                "menus: bar snack": "inform",
                "reservations: yes": "inform",
                "open span: yes": "inform",
                "open span: river cruise": "inform",
                "open span: scenic view": "inform",
                "open span: casual": "inform",
                "open span: relax": "inform",
                "open span: sightseeing": "inform",
                "open span: image": "inform",
                "venueneigh: singapore river": "inform",
                "img_gts: waterside cityview, exhibits/playground": "inform",
                "venuename: singapore river": "confirm",
                "open span: tip or suggestion": "request"
            }
        },
        {
            "turn idx": 4,
            "agent": {
                "transcript": "enjoy crossing the river using the boats day and night. also nicer in the evenings. anything else i can help?",
                "img_gts": [],
                "dialog_act": {
                    "open span: anything else": "request"
                }
            },
            "user": {
                "transcript": "nothing else. thanks.",
                "img_gts": [],
                "turn_label": {
                    "open span: anything else": "negate",
                    "placeholder": "bye"
                }
            },
            "bstate": {
                "menus: bar snacks": "inform",
                "menus: bar snack": "inform",
                "reservations: yes": "inform",
                "open span: yes": "inform",
                "open span: river cruise": "inform",
                "open span: scenic view": "inform",
                "open span: casual": "inform",
                "open span: relax": "inform",
                "open span: sightseeing": "inform",
                "open span: image": "inform",
                "venueneigh: singapore river": "inform",
                "img_gts: waterside cityview, exhibits/playground": "inform",
                "venuename: singapore river": "confirm"
            }
        },
        {
            "turn idx": 5,
            "agent": {
                "transcript": "enjoy.",
                "img_gts": [],
                "dialog_act": {
                    "placeholder": "bye"
                }
            },
            "user": {
                "transcript": "",
                "img_gts": [],
                "turn_label": {}
            },
            "bstate": {
                "menus: bar snacks": "inform",
                "menus: bar snack": "inform",
                "reservations: yes": "inform",
                "open span: yes": "inform",
                "open span: river cruise": "inform",
                "open span: scenic view": "inform",
                "open span: casual": "inform",
                "open span: relax": "inform",
                "open span: sightseeing": "inform",
                "open span: image": "inform",
                "venueneigh: singapore river": "inform",
                "img_gts: waterside cityview, exhibits/playground": "inform",
                "venuename: singapore river": "confirm"
            }
        }
    ],
    "user rating": 4,
    "user setting": "you are planning a <b>date</b>. looking for an <b>excellent</b> <b>speakeasy bar</b> and hoping to enjoy a relax <b>river cruise</b>.",
    "goal": {
        "id": 1455,
        "type": "multiple",
        "modality": "multiple",
        "content": [
            {
                "imgs": [],
                "Menus": [
                    "Bar Snacks",
                    "Tasting Menu"
                ],
                "Music": "Yes",
                "price": "Expensive",
                "terms": [
                    "cocktails",
                    "vermouth",
                    "tours",
                    "nice music",
                    "happy face",
                    "casks finish",
                    "liquor"
                ],
                "Drinks": [
                    "Cocktails"
                ],
                "Parking": [
                    "Yes"
                ],
                "Restroom": "Yes",
                "venueCat": [
                    "Speakeasy"
                ],
                "venueName": "The Other Room",
                "preference": {
                    "vermouth": 1,
                    "Speakeasy": 2,
                    "nice music": 1,
                    "check Reservations": 3,
                    "venueScore: excellent": 2
                },
                "venueNeigh": "Orchard Road",
                "venueScore": "excellent",
                "Credit Cards": "Yes",
                "Reservations": "Yes",
                "Dining Options": [
                    "Bar Service"
                ],
                "Wheelchair Accessible": "Yes"
            },
            {
                "imgs": [
                    "5961a0463fcdc77b881c7014520b738d",
                    "7f6b5967346ce9006666b66349b60199"
                ],
                "terms": [
                    "dinner",
                    "casual",
                    "hookah",
                    "river cruise",
                    "lunch",
                    "tours",
                    "clean",
                    "scenic views"
                ],
                "venueCat": [
                    "River",
                    "Other Great Outdoors",
                    "Scenic Lookout"
                ],
                "venueName": "Singapore River",
                "preference": {
                    "river cruise": 2,
                    "get useful tips": 3,
                    "venueScore: good": 2,
                    "drag image to do search": 1,
                    "venueNeigh: Singapore River": 1
                },
                "venueNeigh": "Singapore River",
                "venueScore": "good",
                "Credit Cards": "No"
            }
        ],
        "cnv_cnt": 20,
        "user_setting": "You are planning a <b>date</b>. Looking for an <b>excellent</b> <b>Speakeasy bar</b> and hoping to enjoy a relax <b>river cruise</b>.",
        "user_location": "unknown"
    }
}