{
    "id": "1272",
    "dialogue": [
        {
            "turn idx": 0,
            "agent": {
                "transcript": "",
                "img_gts": [],
                "dialog_act": {}
            },
            "user": {
                "transcript": "hi! i am looking for a shopping mall around heritage district. where would be a good place to go to?",
                "img_gts": [],
                "turn_label": {
                    "open span: mall": "inform",
                    "venueneigh: heritage district": "inform",
                    "placeholder": "greet"
                }
            },
            "bstate": {
                "open span: mall": "inform",
                "venueneigh: heritage district": "inform"
            }
        },
        {
            "turn idx": 1,
            "agent": {
                "transcript": "hi! any other preferences?",
                "img_gts": [],
                "dialog_act": {
                    "open span: preference": "request",
                    "open span: any other": "request"
                }
            },
            "user": {
                "transcript": "im craving for curry rice and hope to watch movies and sing karoake at night too!",
                "img_gts": [],
                "turn_label": {
                    "open span: movie": "inform",
                    "open span: curry rice": "inform",
                    "open span: karaoke": "inform"
                }
            },
            "bstate": {
                "open span: mall": "inform",
                "venueneigh: heritage district": "inform",
                "open span: preference": "request",
                "open span: any other": "request",
                "open span: movie": "inform",
                "open span: curry rice": "inform",
                "open span: karaoke": "inform"
            }
        },
        {
            "turn idx": 2,
            "agent": {
                "transcript": "i see. you should definitely go to bugis+ then. it has a variety of food options and there is a karaoke and movie theatre there too!",
                "img_gts": [
                    "name board",
                    "building"
                ],
                "dialog_act": {
                    "open span: karaoke": "inform",
                    "open span: food": "inform",
                    "open span: image": "inform",
                    "venuename: bugis+": "recommend",
                    "img_gts: name board, building": "inform"
                }
            },
            "user": {
                "transcript": "perfect! thank you so much!!",
                "img_gts": [],
                "turn_label": {
                    "venuename: bugis+": "confirm",
                    "open span: perfect": "inform"
                }
            },
            "bstate": {
                "open span: mall": "inform",
                "venueneigh: heritage district": "inform",
                "open span: movie": "inform",
                "open span: curry rice": "inform",
                "open span: karaoke": "inform",
                "open span: food": "inform",
                "open span: image": "inform",
                "img_gts: name board, building": "inform",
                "venuename: bugis+": "confirm",
                "open span: perfect": "inform"
            }
        },
        {
            "turn idx": 3,
            "agent": {
                "transcript": "any other things that i can help you with?",
                "img_gts": [],
                "dialog_act": {
                    "open span: any other": "request"
                }
            },
            "user": {
                "transcript": "is there any useful tips that i can get?",
                "img_gts": [],
                "turn_label": {
                    "open span: tip or suggestion": "request"
                }
            },
            "bstate": {
                "open span: mall": "inform",
                "venueneigh: heritage district": "inform",
                "open span: movie": "inform",
                "open span: curry rice": "inform",
                "open span: karaoke": "inform",
                "open span: food": "inform",
                "open span: image": "inform",
                "img_gts: name board, building": "inform",
                "venuename: bugis+": "confirm",
                "open span: perfect": "inform",
                "open span: any other": "request",
                "open span: tip or suggestion": "request"
            }
        },
        {
            "turn idx": 4,
            "agent": {
                "transcript": "hmm. you may also visit bugis junction, which is nearby the mall! also if you love to shop, bugis+ would be a good place to find cheap clothes.",
                "img_gts": [],
                "dialog_act": {
                    "open span: mall": "inform",
                    "venuename: bugis junction": "recommend",
                    "venuename: bugis+": "recommend"
                }
            },
            "user": {
                "transcript": "great thank u! that is all i need. good bye.",
                "img_gts": [],
                "turn_label": {
                    "venuename: bugis+": "confirm",
                    "placeholder": "bye"
                }
            },
            "bstate": {
                "open span: mall": "inform",
                "venueneigh: heritage district": "inform",
                "open span: movie": "inform",
                "open span: curry rice": "inform",
                "open span: karaoke": "inform",
                "open span: food": "inform",
                "open span: image": "inform",
                "img_gts: name board, building": "inform",
                "open span: perfect": "inform",
                "venuename: bugis+": "confirm"
            }
        },
        {
            "turn idx": 5,
            "agent": {
                "transcript": "goodbye!",
                "img_gts": [],
                "dialog_act": {
                    "placeholder": "bye"
                }
            },
            "user": {
                "transcript": "",
                "img_gts": [],
                "turn_label": {}
            },
            "bstate": {
                "open span: mall": "inform",
                "venueneigh: heritage district": "inform",
                "open span: movie": "inform",
                "open span: curry rice": "inform",
                "open span: karaoke": "inform",
                "open span: food": "inform",
                "open span: image": "inform",
                "img_gts: name board, building": "inform",
                "open span: perfect": "inform",
                "venuename: bugis+": "confirm"
            }
        }
    ],
    "user rating": 4,
    "user setting": "you are a shopping lover, looking for a <b>shoping mall</b> around <b>heritage district</b>.",
    "goal": {
        "id": 1449,
        "type": "single",
        "modality": "multiple",
        "content": [
            {
                "imgs": [
                    "72820e19e0a8a30001f7e4dfe7067f65"
                ],
                "Wi-Fi": "Yes",
                "terms": [
                    "curry rice",
                    "ice cream",
                    "ramen",
                    "darts",
                    "caf\u00e9",
                    "food courts",
                    "movies",
                    "uniqlo",
                    "churros",
                    "shoes",
                    "wifi",
                    "seafood",
                    "dinner",
                    "bugis junction",
                    "tea",
                    "dancing",
                    "bugis",
                    "cute",
                    "spacious",
                    "karaoke"
                ],
                "venueCat": [
                    "Shopping Mall"
                ],
                "venueName": "Bugis+",
                "preference": {
                    "get useful tips": 3,
                    "Heritage District": 2,
                    "venueCat:Shopping Mall": 2,
                    "drag image to do search": 0
                },
                "venueNeigh": "Heritage District",
                "venueScore": "average",
                "Credit Cards": "Yes"
            }
        ],
        "cnv_cnt": 20,
        "user_setting": "You are a shopping lover, looking for a <b>shoping mall</b> around <b>Heritage District</b>.",
        "user_location": "unknown"
    }
}