{
    "id": "1376",
    "dialogue": [
        {
            "turn idx": 0,
            "agent": {
                "transcript": "",
                "img_gts": [],
                "dialog_act": {}
            },
            "user": {
                "transcript": "hi, i am looking for a quiet beach were i can go biking and enjoy the sea breeze.",
                "img_gts": [],
                "turn_label": {
                    "open span: quiet": "inform",
                    "open span: biking": "inform",
                    "open span: beach": "inform",
                    "open span: sea breeze": "inform",
                    "placeholder": "greet"
                }
            },
            "bstate": {
                "open span: quiet": "inform",
                "open span: biking": "inform",
                "open span: beach": "inform",
                "open span: sea breeze": "inform"
            }
        },
        {
            "turn idx": 1,
            "agent": {
                "transcript": "you can head to east coast park!",
                "img_gts": [],
                "dialog_act": {
                    "venuename: east coast park": "recommend"
                }
            },
            "user": {
                "transcript": "do you have any tips?",
                "img_gts": [],
                "turn_label": {
                    "venuename: east coast park": "confirm",
                    "open span: tip or suggestion": "request"
                }
            },
            "bstate": {
                "open span: quiet": "inform",
                "open span: biking": "inform",
                "open span: beach": "inform",
                "open span: sea breeze": "inform",
                "venuename: east coast park": "confirm",
                "open span: tip or suggestion": "request"
            }
        },
        {
            "turn idx": 2,
            "agent": {
                "transcript": "yes! the original local beach. sand is not as fine as sentosa, but place has this charming and chilled vibe. very relaxing place for a stroll or bike ride.",
                "img_gts": [],
                "dialog_act": {
                    "open span: stroll": "inform",
                    "open span: relax": "inform",
                    "open span: yes": "inform",
                    "venueneigh: sentosa": "inform"
                }
            },
            "user": {
                "transcript": "that sounds nice! i also heard of this food court in newton that has nice chilli crab and satay and was thinking of going there to try! do you have any tips to help me decide if i should go or what to try if i do go there?",
                "img_gts": [],
                "turn_label": {
                    "open span: satay": "inform",
                    "open span: chilli crab": "inform",
                    "open span: tip or suggestion": "request",
                    "venueneigh: newton": "inform"
                }
            },
            "bstate": {
                "open span: quiet": "inform",
                "open span: biking": "inform",
                "open span: beach": "inform",
                "open span: sea breeze": "inform",
                "venuename: east coast park": "confirm",
                "open span: stroll": "inform",
                "open span: relax": "inform",
                "open span: yes": "inform",
                "open span: satay": "inform",
                "open span: chilli crab": "inform",
                "venueneigh: newton": "inform"
            }
        },
        {
            "turn idx": 3,
            "agent": {
                "transcript": "this would be newton food centre! a suggestion from someone would be that it is a popular @visitsingapore food centre perpetually packed with locals and tourists alike thanks to its excellent seafood, succulent satay and pulsating atmosphere. be sure to snag a table early.",
                "img_gts": [],
                "dialog_act": {
                    "venuename: newton food centre": "recommend",
                    "open span: satay": "inform",
                    "open span: seafood": "inform",
                    "venueneigh: newton": "inform"
                }
            },
            "user": {
                "transcript": "great, thank you!",
                "img_gts": [],
                "turn_label": {
                    "venuename: newton food centre": "confirm"
                }
            },
            "bstate": {
                "open span: quiet": "inform",
                "open span: biking": "inform",
                "open span: beach": "inform",
                "open span: sea breeze": "inform",
                "open span: stroll": "inform",
                "open span: relax": "inform",
                "open span: yes": "inform",
                "open span: satay": "inform",
                "open span: chilli crab": "inform",
                "open span: seafood": "inform",
                "venueneigh: newton": "inform",
                "venuename: newton food centre": "confirm"
            }
        },
        {
            "turn idx": 4,
            "agent": {
                "transcript": "is there anything else i can help with?",
                "img_gts": [],
                "dialog_act": {
                    "open span: anything else": "request"
                }
            },
            "user": {
                "transcript": "no, thank you!",
                "img_gts": [],
                "turn_label": {
                    "open span: anything else": "negate",
                    "placeholder": "bye"
                }
            },
            "bstate": {
                "open span: quiet": "inform",
                "open span: biking": "inform",
                "open span: beach": "inform",
                "open span: sea breeze": "inform",
                "open span: stroll": "inform",
                "open span: relax": "inform",
                "open span: yes": "inform",
                "open span: satay": "inform",
                "open span: chilli crab": "inform",
                "open span: seafood": "inform",
                "venueneigh: newton": "inform",
                "venuename: newton food centre": "confirm"
            }
        }
    ],
    "user rating": 5,
    "user setting": "you are in holiday by yourself, hope to try <b>local food</b> in <b>food court</b> and enjoy <b>sea breeze</b> on the <b>quiet</b> <b>beach</b>.",
    "goal": {
        "id": 1469,
        "type": "multiple",
        "modality": "multiple",
        "content": [
            {
                "imgs": [],
                "Menus": [
                    "Dinner"
                ],
                "Wi-Fi": "No",
                "terms": [
                    "baby squid",
                    "satay",
                    "breakfast food",
                    "chili",
                    "carrot cake",
                    "oyster omelette",
                    "dinner",
                    "stall",
                    "stingrays",
                    "circuses",
                    "Thai food",
                    "stall no",
                    "family-friendly",
                    "seafood",
                    "chicken wings",
                    "chili crabs",
                    "soup",
                    "lively",
                    "casual",
                    "Indian food"
                ],
                "Drinks": [
                    "Beer"
                ],
                "venueCat": [
                    "Food Court",
                    "Coffee Shop"
                ],
                "venueName": "Newton Food Centre",
                "preference": {
                    "satay": 1,
                    "Food Court": 2,
                    "chili crabs": 1,
                    "venueNeigh: Newton": 2,
                    "get tips/suggestions": 3
                },
                "venueNeigh": "Newton",
                "venueScore": "average",
                "Credit Cards": "No",
                "Dining Options": [
                    "Take-out"
                ],
                "Outdoor Seating": "Yes"
            },
            {
                "imgs": [
                    "022df79bb8b5bab747b0c572672ee715",
                    "555f3b10f04e525b73a0e5bcdb18121f"
                ],
                "terms": [
                    "ice cream",
                    "sea breeze",
                    "fishing",
                    "beach",
                    "biking",
                    "picnics",
                    "casual",
                    "roller blading",
                    "quiet",
                    "barbecue",
                    "scenic views",
                    "burgers",
                    "fresh air",
                    "romantic",
                    "cycling",
                    "running trail",
                    "changi",
                    "breakfast food",
                    "crab",
                    "seafood"
                ],
                "venueCat": [
                    "Beach",
                    "Park",
                    "Campground"
                ],
                "venueName": "East Coast Park",
                "preference": {
                    "beach": 2,
                    "quiet": 1,
                    "biking": 1,
                    "sea breeze": 2,
                    "get tips/suggestions": 3
                },
                "venueNeigh": "Bedok",
                "venueScore": "excellent"
            }
        ],
        "cnv_cnt": 20,
        "user_setting": "You are in holiday by yourself, hope to try <b>local food</b> in <b>food court</b> and enjoy <b>sea breeze</b> on the <b>quiet</b> <b>beach</b>.",
        "user_location": "unknown"
    }
}