{
    "id": "1399",
    "dialogue": [
        {
            "turn idx": 0,
            "agent": {
                "transcript": "",
                "img_gts": [],
                "dialog_act": {}
            },
            "user": {
                "transcript": "hi, i am travelling with my family in singapore and wondering if there are any places where my wife could do some shopping? preferably a location that offers fancy brands that she enjoys.",
                "img_gts": [],
                "turn_label": {
                    "open span: mall": "inform",
                    "placeholder": "greet",
                    "venuename": "request"
                }
            },
            "bstate": {
                "open span: mall": "inform",
                "venuename": "request"
            }
        },
        {
            "turn idx": 1,
            "agent": {
                "transcript": "is there a particular shopping mall or location in singapore that you would like to shop at?",
                "img_gts": [],
                "dialog_act": {
                    "open span: mall": "inform"
                }
            },
            "user": {
                "transcript": "i am looking for a shopping mall in orchard with air-conditioning in the central area of singapore that is easily accessible by public transport.",
                "img_gts": [],
                "turn_label": {
                    "open span: air conditioning": "inform",
                    "open span: orchard": "inform",
                    "open span: mall": "inform",
                    "open span: accessible": "inform"
                }
            },
            "bstate": {
                "open span: mall": "inform",
                "venuename": "request",
                "open span: air conditioning": "inform",
                "open span: orchard": "inform",
                "open span: accessible": "inform"
            }
        },
        {
            "turn idx": 2,
            "agent": {
                "transcript": "in that case, i would suggest going to ion orchard. it is a shopping mall in orchard that has modern architecture that i think you would enjoy.",
                "img_gts": [],
                "dialog_act": {
                    "open span: orchard": "inform",
                    "open span: mall": "inform",
                    "venuename: ion orchard": "recommend"
                }
            },
            "user": {
                "transcript": "that sounds like a good place. we would also like to have our lunch there. are there good food options in that location?",
                "img_gts": [],
                "turn_label": {
                    "open span: food": "inform",
                    "venuename: ion orchard": "confirm",
                    "menus: lunch": "inform"
                }
            },
            "bstate": {
                "open span: mall": "inform",
                "open span: air conditioning": "inform",
                "open span: orchard": "inform",
                "open span: accessible": "inform",
                "open span: food": "inform",
                "venuename: ion orchard": "confirm",
                "menus: lunch": "inform"
            }
        },
        {
            "turn idx": 3,
            "agent": {
                "transcript": "yes there are! there are food courts within the mall, like food opera. you would be able to find a wide variety of cuisines there, ranging from local foods like balastier ba kut teh and tian tian chicken rice, to japanese food. you could stop by to have tea too!",
                "img_gts": [],
                "dialog_act": {
                    "open span: cuisine": "inform",
                    "open span: tea": "inform",
                    "open span: japanese food": "inform",
                    "open span: local food": "inform",
                    "open span: mall": "inform",
                    "open span: chicken rice": "inform",
                    "venuename: food opera": "recommend"
                }
            },
            "user": {
                "transcript": "that sounds like a good option! after shopping at orchard road, we would like to visit a museum to educate my children about the history of singapore. do you have a recommendation for that?",
                "img_gts": [],
                "turn_label": {
                    "venueneigh": "request",
                    "open span: museum": "inform",
                    "open span: mall": "inform",
                    "venueneigh: orchard road": "inform"
                }
            },
            "bstate": {
                "open span: mall": "inform",
                "open span: air conditioning": "inform",
                "open span: orchard": "inform",
                "open span: accessible": "inform",
                "open span: food": "inform",
                "menus: lunch": "inform",
                "open span: cuisine": "inform",
                "open span: tea": "inform",
                "open span: japanese food": "inform",
                "open span: local food": "inform",
                "open span: chicken rice": "inform",
                "venuename: food opera": "recommend",
                "open span: museum": "inform",
                "venueneigh: orchard road": "inform"
            }
        },
        {
            "turn idx": 4,
            "agent": {
                "transcript": "the national museum of singapore sounds like a good place to go! it is the oldest museum in singapore and a truly excellent history museum.",
                "img_gts": [],
                "dialog_act": {
                    "open span: museum": "inform",
                    "open span: history": "inform",
                    "venuename: national museum of singapore": "recommend"
                }
            },
            "user": {
                "transcript": "is this museum child-friendly? i have 3 children with me.",
                "img_gts": [],
                "turn_label": {
                    "open span: child friendly": "request"
                }
            },
            "bstate": {
                "open span: mall": "inform",
                "open span: air conditioning": "inform",
                "open span: orchard": "inform",
                "open span: accessible": "inform",
                "open span: food": "inform",
                "menus: lunch": "inform",
                "open span: cuisine": "inform",
                "open span: tea": "inform",
                "open span: japanese food": "inform",
                "open span: local food": "inform",
                "open span: chicken rice": "inform",
                "open span: museum": "inform",
                "venueneigh: orchard road": "inform",
                "open span: history": "inform",
                "venuename: national museum of singapore": "recommend",
                "open span: child friendly": "request"
            }
        },
        {
            "turn idx": 5,
            "agent": {
                "transcript": "yes it is! there are a variety of interactive elements will immerse everyone in a multi-sensory experience.",
                "img_gts": [],
                "dialog_act": {
                    "open span: child friendly": "inform"
                }
            },
            "user": {
                "transcript": "ok! we would head there after shopping. are there other tips you would like to share about this place?",
                "img_gts": [],
                "turn_label": {
                    "venuename: national museum of singapore": "confirm",
                    "open span: tip or suggestion": "request"
                }
            },
            "bstate": {
                "open span: mall": "inform",
                "open span: air conditioning": "inform",
                "open span: orchard": "inform",
                "open span: accessible": "inform",
                "open span: food": "inform",
                "menus: lunch": "inform",
                "open span: cuisine": "inform",
                "open span: tea": "inform",
                "open span: japanese food": "inform",
                "open span: local food": "inform",
                "open span: chicken rice": "inform",
                "open span: museum": "inform",
                "venueneigh: orchard road": "inform",
                "open span: history": "inform",
                "open span: child friendly": "inform",
                "venuename: national museum of singapore": "confirm",
                "open span: tip or suggestion": "request"
            }
        },
        {
            "turn idx": 6,
            "agent": {
                "transcript": "the closest mrt stations are dhoby ghout or bras basah. if you would like to grab a bite there, a wide variety of food options are available, ranging from tcc, coffee bean & starbucks to fast food like subway and wendy's. wireless internet is also available inside the museum at novus cafe.",
                "img_gts": [],
                "dialog_act": {
                    "open span: food": "inform",
                    "open span: fast food": "inform",
                    "venuename: starbucks": "recommend"
                }
            },
            "user": {
                "transcript": "great! thank you very much for your information and bye bye!",
                "img_gts": [],
                "turn_label": {
                    "venuename: starbucks": "confirm",
                    "placeholder": "bye"
                }
            },
            "bstate": {
                "open span: mall": "inform",
                "open span: air conditioning": "inform",
                "open span: orchard": "inform",
                "open span: accessible": "inform",
                "open span: food": "inform",
                "menus: lunch": "inform",
                "open span: cuisine": "inform",
                "open span: tea": "inform",
                "open span: japanese food": "inform",
                "open span: local food": "inform",
                "open span: chicken rice": "inform",
                "open span: museum": "inform",
                "venueneigh: orchard road": "inform",
                "open span: history": "inform",
                "open span: child friendly": "inform",
                "open span: fast food": "inform",
                "venuename: starbucks": "confirm"
            }
        }
    ],
    "user rating": 5,
    "user setting": "you are traveling with your family. plan to do shopping in <b>orchard road</b> to please your wife, and visit a <b>museum</b> to educate your kind with <b>history of singapore</b>.",
    "goal": {
        "id": 1472,
        "type": "multiple",
        "modality": "multiple",
        "content": [
            {
                "imgs": [
                    "def3cfced12edd95c946ebc4378a3f81",
                    "e7129f0d8ef6cef8caed071810558b3a"
                ],
                "terms": [
                    "malls",
                    "ice cream",
                    "lunch",
                    "buffet",
                    "noodles",
                    "shoes",
                    "casual",
                    "tea",
                    "breakfast food",
                    "soup dumplings",
                    "scenic views",
                    "food opera",
                    "yogurt",
                    "dinner",
                    "coffee",
                    "Japanese food",
                    "fancy",
                    "architecture",
                    "food courts",
                    "sushi"
                ],
                "venueCat": [
                    "Shopping Mall"
                ],
                "venueName": "ION Orchard",
                "preference": {
                    "Shopping Mall": 2,
                    "drag image to do search": 1,
                    "venueNeigh: Orchard Road": 2
                },
                "venueNeigh": "Orchard Road",
                "venueScore": "good"
            },
            {
                "imgs": [
                    "fc94ae7a92f8a44b51fab73756917688",
                    "5aab9713c9dbd1e3250ba6b6372e030e"
                ],
                "Wi-Fi": "Yes",
                "terms": [
                    "TVs",
                    "dancing",
                    "free admission",
                    "caf\u00e9",
                    "tourism",
                    "history of singapore",
                    "museums",
                    "exhibits",
                    "classes",
                    "scenic views",
                    "gardens",
                    "tours",
                    "films",
                    "galleries",
                    "arts",
                    "singaporean",
                    "architecture",
                    "photography",
                    "quiet",
                    "artifacts"
                ],
                "venueCat": [
                    "Museum",
                    "History Museum",
                    "Art Gallery"
                ],
                "venueName": "National Museum of Singapore",
                "preference": {
                    "History Museum": 2,
                    "history of singapore": 2,
                    "drag image to do search": 1,
                    "ask for tips/suggestions": 3
                },
                "venueNeigh": "Central Region",
                "venueScore": "good",
                "Credit Cards": "Yes"
            }
        ],
        "cnv_cnt": 20,
        "user_setting": "You are traveling with your family. Plan to do shopping in <b>Orchard Road</b> to please your wife, and visit a <b>museum</b> to educate your kind with <b>history of singapore</b>.",
        "user_location": "Orchard Road"
    }
}