{
    "id": "1474",
    "dialogue": [
        {
            "turn idx": 0,
            "agent": {
                "transcript": "",
                "img_gts": [],
                "dialog_act": {}
            },
            "user": {
                "transcript": "hi, i am currently with a group of friends and we would like to try fish head steamboat. do you have a recommendation for a good steamboat restaurant?",
                "img_gts": [],
                "turn_label": {
                    "open span: group": "inform",
                    "open span: steamboat": "inform",
                    "placeholder": "greet"
                }
            },
            "bstate": {
                "open span: group": "inform",
                "open span: steamboat": "inform"
            }
        },
        {
            "turn idx": 1,
            "agent": {
                "transcript": "xin heng feng fish head steamboat sounds like the place for you. it can accommodate groups of people and is value for money!",
                "img_gts": [],
                "dialog_act": {
                    "open span: group": "inform",
                    "venuename: xin heng feng fish head steamboat": "recommend"
                }
            },
            "user": {
                "transcript": "can i make a reservation at this place?",
                "img_gts": [],
                "turn_label": {
                    "reservations": "request"
                }
            },
            "bstate": {
                "open span: group": "inform",
                "open span: steamboat": "inform",
                "venuename: xin heng feng fish head steamboat": "recommend",
                "reservations": "request"
            }
        },
        {
            "turn idx": 2,
            "agent": {
                "transcript": "unfortunately, reservations cannot be made at this restaurant.",
                "img_gts": [],
                "dialog_act": {
                    "reservations: no": "inform"
                }
            },
            "user": {
                "transcript": "that's alright. i think we will try this restaurant. do you have any tips that i should take note of when i visit this restaurant?",
                "img_gts": [],
                "turn_label": {
                    "venuename: xin heng feng fish head steamboat": "confirm",
                    "open span: tip or suggestion": "request"
                }
            },
            "bstate": {
                "open span: group": "inform",
                "open span: steamboat": "inform",
                "reservations: no": "inform",
                "venuename: xin heng feng fish head steamboat": "confirm",
                "open span: tip or suggestion": "request"
            }
        },
        {
            "turn idx": 3,
            "agent": {
                "transcript": "this stall is not open on tuesdays, so do not come on tuesdays to avoid disappointment. it would be good to reach around 5-5.30pm, if not customers would have to wait an hour or so!",
                "img_gts": [],
                "dialog_act": {
                    "open span: wait": "inform"
                }
            },
            "user": {
                "transcript": "ok great! we will be sure to reach there early.",
                "img_gts": [],
                "turn_label": {
                    "placeholder": "bye"
                }
            },
            "bstate": {
                "open span: group": "inform",
                "open span: steamboat": "inform",
                "reservations: no": "inform",
                "venuename: xin heng feng fish head steamboat": "confirm",
                "open span: wait": "inform"
            }
        }
    ],
    "user rating": 5,
    "user setting": "you are with a group of people, looking for a good <b>fish head steamboat</b> <b>restaurant</b>.",
    "goal": {
        "id": 1464,
        "type": "single",
        "modality": "multiple",
        "content": [
            {
                "imgs": [
                    "fec924aef45a8ada29da2b6d67709f90",
                    "3743a27a6407aa957e13f3ab5a5ebde1"
                ],
                "Menus": [
                    "Breakfast",
                    "Brunch",
                    "Dinner"
                ],
                "price": "Expensive",
                "terms": [
                    "crowded",
                    "dinner",
                    "great value",
                    "soup",
                    "fish head steamboat",
                    "fish",
                    "good for groups",
                    "duck wings"
                ],
                "venueCat": [
                    "Seafood Restaurant",
                    "Chinese Restaurant"
                ],
                "venueName": "Xin Heng Feng Fish Head Steamboat",
                "preference": {
                    "great value": 2,
                    "good for groups": 1,
                    "fish head steamboat": 2,
                    "drag image to do search": 1,
                    "ask for tips/suggestions": 3
                },
                "venueNeigh": "Novena",
                "venueScore": "average",
                "Credit Cards": "No",
                "Reservations": "No",
                "Dining Options": [
                    "No Delivery"
                ],
                "Outdoor Seating": "Yes"
            }
        ],
        "cnv_cnt": 20,
        "user_setting": "You are with a group of people, looking for a good <b>fish head steamboat</b> <b>restaurant</b>.",
        "user_location": "unknown"
    }
}