{
    "id": "1481",
    "dialogue": [
        {
            "turn idx": 0,
            "agent": {
                "transcript": "",
                "img_gts": [],
                "dialog_act": {}
            },
            "user": {
                "transcript": "hi, i am having a holiday in singapore and am looking to shop at the famous orchard road. do you have any recommendations on where to shop?",
                "img_gts": [],
                "turn_label": {
                    "venuename": "request",
                    "venueneigh: orchard road": "inform",
                    "open span: holiday": "inform",
                    "open span: recommendation": "request",
                    "open span: mall": "inform",
                    "placeholder": "greet"
                }
            },
            "bstate": {
                "venuename": "request",
                "venueneigh: orchard road": "inform",
                "open span: holiday": "inform",
                "open span: recommendation": "request",
                "open span: mall": "inform"
            }
        },
        {
            "turn idx": 1,
            "agent": {
                "transcript": "hi yes i do. there are various malls such as plaza singapura, 313 somerset and ngee ann city. are you shopping in general or is there a specific category you are shopping for?",
                "img_gts": [],
                "dialog_act": {
                    "open span: mall": "inform",
                    "open span: specific": "request"
                }
            },
            "user": {
                "transcript": "i am actually looking to shop for high end goods with my wife. such as patek philippe, saint laurent and ted baker.",
                "img_gts": [],
                "turn_label": {}
            },
            "bstate": {
                "venuename": "request",
                "venueneigh: orchard road": "inform",
                "open span: holiday": "inform",
                "open span: mall": "inform",
                "open span: specific": "request"
            }
        },
        {
            "turn idx": 2,
            "agent": {
                "transcript": "i see. i recommend you visit ion orchard. they do have many high end shops including the ones listed above. the building looks like this. you cannot miss it.",
                "img_gts": [
                    "dome",
                    "building"
                ],
                "dialog_act": {
                    "venuename: ion orchard": "recommend",
                    "open span: building": "inform",
                    "open span: image": "inform",
                    "img_gts: dome, building": "inform"
                }
            },
            "user": {
                "transcript": "ok. i also hope to visit a museum to learn more about the history of singapore. where can i head to?",
                "img_gts": [],
                "turn_label": {
                    "venuename": "request",
                    "open span: museum": "inform",
                    "venuename: ion orchard": "confirm"
                }
            },
            "bstate": {
                "venueneigh: orchard road": "inform",
                "open span: holiday": "inform",
                "open span: mall": "inform",
                "open span: building": "inform",
                "open span: image": "inform",
                "img_gts: dome, building": "inform",
                "open span: museum": "inform",
                "venuename: ion orchard": "confirm"
            }
        },
        {
            "turn idx": 3,
            "agent": {
                "transcript": "you may visit the national museum of singapore. they provide interactive elements to allow guest to immerse in a multi-sensory experience to learn more about singapore's history!",
                "img_gts": [],
                "dialog_act": {
                    "venuename: national museum of singapore": "recommend"
                }
            },
            "user": {
                "transcript": "wow that's exciting. how may i get there by public transport?",
                "img_gts": [],
                "turn_label": {
                    "venuename: national museum of singapore": "confirm"
                }
            },
            "bstate": {
                "venueneigh: orchard road": "inform",
                "open span: holiday": "inform",
                "open span: mall": "inform",
                "open span: building": "inform",
                "open span: image": "inform",
                "img_gts: dome, building": "inform",
                "open span: museum": "inform",
                "venuename: national museum of singapore": "confirm"
            }
        },
        {
            "turn idx": 4,
            "agent": {
                "transcript": "the closest mrt stations are dhoby ghaut and bras basah. you may walk from there :).",
                "img_gts": [],
                "dialog_act": {}
            },
            "user": {
                "transcript": "i see. great, thank you for helping me. goodbye!",
                "img_gts": [],
                "turn_label": {
                    "placeholder": "bye"
                }
            },
            "bstate": {
                "venueneigh: orchard road": "inform",
                "open span: holiday": "inform",
                "open span: mall": "inform",
                "open span: building": "inform",
                "open span: image": "inform",
                "img_gts: dome, building": "inform",
                "open span: museum": "inform",
                "venuename: national museum of singapore": "confirm"
            }
        },
        {
            "turn idx": 5,
            "agent": {
                "transcript": "you are welcome. hope you enjoy yourself. goodbye!",
                "img_gts": [],
                "dialog_act": {
                    "placeholder": "bye"
                }
            },
            "user": {
                "transcript": "",
                "img_gts": [],
                "turn_label": {}
            },
            "bstate": {
                "venueneigh: orchard road": "inform",
                "open span: holiday": "inform",
                "open span: mall": "inform",
                "open span: building": "inform",
                "open span: image": "inform",
                "img_gts: dome, building": "inform",
                "open span: museum": "inform",
                "venuename: national museum of singapore": "confirm"
            }
        }
    ],
    "user rating": 5,
    "user setting": "you are traveling with your family. plan to do shopping in <b>orchard road</b> to please your wife, and visit a <b>museum</b> to educate your kind with <b>history of singapore</b>.",
    "goal": {
        "id": 1472,
        "type": "multiple",
        "modality": "multiple",
        "content": [
            {
                "imgs": [
                    "def3cfced12edd95c946ebc4378a3f81",
                    "e7129f0d8ef6cef8caed071810558b3a"
                ],
                "terms": [
                    "malls",
                    "ice cream",
                    "lunch",
                    "buffet",
                    "noodles",
                    "shoes",
                    "casual",
                    "tea",
                    "breakfast food",
                    "soup dumplings",
                    "scenic views",
                    "food opera",
                    "yogurt",
                    "dinner",
                    "coffee",
                    "Japanese food",
                    "fancy",
                    "architecture",
                    "food courts",
                    "sushi"
                ],
                "venueCat": [
                    "Shopping Mall"
                ],
                "venueName": "ION Orchard",
                "preference": {
                    "Shopping Mall": 2,
                    "drag image to do search": 1,
                    "venueNeigh: Orchard Road": 2
                },
                "venueNeigh": "Orchard Road",
                "venueScore": "good"
            },
            {
                "imgs": [
                    "fc94ae7a92f8a44b51fab73756917688",
                    "5aab9713c9dbd1e3250ba6b6372e030e"
                ],
                "Wi-Fi": "Yes",
                "terms": [
                    "TVs",
                    "dancing",
                    "free admission",
                    "caf\u00e9",
                    "tourism",
                    "history of singapore",
                    "museums",
                    "exhibits",
                    "classes",
                    "scenic views",
                    "gardens",
                    "tours",
                    "films",
                    "galleries",
                    "arts",
                    "singaporean",
                    "architecture",
                    "photography",
                    "quiet",
                    "artifacts"
                ],
                "venueCat": [
                    "Museum",
                    "History Museum",
                    "Art Gallery"
                ],
                "venueName": "National Museum of Singapore",
                "preference": {
                    "History Museum": 2,
                    "history of singapore": 2,
                    "drag image to do search": 1,
                    "ask for tips/suggestions": 3
                },
                "venueNeigh": "Central Region",
                "venueScore": "good",
                "Credit Cards": "Yes"
            }
        ],
        "cnv_cnt": 20,
        "user_setting": "You are traveling with your family. Plan to do shopping in <b>Orchard Road</b> to please your wife, and visit a <b>museum</b> to educate your kind with <b>history of singapore</b>.",
        "user_location": "Orchard Road"
    }
}