{
    "id": "154",
    "dialogue": [
        {
            "turn idx": 0,
            "agent": {
                "transcript": "",
                "img_gts": [],
                "dialog_act": {}
            },
            "user": {
                "transcript": "i am going for a date. can you help me find a cocktail bar with regional spirits?",
                "img_gts": [],
                "turn_label": {
                    "drinks: cocktails": "inform",
                    "open span: regional spirit": "inform"
                }
            },
            "bstate": {
                "drinks: cocktails": "inform",
                "open span: regional spirit": "inform"
            }
        },
        {
            "turn idx": 1,
            "agent": {
                "transcript": "sure, do you have any requirements?",
                "img_gts": [],
                "dialog_act": {
                    "open span: preference": "require"
                }
            },
            "user": {
                "transcript": "i want to try something like this! near chinatown will be better!",
                "img_gts": [
                    "drink"
                ],
                "turn_label": {
                    "venueneigh: chinatown": "inform",
                    "open span: image": "inform",
                    "img_gts: drink": "inform"
                }
            },
            "bstate": {
                "drinks: cocktails": "inform",
                "open span: regional spirit": "inform",
                "open span: preference": "require",
                "venueneigh: chinatown": "inform",
                "open span: image": "inform",
                "img_gts: drink": "inform"
            }
        },
        {
            "turn idx": 2,
            "agent": {
                "transcript": "that's probably native. however, it may be a bit pricey.",
                "img_gts": [],
                "dialog_act": {
                    "venuename: native": "recommend",
                    "price: expensive": "inform"
                }
            },
            "user": {
                "transcript": "that is ok. do they have outdoor seating?",
                "img_gts": [],
                "turn_label": {
                    "outdoor seating": "request",
                    "venuename: native": "confirm"
                }
            },
            "bstate": {
                "drinks: cocktails": "inform",
                "open span: regional spirit": "inform",
                "open span: preference": "require",
                "venueneigh: chinatown": "inform",
                "open span: image": "inform",
                "img_gts: drink": "inform",
                "price: expensive": "inform",
                "outdoor seating": "request",
                "venuename: native": "confirm"
            }
        },
        {
            "turn idx": 3,
            "agent": {
                "transcript": "no, they only provide indoor option.",
                "img_gts": [],
                "dialog_act": {
                    "outdoor seating: no": "inform"
                }
            },
            "user": {
                "transcript": "alright, thank you.",
                "img_gts": [],
                "turn_label": {
                    "placeholder": "bye"
                }
            },
            "bstate": {
                "drinks: cocktails": "inform",
                "open span: regional spirit": "inform",
                "open span: preference": "require",
                "venueneigh: chinatown": "inform",
                "open span: image": "inform",
                "img_gts: drink": "inform",
                "price: expensive": "inform",
                "venuename: native": "confirm",
                "outdoor seating: no": "inform"
            }
        }
    ],
    "user rating": 3,
    "user setting": "you are looking for <b>cocktail bar</b> that is <b>good for dates</b>, hope to try <b>regional spirits</b>.",
    "goal": {
        "id": 1404,
        "type": "single",
        "modality": "multiple",
        "content": [
            {
                "imgs": [
                    "97a1a3d6ac7a5bfaad8d1810996cbc38"
                ],
                "price": "Expensive",
                "terms": [
                    "bananas",
                    "good for dates",
                    "liquor",
                    "ants",
                    "cocktails",
                    "whiskey",
                    "trendy",
                    "gin",
                    "authentic",
                    "regional spirits",
                    "staff"
                ],
                "Drinks": [
                    "Cocktails"
                ],
                "venueCat": [
                    "Cocktail Bar"
                ],
                "venueName": "Native",
                "preference": {
                    "whiskey": 1,
                    "cocktails": 2,
                    "price: Cheap": -2,
                    "good for dates": 2,
                    "regional spirits": 2,
                    "venueNeigh:Chinatown": 1,
                    "check outdoor seating": 3
                },
                "venueNeigh": "Chinatown",
                "venueScore": "good",
                "venueDomain": "nightlife",
                "Credit Cards": "Yes",
                "Outdoor Seating": "No"
            }
        ],
        "cnv_cnt": 20,
        "user_setting": "You are looking for <b>Cocktail Bar</b> that is <b>good for dates</b>, hope to try <b>regional spirits</b>.",
        "user_location": "Chinatown"
    }
}