{
    "id": "1566",
    "dialogue": [
        {
            "turn idx": 0,
            "agent": {
                "transcript": "hi! how can i help you?",
                "img_gts": [],
                "dialog_act": {
                    "placeholder": "greet"
                }
            },
            "user": {
                "transcript": "hi! i am at kallang looking for a shopping mall to buy gong cha, do you know where i can go?",
                "img_gts": [],
                "turn_label": {
                    "venueneigh: kallang": "inform",
                    "open span: mall": "inform",
                    "open span: gong cha": "inform",
                    "venuename": "request",
                    "placeholder": "greet"
                }
            },
            "bstate": {
                "venueneigh: kallang": "inform",
                "open span: mall": "inform",
                "open span: gong cha": "inform",
                "venuename": "request"
            }
        },
        {
            "turn idx": 1,
            "agent": {
                "transcript": "city square mall will be a good place to visit. there is a gong cha at basement 2.",
                "img_gts": [],
                "dialog_act": {
                    "venuename: city square mall": "recommend",
                    "open span: gong cha": "inform"
                }
            },
            "user": {
                "transcript": "nice, thank you! i will check it out. i am also hoping to find a quiet park to visit with free parking. any suggestions where i can go? my friend showed me a picture of this place, do you recognize where it is?",
                "img_gts": [
                    "greenary"
                ],
                "turn_label": {
                    "parking: yes": "inform",
                    "open span: nice": "inform",
                    "open span: recognise": "inform",
                    "venuename: city square mall": "confirm",
                    "open span: image": "inform",
                    "open span: recommendation": "request",
                    "img_gts: greenary": "inform"
                }
            },
            "bstate": {
                "venueneigh: kallang": "inform",
                "open span: mall": "inform",
                "open span: gong cha": "inform",
                "parking: yes": "inform",
                "open span: nice": "inform",
                "open span: recognise": "inform",
                "venuename: city square mall": "confirm",
                "open span: image": "inform",
                "open span: recommendation": "request",
                "img_gts: greenary": "inform"
            }
        },
        {
            "turn idx": 2,
            "agent": {
                "transcript": "yes, that is fort canning park.",
                "img_gts": [],
                "dialog_act": {
                    "venuename: fort canning park": "recommend"
                }
            },
            "user": {
                "transcript": "great! do you have any tips about the park?",
                "img_gts": [],
                "turn_label": {
                    "venuename: fort canning park": "confirm",
                    "open span: tip or suggestion": "request"
                }
            },
            "bstate": {
                "venueneigh: kallang": "inform",
                "open span: mall": "inform",
                "open span: gong cha": "inform",
                "parking: yes": "inform",
                "open span: nice": "inform",
                "open span: recognise": "inform",
                "open span: image": "inform",
                "img_gts: greenary": "inform",
                "venuename: fort canning park": "confirm",
                "open span: tip or suggestion": "request"
            }
        },
        {
            "turn idx": 3,
            "agent": {
                "transcript": "you can climb onto the hill and sit with your loved ones to enjoy a great scenery!",
                "img_gts": [],
                "dialog_act": {}
            },
            "user": {
                "transcript": "sounds amazing, thank you!",
                "img_gts": [],
                "turn_label": {}
            },
            "bstate": {
                "venueneigh: kallang": "inform",
                "open span: mall": "inform",
                "open span: gong cha": "inform",
                "parking: yes": "inform",
                "open span: nice": "inform",
                "open span: recognise": "inform",
                "open span: image": "inform",
                "img_gts: greenary": "inform",
                "venuename: fort canning park": "confirm"
            }
        },
        {
            "turn idx": 4,
            "agent": {
                "transcript": "is there anything else i can help you with?",
                "img_gts": [],
                "dialog_act": {
                    "open span: anything else": "request"
                }
            },
            "user": {
                "transcript": "no, that's it. thank you for your help, bye!",
                "img_gts": [],
                "turn_label": {
                    "open span: anything else": "negate",
                    "placeholder": "bye"
                }
            },
            "bstate": {
                "venueneigh: kallang": "inform",
                "open span: mall": "inform",
                "open span: gong cha": "inform",
                "parking: yes": "inform",
                "open span: nice": "inform",
                "open span: recognise": "inform",
                "open span: image": "inform",
                "img_gts: greenary": "inform",
                "venuename: fort canning park": "confirm"
            }
        },
        {
            "turn idx": 5,
            "agent": {
                "transcript": "bye!",
                "img_gts": [],
                "dialog_act": {
                    "placeholder": "bye"
                }
            },
            "user": {
                "transcript": "",
                "img_gts": [],
                "turn_label": {}
            },
            "bstate": {
                "venueneigh: kallang": "inform",
                "open span: mall": "inform",
                "open span: gong cha": "inform",
                "parking: yes": "inform",
                "open span: nice": "inform",
                "open span: recognise": "inform",
                "open span: image": "inform",
                "img_gts: greenary": "inform",
                "venuename: fort canning park": "confirm"
            }
        }
    ],
    "user rating": 4,
    "user setting": "you are at <b>kallang</b> area looking for a <b>shopping mall</b> to buy <b>gong cha</b>. and hope to find a quiet <b>park</b> in <b>central region</b> with <b>free parking</b>.",
    "goal": {
        "id": 1467,
        "type": "multiple",
        "modality": "multiple",
        "content": [
            {
                "imgs": [],
                "Wi-Fi": "Free",
                "terms": [
                    "ice cream",
                    "massage",
                    "saizeriya",
                    "buffet",
                    "tea",
                    "gong cha",
                    "coffee",
                    "spacious",
                    "books",
                    "lunch",
                    "malls",
                    "gardens",
                    "breakfast food",
                    "fried chicken",
                    "dinner",
                    "quiet",
                    "food courts",
                    "milk tea",
                    "caf\u00e9",
                    "sushi"
                ],
                "venueCat": [
                    "Shopping Mall"
                ],
                "venueName": "City Square Mall",
                "preference": {
                    "gong cha": 2,
                    "ice cream": 0,
                    "Shopping Mall": 2,
                    "venueNeigh: Kallang": 2
                },
                "venueNeigh": "Kallang",
                "venueScore": "fair",
                "Credit Cards": "Yes"
            },
            {
                "imgs": [
                    "c9cbdd72a95c7979016d7169a47b4f4c",
                    "8e4c021f5b8ca5269d5ca9251d799ab7"
                ],
                "terms": [
                    "trails",
                    "ballet",
                    "free parking",
                    "monuments",
                    "gardens",
                    "concerts",
                    "movies",
                    "hills",
                    "casual",
                    "scenic views",
                    "park",
                    "picnics",
                    "nice park",
                    "quiet"
                ],
                "venueCat": [
                    "Park",
                    "Monument / Landmark"
                ],
                "venueName": "Fort Canning Park",
                "preference": {
                    "trails": 2,
                    "nice park": 1,
                    "free parking": 2,
                    "drag image to do search": 1,
                    "ask for tips/suggestions": 3
                },
                "venueNeigh": "Central Region",
                "venueScore": "good",
                "Credit Cards": "No"
            }
        ],
        "cnv_cnt": 20,
        "user_setting": "You are at <b>Kallang</b> area looking for a <b>Shopping Mall</b> to buy <b>gong cha</b>. And hope to find a quiet <b>park</b> in <b>Central Region</b> with <b>free parking</b>.",
        "user_location": "Kallang"
    }
}