{
    "id": "1570",
    "dialogue": [
        {
            "turn idx": 0,
            "agent": {
                "transcript": "hello!",
                "img_gts": [],
                "dialog_act": {
                    "placeholder": "greet"
                }
            },
            "user": {
                "transcript": "hi, i am in singapore for a holiday by myself. i am looking for a food court where i can enjoy some local food, do you have any recommendations? .",
                "img_gts": [],
                "turn_label": {
                    "open span: food center": "inform",
                    "open span: holiday": "inform",
                    "open span: local food": "inform",
                    "open span: recommendation": "request",
                    "placeholder": "greet"
                }
            },
            "bstate": {
                "open span: food center": "inform",
                "open span: holiday": "inform",
                "open span: local food": "inform",
                "open span: recommendation": "request"
            }
        },
        {
            "turn idx": 1,
            "agent": {
                "transcript": "which neighbourhood in singapore are you hoping to eat at?",
                "img_gts": [],
                "dialog_act": {
                    "open span: neighbourhood": "inform",
                    "venueneigh": "request"
                }
            },
            "user": {
                "transcript": "newton.",
                "img_gts": [],
                "turn_label": {
                    "venueneigh: newton": "inform"
                }
            },
            "bstate": {
                "open span: food center": "inform",
                "open span: holiday": "inform",
                "open span: local food": "inform",
                "open span: neighbourhood": "inform",
                "venueneigh: newton": "inform"
            }
        },
        {
            "turn idx": 2,
            "agent": {
                "transcript": "i will recommend newton food centre, it is said to have the best chilli crabs.",
                "img_gts": [],
                "dialog_act": {
                    "venuename: newton food centre": "recommend",
                    "open span: chilli crab": "inform"
                }
            },
            "user": {
                "transcript": "that's great! do you have any other tips about this place?",
                "img_gts": [],
                "turn_label": {
                    "venuename: newton food centre": "confirm",
                    "open span: tip or suggestion": "request"
                }
            },
            "bstate": {
                "open span: food center": "inform",
                "open span: holiday": "inform",
                "open span: local food": "inform",
                "open span: neighbourhood": "inform",
                "venueneigh: newton": "inform",
                "open span: chilli crab": "inform",
                "venuename: newton food centre": "confirm",
                "open span: tip or suggestion": "request"
            }
        },
        {
            "turn idx": 3,
            "agent": {
                "transcript": "yes, some recommended food to get include duck rice, satay, fried oyster omelette and hokkien mee.",
                "img_gts": [],
                "dialog_act": {
                    "open span: hokkien mee": "inform",
                    "open span: satay": "inform"
                }
            },
            "user": {
                "transcript": "nice! i am also looking to enjoy sea breeze on a quiet beach in singapore. do you know where i can find that?",
                "img_gts": [],
                "turn_label": {
                    "open span: sea breeze": "inform",
                    "venuename": "request"
                }
            },
            "bstate": {
                "open span: food center": "inform",
                "open span: holiday": "inform",
                "open span: local food": "inform",
                "open span: neighbourhood": "inform",
                "venueneigh: newton": "inform",
                "open span: chilli crab": "inform",
                "open span: hokkien mee": "inform",
                "open span: satay": "inform",
                "open span: sea breeze": "inform",
                "venuename": "request"
            }
        },
        {
            "turn idx": 4,
            "agent": {
                "transcript": "what other activities are you looking to do there?",
                "img_gts": [],
                "dialog_act": {}
            },
            "user": {
                "transcript": "perhaps some biking. do you recognize where this is? my friend sent me this photo when she was in singapore.",
                "img_gts": [
                    "beach"
                ],
                "turn_label": {
                    "open span: recognise": "inform",
                    "open span: biking": "inform",
                    "open span: image": "inform",
                    "img_gts: beach": "inform"
                }
            },
            "bstate": {
                "open span: food center": "inform",
                "open span: holiday": "inform",
                "open span: local food": "inform",
                "open span: neighbourhood": "inform",
                "venueneigh: newton": "inform",
                "open span: chilli crab": "inform",
                "open span: hokkien mee": "inform",
                "open span: satay": "inform",
                "open span: sea breeze": "inform",
                "venuename": "request",
                "open span: recognise": "inform",
                "open span: biking": "inform",
                "open span: image": "inform",
                "img_gts: beach": "inform"
            }
        },
        {
            "turn idx": 5,
            "agent": {
                "transcript": "yes, that is east coast park. it has one of the best cycling lines in singapore, with a smooth surface for bikers.",
                "img_gts": [],
                "dialog_act": {
                    "venuename: east coast park": "recommend"
                }
            },
            "user": {
                "transcript": "that's where i'll go then, thank you!",
                "img_gts": [],
                "turn_label": {
                    "venuename: east coast park": "confirm"
                }
            },
            "bstate": {
                "open span: food center": "inform",
                "open span: holiday": "inform",
                "open span: local food": "inform",
                "open span: neighbourhood": "inform",
                "venueneigh: newton": "inform",
                "open span: chilli crab": "inform",
                "open span: hokkien mee": "inform",
                "open span: satay": "inform",
                "open span: sea breeze": "inform",
                "open span: recognise": "inform",
                "open span: biking": "inform",
                "open span: image": "inform",
                "img_gts: beach": "inform",
                "venuename: east coast park": "confirm"
            }
        },
        {
            "turn idx": 6,
            "agent": {
                "transcript": "is there anything else i can help you with?",
                "img_gts": [],
                "dialog_act": {
                    "open span: anything else": "request"
                }
            },
            "user": {
                "transcript": "no, that's it. thanks and bye!",
                "img_gts": [],
                "turn_label": {
                    "open span: anything else": "negate",
                    "placeholder": "bye"
                }
            },
            "bstate": {
                "open span: food center": "inform",
                "open span: holiday": "inform",
                "open span: local food": "inform",
                "open span: neighbourhood": "inform",
                "venueneigh: newton": "inform",
                "open span: chilli crab": "inform",
                "open span: hokkien mee": "inform",
                "open span: satay": "inform",
                "open span: sea breeze": "inform",
                "open span: recognise": "inform",
                "open span: biking": "inform",
                "open span: image": "inform",
                "img_gts: beach": "inform",
                "venuename: east coast park": "confirm"
            }
        },
        {
            "turn idx": 7,
            "agent": {
                "transcript": "bye!",
                "img_gts": [],
                "dialog_act": {
                    "placeholder": "bye"
                }
            },
            "user": {
                "transcript": "",
                "img_gts": [],
                "turn_label": {}
            },
            "bstate": {
                "open span: food center": "inform",
                "open span: holiday": "inform",
                "open span: local food": "inform",
                "open span: neighbourhood": "inform",
                "venueneigh: newton": "inform",
                "open span: chilli crab": "inform",
                "open span: hokkien mee": "inform",
                "open span: satay": "inform",
                "open span: sea breeze": "inform",
                "open span: recognise": "inform",
                "open span: biking": "inform",
                "open span: image": "inform",
                "img_gts: beach": "inform",
                "venuename: east coast park": "confirm"
            }
        }
    ],
    "user rating": 4,
    "user setting": "you are in holiday by yourself, hope to try <b>local food</b> in <b>food court</b> and enjoy <b>sea breeze</b> on the <b>quiet</b> <b>beach</b>.",
    "goal": {
        "id": 1469,
        "type": "multiple",
        "modality": "multiple",
        "content": [
            {
                "imgs": [],
                "Menus": [
                    "Dinner"
                ],
                "Wi-Fi": "No",
                "terms": [
                    "baby squid",
                    "satay",
                    "breakfast food",
                    "chili",
                    "carrot cake",
                    "oyster omelette",
                    "dinner",
                    "stall",
                    "stingrays",
                    "circuses",
                    "Thai food",
                    "stall no",
                    "family-friendly",
                    "seafood",
                    "chicken wings",
                    "chili crabs",
                    "soup",
                    "lively",
                    "casual",
                    "Indian food"
                ],
                "Drinks": [
                    "Beer"
                ],
                "venueCat": [
                    "Food Court",
                    "Coffee Shop"
                ],
                "venueName": "Newton Food Centre",
                "preference": {
                    "satay": 1,
                    "Food Court": 2,
                    "chili crabs": 1,
                    "venueNeigh: Newton": 2,
                    "get tips/suggestions": 3
                },
                "venueNeigh": "Newton",
                "venueScore": "average",
                "Credit Cards": "No",
                "Dining Options": [
                    "Take-out"
                ],
                "Outdoor Seating": "Yes"
            },
            {
                "imgs": [
                    "022df79bb8b5bab747b0c572672ee715",
                    "555f3b10f04e525b73a0e5bcdb18121f"
                ],
                "terms": [
                    "ice cream",
                    "sea breeze",
                    "fishing",
                    "beach",
                    "biking",
                    "picnics",
                    "casual",
                    "roller blading",
                    "quiet",
                    "barbecue",
                    "scenic views",
                    "burgers",
                    "fresh air",
                    "romantic",
                    "cycling",
                    "running trail",
                    "changi",
                    "breakfast food",
                    "crab",
                    "seafood"
                ],
                "venueCat": [
                    "Beach",
                    "Park",
                    "Campground"
                ],
                "venueName": "East Coast Park",
                "preference": {
                    "beach": 2,
                    "quiet": 1,
                    "biking": 1,
                    "sea breeze": 2,
                    "get tips/suggestions": 3
                },
                "venueNeigh": "Bedok",
                "venueScore": "excellent"
            }
        ],
        "cnv_cnt": 20,
        "user_setting": "You are in holiday by yourself, hope to try <b>local food</b> in <b>food court</b> and enjoy <b>sea breeze</b> on the <b>quiet</b> <b>beach</b>.",
        "user_location": "unknown"
    }
}