{
    "id": "1585",
    "dialogue": [
        {
            "turn idx": 0,
            "agent": {
                "transcript": "",
                "img_gts": [],
                "dialog_act": {}
            },
            "user": {
                "transcript": "hi i am at kallang. i want to go to a shopping mall to buy gong cha. it should be spacious and quiet with saizeriya and massage.",
                "img_gts": [],
                "turn_label": {
                    "venueneigh: kallang": "inform",
                    "open span: mall": "inform",
                    "open span: gong cha": "inform",
                    "open span: massage": "inform",
                    "open span: spacious": "inform",
                    "open span: quiet": "inform",
                    "placeholder": "greet"
                }
            },
            "bstate": {
                "venueneigh: kallang": "inform",
                "open span: mall": "inform",
                "open span: gong cha": "inform",
                "open span: massage": "inform",
                "open span: spacious": "inform",
                "open span: quiet": "inform"
            }
        },
        {
            "turn idx": 1,
            "agent": {
                "transcript": "you can go to city square mall, singapore's first eco friendly mall.",
                "img_gts": [
                    "building front"
                ],
                "dialog_act": {
                    "venuename: city square mall": "recommend",
                    "open span: mall": "inform",
                    "open span: image": "inform",
                    "img_gts: building front": "inform"
                }
            },
            "user": {
                "transcript": "okay. can you also find a quiet park in central region with free parking? it should have monuments and concerts.",
                "img_gts": [],
                "turn_label": {
                    "venueneigh: central region": "inform",
                    "parking: yes": "inform",
                    "open span: monument": "inform",
                    "open span: concert": "inform",
                    "open span: park": "inform",
                    "open span: quiet": "inform",
                    "venuename: city square mall": "confirm",
                    "venuename": "request"
                }
            },
            "bstate": {
                "open span: mall": "inform",
                "open span: gong cha": "inform",
                "open span: massage": "inform",
                "open span: spacious": "inform",
                "open span: quiet": "inform",
                "open span: image": "inform",
                "img_gts: building front": "inform",
                "venueneigh: central region": "inform",
                "parking: yes": "inform",
                "open span: monument": "inform",
                "open span: concert": "inform",
                "open span: park": "inform",
                "venuename": "request"
            }
        },
        {
            "turn idx": 2,
            "agent": {
                "transcript": "you can go to fort canning park !",
                "img_gts": [
                    "greenary",
                    "botanic/park"
                ],
                "dialog_act": {
                    "venuename: fort canning park": "recommend",
                    "open span: image": "inform",
                    "img_gts: greenary, botanic/park": "inform"
                }
            },
            "user": {
                "transcript": "okay. can you give me tips?",
                "img_gts": [],
                "turn_label": {
                    "venuename: fort canning park": "confirm",
                    "open span: tip or suggestion": "request"
                }
            },
            "bstate": {
                "open span: mall": "inform",
                "open span: gong cha": "inform",
                "open span: massage": "inform",
                "open span: spacious": "inform",
                "open span: quiet": "inform",
                "open span: image": "inform",
                "venueneigh: central region": "inform",
                "parking: yes": "inform",
                "open span: monument": "inform",
                "open span: concert": "inform",
                "open span: park": "inform",
                "img_gts: greenary, botanic/park": "inform",
                "venuename: fort canning park": "confirm",
                "open span: tip or suggestion": "request"
            }
        },
        {
            "turn idx": 3,
            "agent": {
                "transcript": "great park, but can be very busy on sundays. highlights include spice garden, gothic gates, raffles' house, and keramat iskandar shah. anything else i can help?",
                "img_gts": [],
                "dialog_act": {
                    "open span: anything else": "request"
                }
            },
            "user": {
                "transcript": "nothing else. thanks!",
                "img_gts": [],
                "turn_label": {
                    "open span: anything else": "negate",
                    "placeholder": "bye"
                }
            },
            "bstate": {
                "open span: mall": "inform",
                "open span: gong cha": "inform",
                "open span: massage": "inform",
                "open span: spacious": "inform",
                "open span: quiet": "inform",
                "open span: image": "inform",
                "venueneigh: central region": "inform",
                "parking: yes": "inform",
                "open span: monument": "inform",
                "open span: concert": "inform",
                "open span: park": "inform",
                "img_gts: greenary, botanic/park": "inform",
                "venuename: fort canning park": "confirm"
            }
        },
        {
            "turn idx": 4,
            "agent": {
                "transcript": "enjoy!",
                "img_gts": [],
                "dialog_act": {
                    "placeholder": "bye"
                }
            },
            "user": {
                "transcript": "",
                "img_gts": [],
                "turn_label": {}
            },
            "bstate": {
                "open span: mall": "inform",
                "open span: gong cha": "inform",
                "open span: massage": "inform",
                "open span: spacious": "inform",
                "open span: quiet": "inform",
                "open span: image": "inform",
                "venueneigh: central region": "inform",
                "parking: yes": "inform",
                "open span: monument": "inform",
                "open span: concert": "inform",
                "open span: park": "inform",
                "img_gts: greenary, botanic/park": "inform",
                "venuename: fort canning park": "confirm"
            }
        }
    ],
    "user rating": 4,
    "user setting": "you are at <b>kallang</b> area looking for a <b>shopping mall</b> to buy <b>gong cha</b>. and hope to find a quiet <b>park</b> in <b>central region</b> with <b>free parking</b>.",
    "goal": {
        "id": 1467,
        "type": "multiple",
        "modality": "multiple",
        "content": [
            {
                "imgs": [],
                "Wi-Fi": "Free",
                "terms": [
                    "ice cream",
                    "massage",
                    "saizeriya",
                    "buffet",
                    "tea",
                    "gong cha",
                    "coffee",
                    "spacious",
                    "books",
                    "lunch",
                    "malls",
                    "gardens",
                    "breakfast food",
                    "fried chicken",
                    "dinner",
                    "quiet",
                    "food courts",
                    "milk tea",
                    "caf\u00e9",
                    "sushi"
                ],
                "venueCat": [
                    "Shopping Mall"
                ],
                "venueName": "City Square Mall",
                "preference": {
                    "gong cha": 2,
                    "ice cream": 0,
                    "Shopping Mall": 2,
                    "venueNeigh: Kallang": 2
                },
                "venueNeigh": "Kallang",
                "venueScore": "fair",
                "Credit Cards": "Yes"
            },
            {
                "imgs": [
                    "c9cbdd72a95c7979016d7169a47b4f4c",
                    "8e4c021f5b8ca5269d5ca9251d799ab7"
                ],
                "terms": [
                    "trails",
                    "ballet",
                    "free parking",
                    "monuments",
                    "gardens",
                    "concerts",
                    "movies",
                    "hills",
                    "casual",
                    "scenic views",
                    "park",
                    "picnics",
                    "nice park",
                    "quiet"
                ],
                "venueCat": [
                    "Park",
                    "Monument / Landmark"
                ],
                "venueName": "Fort Canning Park",
                "preference": {
                    "trails": 2,
                    "nice park": 1,
                    "free parking": 2,
                    "drag image to do search": 1,
                    "ask for tips/suggestions": 3
                },
                "venueNeigh": "Central Region",
                "venueScore": "good",
                "Credit Cards": "No"
            }
        ],
        "cnv_cnt": 20,
        "user_setting": "You are at <b>Kallang</b> area looking for a <b>Shopping Mall</b> to buy <b>gong cha</b>. And hope to find a quiet <b>park</b> in <b>Central Region</b> with <b>free parking</b>.",
        "user_location": "Kallang"
    }
}