{
    "id": "1589",
    "dialogue": [
        {
            "turn idx": 0,
            "agent": {
                "transcript": "",
                "img_gts": [],
                "dialog_act": {}
            },
            "user": {
                "transcript": "hi, i am looking for a nice park with trails and free parking. i have a picture like this.",
                "img_gts": [
                    "botanic/park"
                ],
                "turn_label": {
                    "parking: yes": "inform",
                    "open span: image": "inform",
                    "open span: trail": "inform",
                    "open span: nice park": "inform",
                    "placeholder": "greet",
                    "img_gts: botanic/park": "inform"
                }
            },
            "bstate": {
                "parking: yes": "inform",
                "open span: image": "inform",
                "open span: trail": "inform",
                "open span: nice park": "inform",
                "img_gts: botanic/park": "inform"
            }
        },
        {
            "turn idx": 1,
            "agent": {
                "transcript": "you can go to fort canning park. great park, but can be very busy on sundays. reservoir in the centre is off limits. check out the battle box and the spice garden. they also hold awesome concerts and movies on the green.",
                "img_gts": [],
                "dialog_act": {
                    "venuename: fort canning park": "recommend",
                    "open span: concert": "inform",
                    "open span: movie": "inform"
                }
            },
            "user": {
                "transcript": "do you have any more tips?",
                "img_gts": [],
                "turn_label": {
                    "venuename: fort canning park": "confirm",
                    "open span: tip or suggestion": "request"
                }
            },
            "bstate": {
                "parking: yes": "inform",
                "open span: image": "inform",
                "open span: trail": "inform",
                "open span: nice park": "inform",
                "img_gts: botanic/park": "inform",
                "open span: concert": "inform",
                "open span: movie": "inform",
                "venuename: fort canning park": "confirm",
                "open span: tip or suggestion": "request"
            }
        },
        {
            "turn idx": 2,
            "agent": {
                "transcript": "heritage on the hill (2.5 hours). meeting point: along courtyard opposite nparks visitor centre, fort canning centre. call 63321200 or 63321302 to register. free!",
                "img_gts": [],
                "dialog_act": {}
            },
            "user": {
                "transcript": "great! i am also looking for a shopping mall in the kallang area where i can get gong cha and maybe some ice cream too!",
                "img_gts": [],
                "turn_label": {
                    "venueneigh: kallang": "inform",
                    "open span: mall": "inform",
                    "open span: gong cha": "inform",
                    "open span: ice cream": "inform"
                }
            },
            "bstate": {
                "parking: yes": "inform",
                "open span: image": "inform",
                "open span: trail": "inform",
                "open span: nice park": "inform",
                "img_gts: botanic/park": "inform",
                "open span: concert": "inform",
                "open span: movie": "inform",
                "venuename: fort canning park": "confirm",
                "venueneigh: kallang": "inform",
                "open span: mall": "inform",
                "open span: gong cha": "inform",
                "open span: ice cream": "inform"
            }
        },
        {
            "turn idx": 3,
            "agent": {
                "transcript": "you can find these at city square mall! the gong cha store at b2 had the best milk tea in singaporeever! their gong cha oolong also damn solid!",
                "img_gts": [],
                "dialog_act": {
                    "venuename: city square mall": "recommend",
                    "open span: gong cha": "inform"
                }
            },
            "user": {
                "transcript": "alright, thanks for the help!",
                "img_gts": [],
                "turn_label": {
                    "venuename: city square mall": "confirm"
                }
            },
            "bstate": {
                "parking: yes": "inform",
                "open span: image": "inform",
                "open span: trail": "inform",
                "open span: nice park": "inform",
                "img_gts: botanic/park": "inform",
                "open span: concert": "inform",
                "open span: movie": "inform",
                "venueneigh: kallang": "inform",
                "open span: mall": "inform",
                "open span: gong cha": "inform",
                "open span: ice cream": "inform",
                "venuename: city square mall": "confirm"
            }
        },
        {
            "turn idx": 4,
            "agent": {
                "transcript": "is there anything else you need?",
                "img_gts": [],
                "dialog_act": {
                    "open span: anything else": "request"
                }
            },
            "user": {
                "transcript": "nope!",
                "img_gts": [],
                "turn_label": {
                    "open span: anything else": "negate",
                    "placeholder": "bye"
                }
            },
            "bstate": {
                "parking: yes": "inform",
                "open span: image": "inform",
                "open span: trail": "inform",
                "open span: nice park": "inform",
                "img_gts: botanic/park": "inform",
                "open span: concert": "inform",
                "open span: movie": "inform",
                "venueneigh: kallang": "inform",
                "open span: mall": "inform",
                "open span: gong cha": "inform",
                "open span: ice cream": "inform",
                "venuename: city square mall": "confirm"
            }
        }
    ],
    "user rating": 5,
    "user setting": "you are at <b>kallang</b> area looking for a <b>shopping mall</b> to buy <b>gong cha</b>. and hope to find a quiet <b>park</b> in <b>central region</b> with <b>free parking</b>.",
    "goal": {
        "id": 1467,
        "type": "multiple",
        "modality": "multiple",
        "content": [
            {
                "imgs": [],
                "Wi-Fi": "Free",
                "terms": [
                    "ice cream",
                    "massage",
                    "saizeriya",
                    "buffet",
                    "tea",
                    "gong cha",
                    "coffee",
                    "spacious",
                    "books",
                    "lunch",
                    "malls",
                    "gardens",
                    "breakfast food",
                    "fried chicken",
                    "dinner",
                    "quiet",
                    "food courts",
                    "milk tea",
                    "caf\u00e9",
                    "sushi"
                ],
                "venueCat": [
                    "Shopping Mall"
                ],
                "venueName": "City Square Mall",
                "preference": {
                    "gong cha": 2,
                    "ice cream": 0,
                    "Shopping Mall": 2,
                    "venueNeigh: Kallang": 2
                },
                "venueNeigh": "Kallang",
                "venueScore": "fair",
                "Credit Cards": "Yes"
            },
            {
                "imgs": [
                    "c9cbdd72a95c7979016d7169a47b4f4c",
                    "8e4c021f5b8ca5269d5ca9251d799ab7"
                ],
                "terms": [
                    "trails",
                    "ballet",
                    "free parking",
                    "monuments",
                    "gardens",
                    "concerts",
                    "movies",
                    "hills",
                    "casual",
                    "scenic views",
                    "park",
                    "picnics",
                    "nice park",
                    "quiet"
                ],
                "venueCat": [
                    "Park",
                    "Monument / Landmark"
                ],
                "venueName": "Fort Canning Park",
                "preference": {
                    "trails": 2,
                    "nice park": 1,
                    "free parking": 2,
                    "drag image to do search": 1,
                    "ask for tips/suggestions": 3
                },
                "venueNeigh": "Central Region",
                "venueScore": "good",
                "Credit Cards": "No"
            }
        ],
        "cnv_cnt": 20,
        "user_setting": "You are at <b>Kallang</b> area looking for a <b>Shopping Mall</b> to buy <b>gong cha</b>. And hope to find a quiet <b>park</b> in <b>Central Region</b> with <b>free parking</b>.",
        "user_location": "Kallang"
    }
}