{
    "id": "1634",
    "dialogue": [
        {
            "turn idx": 0,
            "agent": {
                "transcript": "good afternoon!",
                "img_gts": [],
                "dialog_act": {}
            },
            "user": {
                "transcript": "hi, i'm looking for river cruise tours with scenic views.",
                "img_gts": [],
                "turn_label": {
                    "open span: river cruise": "inform",
                    "open span: tour": "inform",
                    "open span: scenic view": "inform",
                    "placeholder": "greet"
                }
            },
            "bstate": {
                "open span: river cruise": "inform",
                "open span: tour": "inform",
                "open span: scenic view": "inform"
            }
        },
        {
            "turn idx": 1,
            "agent": {
                "transcript": "you can go to the singapore river. the original singapore river cruise provides you the opportunity to discover singapore\u2019s history.",
                "img_gts": [],
                "dialog_act": {
                    "venuename: singapore river": "recommend",
                    "open span: singapore s history": "inform"
                }
            },
            "user": {
                "transcript": "great! do you have any tips for it?",
                "img_gts": [],
                "turn_label": {
                    "venuename: singapore river": "confirm",
                    "open span: tip or suggestion": "request"
                }
            },
            "bstate": {
                "open span: river cruise": "inform",
                "open span: tour": "inform",
                "open span: scenic view": "inform",
                "open span: singapore s history": "inform",
                "venuename: singapore river": "confirm",
                "open span: tip or suggestion": "request"
            }
        },
        {
            "turn idx": 2,
            "agent": {
                "transcript": "buildings along the river are lit up beautifully from evenings onwards, you can consider going then.",
                "img_gts": [],
                "dialog_act": {
                    "open span: building": "inform",
                    "open span: evening": "inform"
                }
            },
            "user": {
                "transcript": "okay! i'm looking for a dinner place with japanese food for a quick meal.",
                "img_gts": [],
                "turn_label": {
                    "menus: dinner": "inform",
                    "open span: quick meal": "inform",
                    "open span: japanese food": "inform"
                }
            },
            "bstate": {
                "open span: river cruise": "inform",
                "open span: tour": "inform",
                "open span: scenic view": "inform",
                "open span: singapore s history": "inform",
                "venuename: singapore river": "confirm",
                "open span: building": "inform",
                "open span: evening": "inform",
                "menus: dinner": "inform",
                "open span: quick meal": "inform",
                "open span: japanese food": "inform"
            }
        },
        {
            "turn idx": 3,
            "agent": {
                "transcript": "are you looking for any location in particular?",
                "img_gts": [],
                "dialog_act": {
                    "venueneigh": "request"
                }
            },
            "user": {
                "transcript": "near singapore river.",
                "img_gts": [],
                "turn_label": {
                    "venueneigh: singapore river": "inform"
                }
            },
            "bstate": {
                "open span: river cruise": "inform",
                "open span: tour": "inform",
                "open span: scenic view": "inform",
                "open span: singapore s history": "inform",
                "venuename: singapore river": "confirm",
                "open span: building": "inform",
                "open span: evening": "inform",
                "menus: dinner": "inform",
                "open span: quick meal": "inform",
                "open span: japanese food": "inform",
                "venueneigh: singapore river": "inform"
            }
        },
        {
            "turn idx": 4,
            "agent": {
                "transcript": "you can go to tampopo deli. they have good char siew udon.",
                "img_gts": [],
                "dialog_act": {
                    "venuename: tampopo deli": "recommend"
                }
            },
            "user": {
                "transcript": "okay! do they have happy hour?",
                "img_gts": [],
                "turn_label": {
                    "menus: happy hour": "request",
                    "venuename: tampopo deli": "confirm"
                }
            },
            "bstate": {
                "open span: river cruise": "inform",
                "open span: tour": "inform",
                "open span: scenic view": "inform",
                "open span: singapore s history": "inform",
                "open span: building": "inform",
                "open span: evening": "inform",
                "menus: dinner": "inform",
                "open span: quick meal": "inform",
                "open span: japanese food": "inform",
                "venueneigh: singapore river": "inform",
                "menus: happy hour": "request",
                "venuename: tampopo deli": "confirm"
            }
        },
        {
            "turn idx": 5,
            "agent": {
                "transcript": "yes they do.",
                "img_gts": [],
                "dialog_act": {
                    "menus: happy hour": "inform"
                }
            },
            "user": {
                "transcript": "okay thanks! bye.",
                "img_gts": [],
                "turn_label": {
                    "placeholder": "bye"
                }
            },
            "bstate": {
                "open span: river cruise": "inform",
                "open span: tour": "inform",
                "open span: scenic view": "inform",
                "open span: singapore s history": "inform",
                "open span: building": "inform",
                "open span: evening": "inform",
                "menus: dinner": "inform",
                "open span: quick meal": "inform",
                "open span: japanese food": "inform",
                "venueneigh: singapore river": "inform",
                "menus: happy hour": "inform",
                "venuename: tampopo deli": "confirm"
            }
        },
        {
            "turn idx": 6,
            "agent": {
                "transcript": "no problem!",
                "img_gts": [],
                "dialog_act": {
                    "placeholder": "bye"
                }
            },
            "user": {
                "transcript": "",
                "img_gts": [],
                "turn_label": {}
            },
            "bstate": {
                "open span: river cruise": "inform",
                "open span: tour": "inform",
                "open span: scenic view": "inform",
                "open span: singapore s history": "inform",
                "open span: building": "inform",
                "open span: evening": "inform",
                "menus: dinner": "inform",
                "open span: quick meal": "inform",
                "open span: japanese food": "inform",
                "venueneigh: singapore river": "inform",
                "menus: happy hour": "inform",
                "venuename: tampopo deli": "confirm"
            }
        }
    ],
    "user rating": 4,
    "user setting": "you plan to enjoy the <b>river cruise</b> <b>tour</b> and find a place that is <b>good for a quick meal</b> <b>nearby</b>.",
    "goal": {
        "id": 1468,
        "type": "multiple",
        "modality": "multiple",
        "content": [
            {
                "imgs": [
                    "ba550ec09513f11564cf88ab91489518",
                    "df3e3a9bfaf58139770f5436a00a8fa8"
                ],
                "terms": [
                    "clean",
                    "lunch",
                    "river cruise",
                    "tours",
                    "scenic views",
                    "dinner",
                    "hookah",
                    "casual"
                ],
                "venueCat": [
                    "River",
                    "Other Great Outdoors",
                    "Scenic Lookout"
                ],
                "venueName": "Singapore River",
                "preference": {
                    "tours": 1,
                    "river cruise": 2,
                    "scenic views": 2,
                    "Scenic Lookout": 2,
                    "ask for tips/suggestions": 3
                },
                "venueNeigh": "Singapore River",
                "venueScore": "good",
                "Credit Cards": "No"
            },
            {
                "imgs": [
                    "e111d8f35ffb577445ddea4f7b084e84"
                ],
                "Menus": [
                    "Happy Hour"
                ],
                "price": "Moderate",
                "terms": [
                    "cream puffs",
                    "dinner",
                    "patisseries",
                    "tea",
                    "pork",
                    "bento boxes",
                    "chiffon cake",
                    "pudding",
                    "vegetables",
                    "desserts",
                    "good for a quick meal",
                    "Japanese food",
                    "Mont Blanc",
                    "cheese",
                    "matcha"
                ],
                "venueCat": [
                    "Japanese Restaurant",
                    "Deli / Bodega"
                ],
                "venueName": "Tampopo Deli",
                "preference": {
                    "dinner": 2,
                    "price: Moderate": 2,
                    "good for a quick meal": 2,
                    "check Happy Hour in Menus": 3,
                    "venueNeigh: Singapore River": 2,
                    "venueCat:Japanese Restaurant": 2
                },
                "venueNeigh": "Singapore River",
                "venueScore": "average",
                "Reservations": "No",
                "Outdoor Seating": "No"
            }
        ],
        "cnv_cnt": 20,
        "user_setting": "You plan to enjoy the <b>river cruise</b> <b>tour</b> and find a place that is <b>good for a quick meal</b> <b>nearby</b>.",
        "user_location": "unknown"
    }
}