{
    "id": "1643",
    "dialogue": [
        {
            "turn idx": 0,
            "agent": {
                "transcript": "",
                "img_gts": [],
                "dialog_act": {}
            },
            "user": {
                "transcript": "hi i am looking for a cocktail bar thats romantic and is good for dates. somewhere showing scenic views like this.",
                "img_gts": [
                    "grass court",
                    "grass court"
                ],
                "turn_label": {
                    "drinks: full bar": "inform",
                    "drinks: cocktails": "inform",
                    "open span: good for date": "inform",
                    "open span: romantic": "inform",
                    "open span: scenic view": "inform",
                    "placeholder": "greet",
                    "img_gts: grass court, grass court": "inform"
                }
            },
            "bstate": {
                "drinks: full bar": "inform",
                "drinks: cocktails": "inform",
                "open span: good for date": "inform",
                "open span: romantic": "inform",
                "open span: scenic view": "inform",
                "img_gts: grass court, grass court": "inform"
            }
        },
        {
            "turn idx": 1,
            "agent": {
                "transcript": "you can go to smoke & mirrors.",
                "img_gts": [],
                "dialog_act": {
                    "venuename: smoke & mirrors": "recommend"
                }
            },
            "user": {
                "transcript": "great, hows the venue score?",
                "img_gts": [],
                "turn_label": {
                    "venuescore": "request",
                    "venuename: smoke & mirrors": "confirm"
                }
            },
            "bstate": {
                "drinks: full bar": "inform",
                "drinks: cocktails": "inform",
                "open span: good for date": "inform",
                "open span: romantic": "inform",
                "open span: scenic view": "inform",
                "img_gts: grass court, grass court": "inform",
                "venuescore": "request",
                "venuename: smoke & mirrors": "confirm"
            }
        },
        {
            "turn idx": 2,
            "agent": {
                "transcript": "it's average.",
                "img_gts": [],
                "dialog_act": {
                    "venuescore: average": "inform"
                }
            },
            "user": {
                "transcript": "i need the score to be good. do you know other cocktail bar that plays trendy music and have views from the top of marina bay ?",
                "img_gts": [],
                "turn_label": {
                    "venuename: smoke & mirrors": "negate",
                    "venuescore: good": "inform",
                    "drinks: full bar": "inform",
                    "drinks: cocktails": "inform",
                    "music: yes": "inform",
                    "open span: top of marina bay": "inform",
                    "open span: trendy": "inform"
                }
            },
            "bstate": {
                "drinks: full bar": "inform",
                "drinks: cocktails": "inform",
                "open span: good for date": "inform",
                "open span: romantic": "inform",
                "open span: scenic view": "inform",
                "img_gts: grass court, grass court": "inform",
                "venuescore: good": "inform",
                "music: yes": "inform",
                "open span: top of marina bay": "inform",
                "open span: trendy": "inform"
            }
        },
        {
            "turn idx": 3,
            "agent": {
                "transcript": "you can dine at spago.",
                "img_gts": [],
                "dialog_act": {
                    "venuename: spago": "recommend"
                }
            },
            "user": {
                "transcript": "great, any tips?",
                "img_gts": [],
                "turn_label": {
                    "venuename: spago": "confirm",
                    "open span: tip or suggestion": "request"
                }
            },
            "bstate": {
                "drinks: full bar": "inform",
                "drinks: cocktails": "inform",
                "open span: good for date": "inform",
                "open span: romantic": "inform",
                "open span: scenic view": "inform",
                "img_gts: grass court, grass court": "inform",
                "venuescore: good": "inform",
                "music: yes": "inform",
                "open span: top of marina bay": "inform",
                "open span: trendy": "inform",
                "venuename: spago": "confirm",
                "open span: tip or suggestion": "request"
            }
        },
        {
            "turn idx": 4,
            "agent": {
                "transcript": "if you have breakfast included to your reservation, go here for the breakfast! nicest views and atmosphere.",
                "img_gts": [],
                "dialog_act": {
                    "menus: breakfast": "inform"
                }
            },
            "user": {
                "transcript": "ok thanks.",
                "img_gts": [],
                "turn_label": {
                    "placeholder": "bye"
                }
            },
            "bstate": {
                "drinks: full bar": "inform",
                "drinks: cocktails": "inform",
                "open span: good for date": "inform",
                "open span: romantic": "inform",
                "open span: scenic view": "inform",
                "img_gts: grass court, grass court": "inform",
                "venuescore: good": "inform",
                "music: yes": "inform",
                "open span: top of marina bay": "inform",
                "open span: trendy": "inform",
                "venuename: spago": "confirm",
                "menus: breakfast": "inform"
            }
        }
    ],
    "user rating": 3,
    "user setting": "you are looking for a <b>cocktail bar</b>. the first recommended <b>smoke & mirrors</b> meets your requirements but fails when you check <b>venuescore</b>. so you ask for another one.",
    "goal": {
        "id": 1461,
        "type": "multiple",
        "modality": "multiple",
        "content": [
            {
                "imgs": [
                    "155db8e03d178215ee4926a39592943b",
                    "58e1bc914d01697a026deaaccc5dfc8e",
                    "8d25c12f5d6cecbf6ab4a4ef366a1577"
                ],
                "Wi-Fi": "Yes",
                "price": "Expensive",
                "terms": [
                    "cocktails",
                    "trendy",
                    "good for dates",
                    "fancy",
                    "lively",
                    "galleries",
                    "good for special occasions",
                    "cheese plates",
                    "bar snacks",
                    "tofu",
                    "scenic views",
                    "good for groups"
                ],
                "Drinks": [
                    "Full Bar",
                    "Cocktails"
                ],
                "venueCat": [
                    "Cocktail Bar",
                    "Lounge",
                    "Roof Deck"
                ],
                "venueName": "Smoke & Mirrors",
                "preference": {
                    "scenic views": 2,
                    "good for dates": 2,
                    "drag image to do search": 1,
                    "check venueScore to be good": 3
                },
                "venueNeigh": "Downtown Core",
                "venueScore": "average",
                "Reservations": "Yes",
                "Outdoor Seating": "Yes"
            },
            {
                "imgs": [],
                "Menus": [
                    "Breakfast",
                    "Lunch",
                    "Dinner",
                    "Happy Hour"
                ],
                "Music": "Live Music",
                "Wi-Fi": "Yes",
                "price": "Moderate",
                "terms": [
                    "risotto",
                    "intimate",
                    "coconut",
                    "music",
                    "cocktails",
                    "romantic",
                    "scenic views",
                    "trendy",
                    "salted caramel souffle",
                    "spicy tuna",
                    "top of marina bay",
                    "shrimp tempura",
                    "outdoor seating",
                    "desserts",
                    "delis",
                    "octopus",
                    "fancy",
                    "cozy",
                    "bay sands hotel",
                    "breakfast food"
                ],
                "Drinks": [
                    "Wine",
                    "Full Bar",
                    "Cocktails"
                ],
                "venueCat": [
                    "Italian Restaurant",
                    "New American Restaurant",
                    "Cocktail Bar"
                ],
                "venueName": "Spago",
                "preference": {
                    "music": 2,
                    "Cocktail Bar": 2,
                    "venueScore: good": 2,
                    "top of marina bay": 2,
                    "get tips/suggestions": 3
                },
                "venueNeigh": "Financial District",
                "venueScore": "good",
                "Credit Cards": "Yes",
                "Reservations": "Yes",
                "Dining Options": [
                    "No Delivery"
                ],
                "Outdoor Seating": "Yes"
            }
        ],
        "cnv_cnt": 20,
        "user_setting": "You are looking for a <b>Cocktail Bar</b>. The first recommended <b>Smoke & Mirrors</b> meets your requirements but fails when you check <b>venueScore</b>. So you ask for another one.",
        "user_location": "unknown"
    }
}