{
    "id": "1659",
    "dialogue": [
        {
            "turn idx": 0,
            "agent": {
                "transcript": "",
                "img_gts": [],
                "dialog_act": {}
            },
            "user": {
                "transcript": "hi there! i am looking for hotel with balcony to stay near kallang. i am hoping that the hotel will clean rooms. i also plan to visit a zoo to see pandas, it will be cool if i can go on boat rides in the zoo. hence, could you recommend me the suitable places that fits my requirements?",
                "img_gts": [],
                "turn_label": {
                    "open span: zoo": "inform",
                    "open span: hotel": "inform",
                    "open span: boat ride": "inform",
                    "open span: balcony": "inform",
                    "open span: panda": "inform",
                    "open span: clean": "inform",
                    "venuename": "request",
                    "placeholder": "greet"
                }
            },
            "bstate": {
                "open span: zoo": "inform",
                "open span: hotel": "inform",
                "open span: boat ride": "inform",
                "open span: balcony": "inform",
                "open span: panda": "inform",
                "open span: clean": "inform",
                "venuename": "request"
            }
        },
        {
            "turn idx": 1,
            "agent": {
                "transcript": "hello!\nfor the hotel, i recommend that you stay in hotel boss. it meets all your requirements and you would be able to have scenic views from your balcony. \nas for the zoo, you can go to river safari as it offers boat rides and you will also get to see the pandas, jia jia & kai kai!",
                "img_gts": [],
                "dialog_act": {
                    "venuename: hotel boss": "recommend",
                    "venuename: river safari": "recommend",
                    "open span: boat ride": "inform",
                    "open span: scenic view": "inform",
                    "open span: panda": "inform"
                }
            },
            "user": {
                "transcript": "that's great! could you also give me some suggestions on river safari?",
                "img_gts": [],
                "turn_label": {
                    "open span: tip or suggestion": "request",
                    "venuename: hotel boss": "confirm",
                    "venuename: river safari": "confirm"
                }
            },
            "bstate": {
                "open span: zoo": "inform",
                "open span: hotel": "inform",
                "open span: boat ride": "inform",
                "open span: balcony": "inform",
                "open span: panda": "inform",
                "open span: clean": "inform",
                "open span: scenic view": "inform",
                "open span: tip or suggestion": "request",
                "venuename: river safari": "confirm"
            }
        },
        {
            "turn idx": 2,
            "agent": {
                "transcript": "the river safari is a river-themed zoo and aquarium located in singapore. it is built over 12 hectares and nestled between its two counterparts, the singapore zoo and the night safari, singapore. it is the first of its kind in asia and features freshwater exhibits and a river boat ride as its main highlights. river safari is popular hence boat reservation is out fast so it's best if you come here in the morning and spend the afternoon at the singapore zoo. also, remember to book slots for the amazon river quest ride at the visitor service counter and it is best to book before noon during peak days to prevent disappointment. the amazon river quest ride is currently foc for each admission ticket bought!",
                "img_gts": [],
                "dialog_act": {}
            },
            "user": {
                "transcript": "thank you so much for the suggestions. they are really helpful. i have nothing else i want to ask. thank you so much and bye.",
                "img_gts": [],
                "turn_label": {
                    "placeholder": "bye"
                }
            },
            "bstate": {
                "open span: zoo": "inform",
                "open span: hotel": "inform",
                "open span: boat ride": "inform",
                "open span: balcony": "inform",
                "open span: panda": "inform",
                "open span: clean": "inform",
                "open span: scenic view": "inform",
                "venuename: river safari": "confirm"
            }
        },
        {
            "turn idx": 3,
            "agent": {
                "transcript": "no problem. bye.",
                "img_gts": [],
                "dialog_act": {
                    "placeholder": "bye"
                }
            },
            "user": {
                "transcript": "",
                "img_gts": [],
                "turn_label": {}
            },
            "bstate": {
                "open span: zoo": "inform",
                "open span: hotel": "inform",
                "open span: boat ride": "inform",
                "open span: balcony": "inform",
                "open span: panda": "inform",
                "open span: clean": "inform",
                "open span: scenic view": "inform",
                "venuename: river safari": "confirm"
            }
        }
    ],
    "user rating": 4,
    "user setting": "you are looking for hotel with <b>balcony</b> to stay near <b>kallang</b>. also plan to visit a <b>zoo</b> to see <b>pandas</b>.",
    "goal": {
        "id": 1474,
        "type": "multiple",
        "modality": "multiple",
        "content": [
            {
                "imgs": [],
                "terms": [
                    "good wifi",
                    "clean rooms",
                    "balcony",
                    "hotel",
                    "bus stops",
                    "bus",
                    "scenic views"
                ],
                "venueCat": [
                    "Hotel"
                ],
                "venueName": "Hotel Boss",
                "preference": {
                    "hotel": 2,
                    "balcony": 2,
                    "clean rooms": 1,
                    "venueNeigh: Kallang": 2
                },
                "venueNeigh": "Kallang",
                "venueScore": "average",
                "Credit Cards": "Yes"
            },
            {
                "imgs": [
                    "c62e3325241078f83f7d9f20f648cd1c",
                    "9bc1c1d099e44a94a59a7676eb4d7c37"
                ],
                "terms": [
                    "fish",
                    "takes reservations",
                    "pandas",
                    "wildlife",
                    "zoos",
                    "park",
                    "boat rides",
                    "family outings",
                    "cute",
                    "manatees",
                    "tourism",
                    "aquariums",
                    "tours",
                    "exhibits",
                    "kai kai and jia jia"
                ],
                "venueCat": [
                    "Zoo"
                ],
                "venueName": "River Safari",
                "preference": {
                    "zoo": 2,
                    "pandas": 2,
                    "boat rides": 1,
                    "ask for tips/suggestions": 3
                },
                "venueNeigh": "Central Catchment Nature Reserve",
                "venueScore": "average",
                "Credit Cards": "Yes",
                "Reservations": "Yes"
            }
        ],
        "cnv_cnt": 20,
        "user_setting": "You are looking for hotel with <b>balcony</b> to stay near <b>Kallang</b>. Also plan to visit a <b>zoo</b> to see <b>pandas</b>.",
        "user_location": "unknown"
    }
}