{
    "id": "1751",
    "dialogue": [
        {
            "turn idx": 0,
            "agent": {
                "transcript": "",
                "img_gts": [],
                "dialog_act": {}
            },
            "user": {
                "transcript": "hello. i am looking for a family-friendly asian restaurant that serves kway tiao and lobster and also preferably peking duck too.",
                "img_gts": [],
                "turn_label": {
                    "open span: family friendly": "inform",
                    "open span: kway tiao": "inform",
                    "open span: asian restaurant": "inform",
                    "open span: peking duck": "inform",
                    "open span: lobster": "inform",
                    "placeholder": "greet"
                }
            },
            "bstate": {
                "open span: family friendly": "inform",
                "open span: kway tiao": "inform",
                "open span: asian restaurant": "inform",
                "open span: peking duck": "inform",
                "open span: lobster": "inform"
            }
        },
        {
            "turn idx": 1,
            "agent": {
                "transcript": "hello. you can try out straits kitchen.",
                "img_gts": [],
                "dialog_act": {
                    "venuename: straits kitchen": "recommend"
                }
            },
            "user": {
                "transcript": "does it have serve peking duck?",
                "img_gts": [],
                "turn_label": {
                    "open span: peking duck": "request"
                }
            },
            "bstate": {
                "open span: family friendly": "inform",
                "open span: kway tiao": "inform",
                "open span: asian restaurant": "inform",
                "open span: peking duck": "inform",
                "open span: lobster": "inform",
                "venuename: straits kitchen": "recommend"
            }
        },
        {
            "turn idx": 2,
            "agent": {
                "transcript": "sorry, no it doesnt.",
                "img_gts": [],
                "dialog_act": {}
            },
            "user": {
                "transcript": "ok i will need a new recommendation. hopefully one that serves peking duck and dim sum with good service.",
                "img_gts": [],
                "turn_label": {
                    "open span: peking duck": "inform",
                    "open span: good service": "inform",
                    "open span: dim sum": "inform",
                    "venuename: straits kitchen": "negate"
                }
            },
            "bstate": {
                "open span: family friendly": "inform",
                "open span: kway tiao": "inform",
                "open span: asian restaurant": "inform",
                "open span: peking duck": "inform",
                "open span: lobster": "inform",
                "open span: good service": "inform",
                "open span: dim sum": "inform"
            }
        },
        {
            "turn idx": 3,
            "agent": {
                "transcript": "you can try out shang palace in tanglin that is well known for dim sum and peking duck.",
                "img_gts": [],
                "dialog_act": {
                    "venuename: shang palace": "recommend",
                    "venueneigh: tanglin": "inform",
                    "open span: peking duck": "inform",
                    "open span: dim sum": "inform"
                }
            },
            "user": {
                "transcript": "can i check if shang palace has michelin stars too?",
                "img_gts": [],
                "turn_label": {
                    "open span: michelin star": "request"
                }
            },
            "bstate": {
                "open span: family friendly": "inform",
                "open span: kway tiao": "inform",
                "open span: asian restaurant": "inform",
                "open span: peking duck": "inform",
                "open span: lobster": "inform",
                "open span: good service": "inform",
                "open span: dim sum": "inform",
                "venuename: shang palace": "recommend",
                "venueneigh: tanglin": "inform",
                "open span: michelin star": "request"
            }
        },
        {
            "turn idx": 4,
            "agent": {
                "transcript": "no, it doesn't. perhaps i could give you another recommendation?",
                "img_gts": [],
                "dialog_act": {
                    "open span: another": "request"
                }
            },
            "user": {
                "transcript": "yes, would like another recommendation of a restaurant that serves dim sum, peking duck (as seen in the image) with michelin stars and also good service! would like to find out what to take note in this chinese restaurant as well.",
                "img_gts": [
                    "spring roll",
                    "roasted duck"
                ],
                "turn_label": {
                    "open span: michelin star": "inform",
                    "open span: peking duck": "inform",
                    "open span: good service": "inform",
                    "open span: dim sum": "inform",
                    "venuename: shang palace": "negate",
                    "open span: tip or suggestion": "request",
                    "open span: image": "inform",
                    "img_gts: spring roll, roasted duck": "inform"
                }
            },
            "bstate": {
                "open span: family friendly": "inform",
                "open span: kway tiao": "inform",
                "open span: asian restaurant": "inform",
                "open span: peking duck": "inform",
                "open span: lobster": "inform",
                "open span: good service": "inform",
                "open span: dim sum": "inform",
                "venueneigh: tanglin": "inform",
                "open span: michelin star": "inform",
                "open span: another": "request",
                "open span: tip or suggestion": "request",
                "open span: image": "inform",
                "img_gts: spring roll, roasted duck": "inform"
            }
        },
        {
            "turn idx": 5,
            "agent": {
                "transcript": "summer pavilion  will be the place to go based on your requests! do try out their signature dishes- the peking duck and sea perch.",
                "img_gts": [],
                "dialog_act": {
                    "venuename: summer pavilion": "recommend",
                    "open span: peking duck": "inform"
                }
            },
            "user": {
                "transcript": "finally! ok will check summer pavilion out! thanks and bye!",
                "img_gts": [],
                "turn_label": {
                    "venuename: summer pavilion": "confirm",
                    "placeholder": "bye"
                }
            },
            "bstate": {
                "open span: family friendly": "inform",
                "open span: kway tiao": "inform",
                "open span: asian restaurant": "inform",
                "open span: peking duck": "inform",
                "open span: lobster": "inform",
                "open span: good service": "inform",
                "open span: dim sum": "inform",
                "venueneigh: tanglin": "inform",
                "open span: michelin star": "inform",
                "open span: image": "inform",
                "img_gts: spring roll, roasted duck": "inform",
                "venuename: summer pavilion": "confirm"
            }
        },
        {
            "turn idx": 6,
            "agent": {
                "transcript": "it is my pleasure to serve you and good bye :).",
                "img_gts": [],
                "dialog_act": {
                    "placeholder": "bye"
                }
            },
            "user": {
                "transcript": "",
                "img_gts": [],
                "turn_label": {}
            },
            "bstate": {
                "open span: family friendly": "inform",
                "open span: kway tiao": "inform",
                "open span: asian restaurant": "inform",
                "open span: peking duck": "inform",
                "open span: lobster": "inform",
                "open span: good service": "inform",
                "open span: dim sum": "inform",
                "venueneigh: tanglin": "inform",
                "open span: michelin star": "inform",
                "open span: image": "inform",
                "img_gts: spring roll, roasted duck": "inform",
                "venuename: summer pavilion": "confirm"
            }
        }
    ],
    "user rating": 4,
    "user setting": "<b>**use at least three turns of question&answers to find one venue!**</b> you are looking for an <b>asian restaurant</b>. based on requirements uttered, the agent found <b>straits kitchen</b>. however, when you check whether serve <b>peking duck</b>, you prefer one serves it, so the agent try to find another one. based on requirements uttered, the agent found <b>shang palace</b>. however, when you check whether it has <b>michelin stars</b>, you prefer one with it, so the agent try to find another one.",
    "goal": {
        "id": 1487,
        "type": "multiple",
        "modality": "multiple",
        "content": [
            {
                "imgs": [
                    "cc8a39f9355554c6592c727340433aeb",
                    "1f9f8fc0b023eacedb7fbcceb3a74d06"
                ],
                "Menus": [
                    "Breakfast",
                    "Brunch",
                    "Lunch",
                    "Dinner"
                ],
                "Wi-Fi": "Yes",
                "price": "Moderate",
                "terms": [
                    "carrot cake",
                    "fancy",
                    "satay",
                    "sea bass",
                    "romantic",
                    "chili crabs",
                    "seafood",
                    "kway tiao",
                    "buffet",
                    "breakfast food",
                    "Indian food",
                    "desserts",
                    "dinner",
                    "family-friendly",
                    "lobster",
                    "lively",
                    "lunch",
                    "casual",
                    "laksa",
                    "good for groups"
                ],
                "Drinks": [
                    "Full Bar"
                ],
                "venueCat": [
                    "Asian Restaurant",
                    "Breakfast Spot",
                    "Halal Restaurant"
                ],
                "venueName": "Straits Kitchen",
                "preference": {
                    "lobster": 2,
                    "kway tiao": 1,
                    "family-friendly": 2,
                    "Asian Restaurant": 1,
                    "check whether serve Peking duck": 3
                },
                "venueNeigh": "Orchard Road",
                "venueScore": "average",
                "venueDomain": "food",
                "Credit Cards": "Yes",
                "Reservations": "Yes",
                "Dining Options": [
                    "No Delivery"
                ],
                "Outdoor Seating": "No"
            },
            {
                "imgs": [],
                "Menus": [
                    "Brunch",
                    "Lunch",
                    "Dinner"
                ],
                "terms": [
                    "braised pork",
                    "steamed buns",
                    "Peking duck",
                    "sticky rice",
                    "dim sum",
                    "tea",
                    "lunch",
                    "dinner",
                    "cod",
                    "good service",
                    "pork ribs",
                    "breadsticks",
                    "wasabi prawns"
                ],
                "Parking": [
                    "Private Lot"
                ],
                "venueCat": [
                    "Cantonese Restaurant",
                    "Dim Sum Restaurant"
                ],
                "venueName": "Shang Palace",
                "preference": {
                    "dim sum": 1,
                    "Peking duck": 2,
                    "good service": 2,
                    "steamed buns": 1,
                    "check Michelin stars": 3
                },
                "venueNeigh": "Tanglin",
                "venueScore": "average",
                "venueDomain": "food",
                "Credit Cards": "Yes",
                "Reservations": "Yes",
                "Dining Options": [
                    "No Delivery"
                ],
                "Outdoor Seating": "No"
            },
            {
                "imgs": [
                    "5093bdc9448aca4722d17d5beaa676fd",
                    "11d6f2c097a3f3443071e1bef7004e70"
                ],
                "Wi-Fi": "Free",
                "price": "Cheap",
                "terms": [
                    "perch",
                    "Peking duck",
                    "cozy",
                    "dim sum",
                    "fancy",
                    "good service",
                    "Michelin stars"
                ],
                "venueCat": [
                    "Chinese Restaurant"
                ],
                "venueName": "Summer Pavilion",
                "preference": {
                    "dim sum": 1,
                    "Peking duck": 2,
                    "good service": 1,
                    "Michelin stars": 2,
                    "agent recommend image to user": 1,
                    "ask for tips or suggestions or things to take note": 3
                },
                "venueNeigh": "Downtown Core",
                "venueScore": "average",
                "venueDomain": "food",
                "Credit Cards": "Yes",
                "Reservations": "Yes",
                "Dining Options": [
                    "No Delivery"
                ],
                "Outdoor Seating": "No"
            }
        ],
        "cnv_cnt": 20,
        "user_setting": "<b>**Use at least three turns of Question&Answers to find one venue!**</b> You are looking for an <b>Asian Restaurant</b>. Based on requirements uttered, the agent found <b>Straits Kitchen</b>. However, when you check whether serve <b>Peking duck</b>, you prefer one serves it, so the agent try to find another one. Based on requirements uttered, the agent found <b>Shang Palace</b>. However, when you check whether it has <b>Michelin stars</b>, you prefer one with it, so the agent try to find another one.",
        "user_location": "unknown"
    }
}