{
    "id": "1788",
    "dialogue": [
        {
            "turn idx": 0,
            "agent": {
                "transcript": "",
                "img_gts": [],
                "dialog_act": {}
            },
            "user": {
                "transcript": "hello. i am looking for an indian restaurant for lunch and would like you to recommend a fancy restaurant that offers healthy food, lunch buffet, good service and is good for special occasions. what restaurant would you recommend?",
                "img_gts": [],
                "turn_label": {
                    "menus: lunch": "inform",
                    "open span: fancy": "inform",
                    "open span: good service": "inform",
                    "open span: good for special occasion": "inform",
                    "venuename": "request",
                    "placeholder": "greet"
                }
            },
            "bstate": {
                "menus: lunch": "inform",
                "open span: fancy": "inform",
                "open span: good service": "inform",
                "open span: good for special occasion": "inform",
                "venuename": "request"
            }
        },
        {
            "turn idx": 1,
            "agent": {
                "transcript": "you can dine at rang mahal, a restaurant that offers healthy food, desserts, and fancy indian food for their lunch buffet. it is located at downtown core.",
                "img_gts": [],
                "dialog_act": {
                    "menus: lunch": "inform",
                    "menus: dessert": "inform",
                    "venuename: rang mahal": "recommend",
                    "venueneigh: downtown core": "inform",
                    "open span: fancy": "inform",
                    "open span: indian food": "inform"
                }
            },
            "user": {
                "transcript": "i see. however, i would very much prefer a restaurant that is located near little india instead. do you have any other recommendations for indian restaurants that are good for dates?",
                "img_gts": [],
                "turn_label": {
                    "venueneigh: little india": "inform",
                    "open span: good for date": "inform",
                    "venuename: rang mahal": "negate",
                    "open span: recommendation": "request"
                }
            },
            "bstate": {
                "menus: lunch": "inform",
                "open span: fancy": "inform",
                "open span: good service": "inform",
                "open span: good for special occasion": "inform",
                "menus: dessert": "inform",
                "open span: indian food": "inform",
                "venueneigh: little india": "inform",
                "open span: good for date": "inform",
                "open span: recommendation": "request"
            }
        },
        {
            "turn idx": 2,
            "agent": {
                "transcript": "no problem. you can go to lagnaa barefoot dining, known to be one the best indian restaurants in singapore. the cozy restaurant is not only good for dates, but also serves a plethora of healthy food such as naan, palak paneer, mutton curry, masala, butter chicken and margaritas.",
                "img_gts": [],
                "dialog_act": {
                    "venuename: lagnaa barefoot dining": "recommend",
                    "open span: good for date": "inform",
                    "open span: cozy": "inform",
                    "open span: butter chicken": "inform",
                    "open span: margarita": "inform",
                    "open span: naan": "inform",
                    "open span: mutton": "inform",
                    "open span: palak paneer": "inform"
                }
            },
            "user": {
                "transcript": "sounds great!. what is their speciality dish?",
                "img_gts": [],
                "turn_label": {
                    "venuename: lagnaa barefoot dining": "confirm"
                }
            },
            "bstate": {
                "menus: lunch": "inform",
                "open span: fancy": "inform",
                "open span: good service": "inform",
                "open span: good for special occasion": "inform",
                "menus: dessert": "inform",
                "open span: indian food": "inform",
                "venueneigh: little india": "inform",
                "open span: good for date": "inform",
                "open span: cozy": "inform",
                "open span: butter chicken": "inform",
                "open span: margarita": "inform",
                "open span: naan": "inform",
                "open span: mutton": "inform",
                "open span: palak paneer": "inform",
                "venuename: lagnaa barefoot dining": "confirm"
            }
        },
        {
            "turn idx": 3,
            "agent": {
                "transcript": "the restaurant is popular for their naan and butter chicken, as shown in the picture. you will not be disappointed!",
                "img_gts": [
                    "indian food"
                ],
                "dialog_act": {
                    "open span: image": "inform",
                    "open span: butter chicken": "inform",
                    "open span: naan": "inform",
                    "img_gts: indian food": "inform"
                }
            },
            "user": {
                "transcript": "looks delicious! i shall head to this restaurant then!",
                "img_gts": [],
                "turn_label": {}
            },
            "bstate": {
                "menus: lunch": "inform",
                "open span: fancy": "inform",
                "open span: good service": "inform",
                "open span: good for special occasion": "inform",
                "menus: dessert": "inform",
                "open span: indian food": "inform",
                "venueneigh: little india": "inform",
                "open span: good for date": "inform",
                "open span: cozy": "inform",
                "open span: butter chicken": "inform",
                "open span: margarita": "inform",
                "open span: naan": "inform",
                "open span: mutton": "inform",
                "open span: palak paneer": "inform",
                "venuename: lagnaa barefoot dining": "confirm",
                "open span: image": "inform",
                "img_gts: indian food": "inform"
            }
        },
        {
            "turn idx": 4,
            "agent": {
                "transcript": "enjoy! is there anything else i can help you with?",
                "img_gts": [],
                "dialog_act": {
                    "open span: anything else": "request"
                }
            },
            "user": {
                "transcript": "no thank you. bye.",
                "img_gts": [],
                "turn_label": {
                    "placeholder": "bye"
                }
            },
            "bstate": {
                "menus: lunch": "inform",
                "open span: fancy": "inform",
                "open span: good service": "inform",
                "open span: good for special occasion": "inform",
                "menus: dessert": "inform",
                "open span: indian food": "inform",
                "venueneigh: little india": "inform",
                "open span: good for date": "inform",
                "open span: cozy": "inform",
                "open span: butter chicken": "inform",
                "open span: margarita": "inform",
                "open span: naan": "inform",
                "open span: mutton": "inform",
                "open span: palak paneer": "inform",
                "venuename: lagnaa barefoot dining": "confirm",
                "open span: image": "inform",
                "img_gts: indian food": "inform",
                "open span: anything else": "request"
            }
        }
    ],
    "user rating": 5,
    "user setting": "<b>**use at least three turns of question&answers to find one venue!**</b> you are looking for an <b>indian restaurant</b> for lunch. <b></b> based on requirements uttered, the agent found <b>rang mahal</b>. however, when you check location area, you prefer one near <b>little india</b>, then the agent recommends again.",
    "goal": {
        "id": 1502,
        "type": "multiple",
        "modality": "multiple",
        "content": [
            {
                "imgs": [],
                "Menus": [
                    "Brunch",
                    "Lunch",
                    "Dinner"
                ],
                "Wi-Fi": "Yes",
                "price": "Moderate",
                "terms": [
                    "lunch buffet",
                    "good for business meetings",
                    "healthy food",
                    "fancy",
                    "Indian food",
                    "desserts",
                    "dinner",
                    "good for special occasions",
                    "good for working",
                    "good service"
                ],
                "venueCat": [
                    "Indian Restaurant"
                ],
                "venueName": "Rang Mahal",
                "preference": {
                    "healthy food": 1,
                    "lunch buffet": 2,
                    "Indian Restaurant": 2,
                    "check location area": 3,
                    "good for special occasions": 2
                },
                "venueNeigh": "Downtown Core",
                "venueScore": "average",
                "venueDomain": "food",
                "Credit Cards": "Yes",
                "Reservations": "Yes",
                "Dining Options": [
                    "No Delivery"
                ],
                "Outdoor Seating": "No"
            },
            {
                "imgs": [
                    "f50d2bf08e0fbdb75e5e848c176c3206",
                    "5e27e34bdc6009aab26c21901046f3ec"
                ],
                "price": "Moderate",
                "terms": [
                    "trendy",
                    "makni",
                    "desserts",
                    "cozy",
                    "good for dates",
                    "healthy food",
                    "naan",
                    "palak paneer",
                    "casual",
                    "Indian food",
                    "yogurt",
                    "mutton",
                    "lassi",
                    "spicy food",
                    "masala",
                    "chili",
                    "margaritas",
                    "curry",
                    "butter chicken",
                    "restaurants in singapore"
                ],
                "venueCat": [
                    "Indian Restaurant"
                ],
                "venueName": "Lagnaa Barefoot Dining",
                "preference": {
                    "good for dates": 1,
                    "Indian Restaurant": 2,
                    "show image to user": 1,
                    "location area: Little India": 2,
                    "ask for tips or suggestions or things to take note": 3
                },
                "venueNeigh": "Little India",
                "venueScore": "average",
                "venueDomain": "food",
                "Credit Cards": "Yes",
                "Reservations": "Yes"
            }
        ],
        "cnv_cnt": 20,
        "user_setting": "<b>**Use at least three turns of Question&Answers to find one venue!**</b> You are looking for an <b>Indian Restaurant</b> for lunch. <b></b> Based on requirements uttered, the agent found <b>Rang Mahal</b>. However, when you check location area, you prefer one near <b>Little India</b>, then the agent recommends again.",
        "user_location": "unknown"
    }
}