{
    "id": "1792",
    "dialogue": [
        {
            "turn idx": 0,
            "agent": {
                "transcript": "",
                "img_gts": [],
                "dialog_act": {}
            },
            "user": {
                "transcript": "hi, i am looking for a bar in the central region with live music, preferably english pop.",
                "img_gts": [],
                "turn_label": {
                    "venueneigh: central region": "inform",
                    "music: live music": "inform",
                    "open span: english pop": "inform",
                    "open span: bar": "inform",
                    "placeholder": "greet"
                }
            },
            "bstate": {
                "venueneigh: central region": "inform",
                "music: live music": "inform",
                "open span: english pop": "inform",
                "open span: bar": "inform"
            }
        },
        {
            "turn idx": 1,
            "agent": {
                "transcript": "switch by timbre would be great! someone has said: great place to make bonding with friends and colleagues! tasty pizza! tall glasses beer! live band! yeah!",
                "img_gts": [],
                "dialog_act": {
                    "venuename: switch by timbre": "recommend",
                    "drinks: beer": "inform",
                    "open span: tasty": "inform",
                    "open span: pizza": "inform",
                    "open span: live band": "inform",
                    "open span: friend": "inform"
                }
            },
            "user": {
                "transcript": "what is the price range?",
                "img_gts": [],
                "turn_label": {
                    "price": "request"
                }
            },
            "bstate": {
                "venueneigh: central region": "inform",
                "music: live music": "inform",
                "open span: english pop": "inform",
                "open span: bar": "inform",
                "venuename: switch by timbre": "recommend",
                "drinks: beer": "inform",
                "open span: tasty": "inform",
                "open span: pizza": "inform",
                "open span: live band": "inform",
                "open span: friend": "inform",
                "price": "request"
            }
        },
        {
            "turn idx": 2,
            "agent": {
                "transcript": "the prices are rated expensive.",
                "img_gts": [],
                "dialog_act": {
                    "price: expensive": "inform"
                }
            },
            "user": {
                "transcript": "oh okay, could we try to find another place in the central region then? as i am looking for one with a more moderate price range.",
                "img_gts": [],
                "turn_label": {
                    "venueneigh: central region": "inform",
                    "price: moderate": "inform",
                    "open span: another": "request",
                    "venuename: switch by timbre": "negate"
                }
            },
            "bstate": {
                "music: live music": "inform",
                "open span: english pop": "inform",
                "open span: bar": "inform",
                "drinks: beer": "inform",
                "open span: tasty": "inform",
                "open span: pizza": "inform",
                "open span: live band": "inform",
                "open span: friend": "inform",
                "venueneigh: central region": "inform",
                "price: moderate": "inform",
                "open span: another": "request"
            }
        },
        {
            "turn idx": 3,
            "agent": {
                "transcript": "sure, what are your preferences?",
                "img_gts": [],
                "dialog_act": {
                    "open span: preference": "request"
                }
            },
            "user": {
                "transcript": "i am looking for a place that is good for special occasions and i heard that there is another bar that has nice cocktails and chicken wings.",
                "img_gts": [],
                "turn_label": {
                    "drinks: cocktails": "inform",
                    "open span: chicken wing": "inform",
                    "open span: good for special occasion": "inform",
                    "open span: bar": "inform",
                    "venuename: switch by timbre": "negate"
                }
            },
            "bstate": {
                "music: live music": "inform",
                "open span: english pop": "inform",
                "open span: bar": "inform",
                "drinks: beer": "inform",
                "open span: tasty": "inform",
                "open span: pizza": "inform",
                "open span: live band": "inform",
                "open span: friend": "inform",
                "venueneigh: central region": "inform",
                "price: moderate": "inform",
                "open span: preference": "request",
                "drinks: cocktails": "inform",
                "open span: chicken wing": "inform",
                "open span: good for special occasion": "inform"
            }
        },
        {
            "turn idx": 4,
            "agent": {
                "transcript": "timbre would be just the place!",
                "img_gts": [],
                "dialog_act": {
                    "venuename: timbre": "recommend"
                }
            },
            "user": {
                "transcript": "okay, do you have tips for the place?",
                "img_gts": [],
                "turn_label": {
                    "venuename: timbre": "confirm",
                    "open span: tip or suggestion": "request"
                }
            },
            "bstate": {
                "music: live music": "inform",
                "open span: english pop": "inform",
                "open span: bar": "inform",
                "drinks: beer": "inform",
                "open span: tasty": "inform",
                "open span: pizza": "inform",
                "open span: live band": "inform",
                "open span: friend": "inform",
                "venueneigh: central region": "inform",
                "price: moderate": "inform",
                "drinks: cocktails": "inform",
                "open span: chicken wing": "inform",
                "open span: good for special occasion": "inform",
                "venuename: timbre": "confirm",
                "open span: tip or suggestion": "request"
            }
        },
        {
            "turn idx": 5,
            "agent": {
                "transcript": "sorry, i couldn't find any tips but i have attached a picture so you can maybe see what the place is like.",
                "img_gts": [
                    "resort"
                ],
                "dialog_act": {
                    "open span: image": "inform",
                    "img_gts: resort": "inform"
                }
            },
            "user": {
                "transcript": "alright! i am also planning to visit an art gallery later on. i heard that the place in the picture is known for its futuristic architecture and am excited to go there.",
                "img_gts": [
                    "city model"
                ],
                "turn_label": {
                    "open span: art gallery": "inform",
                    "open span: architecture": "inform",
                    "open span: image": "inform",
                    "img_gts: city model": "inform"
                }
            },
            "bstate": {
                "music: live music": "inform",
                "open span: english pop": "inform",
                "open span: bar": "inform",
                "drinks: beer": "inform",
                "open span: tasty": "inform",
                "open span: pizza": "inform",
                "open span: live band": "inform",
                "open span: friend": "inform",
                "venueneigh: central region": "inform",
                "price: moderate": "inform",
                "drinks: cocktails": "inform",
                "open span: chicken wing": "inform",
                "open span: good for special occasion": "inform",
                "venuename: timbre": "confirm",
                "open span: image": "inform",
                "open span: art gallery": "inform",
                "open span: architecture": "inform",
                "img_gts: city model": "inform"
            }
        },
        {
            "turn idx": 6,
            "agent": {
                "transcript": "singapore city gallery is a place you might want to visit. it is a three storey visitor centre which houses an enormous model replica, giving visitors a complete view of the central area of singapore. it also shows the city's physical transformation past, present and future.",
                "img_gts": [],
                "dialog_act": {
                    "venuename: singapore city gallery": "recommend",
                    "open span: future": "inform"
                }
            },
            "user": {
                "transcript": "is there anything i should take note of when going there?",
                "img_gts": [],
                "turn_label": {
                    "venuename: singapore city gallery": "confirm",
                    "open span: tip or suggestion": "request"
                }
            },
            "bstate": {
                "music: live music": "inform",
                "open span: english pop": "inform",
                "open span: bar": "inform",
                "drinks: beer": "inform",
                "open span: tasty": "inform",
                "open span: pizza": "inform",
                "open span: live band": "inform",
                "open span: friend": "inform",
                "venueneigh: central region": "inform",
                "price: moderate": "inform",
                "drinks: cocktails": "inform",
                "open span: chicken wing": "inform",
                "open span: good for special occasion": "inform",
                "open span: image": "inform",
                "open span: art gallery": "inform",
                "open span: architecture": "inform",
                "img_gts: city model": "inform",
                "open span: future": "inform",
                "venuename: singapore city gallery": "confirm",
                "open span: tip or suggestion": "request"
            }
        },
        {
            "turn idx": 7,
            "agent": {
                "transcript": "brilliant place anyone with an interest in architecture, urban design or singapore as a city. a wealth of innovatively presented information about singapore's past, present and future. hidden gem.",
                "img_gts": [],
                "dialog_act": {
                    "open span: architecture": "inform",
                    "open span: information": "inform"
                }
            },
            "user": {
                "transcript": "that sounds great!",
                "img_gts": [],
                "turn_label": {}
            },
            "bstate": {
                "music: live music": "inform",
                "open span: english pop": "inform",
                "open span: bar": "inform",
                "drinks: beer": "inform",
                "open span: tasty": "inform",
                "open span: pizza": "inform",
                "open span: live band": "inform",
                "open span: friend": "inform",
                "venueneigh: central region": "inform",
                "price: moderate": "inform",
                "drinks: cocktails": "inform",
                "open span: chicken wing": "inform",
                "open span: good for special occasion": "inform",
                "open span: image": "inform",
                "open span: art gallery": "inform",
                "open span: architecture": "inform",
                "img_gts: city model": "inform",
                "open span: future": "inform",
                "venuename: singapore city gallery": "confirm",
                "open span: information": "inform"
            }
        },
        {
            "turn idx": 8,
            "agent": {
                "transcript": "is there anything else i can help with?",
                "img_gts": [],
                "dialog_act": {
                    "open span: anything else": "request"
                }
            },
            "user": {
                "transcript": "no, thank you!",
                "img_gts": [],
                "turn_label": {
                    "open span: no": "others",
                    "placeholder": "bye"
                }
            },
            "bstate": {
                "music: live music": "inform",
                "open span: english pop": "inform",
                "open span: bar": "inform",
                "drinks: beer": "inform",
                "open span: tasty": "inform",
                "open span: pizza": "inform",
                "open span: live band": "inform",
                "open span: friend": "inform",
                "venueneigh: central region": "inform",
                "price: moderate": "inform",
                "drinks: cocktails": "inform",
                "open span: chicken wing": "inform",
                "open span: good for special occasion": "inform",
                "open span: image": "inform",
                "open span: art gallery": "inform",
                "open span: architecture": "inform",
                "img_gts: city model": "inform",
                "open span: future": "inform",
                "venuename: singapore city gallery": "confirm",
                "open span: information": "inform",
                "open span: anything else": "request",
                "open span: no": "others"
            }
        }
    ],
    "user rating": 5,
    "user setting": "<b>**use at least three turns of question&answers to find one venue!**</b> you are looking for a <b>bar</b> in <b>central region</b>. based on requirements uttered, the agent found <b>switch by timbre</b>. however, when you check <b>price range</b>, you prefer <b>moderate</b> priced one, so the agent try to find another one. you also hope to visit an <b>art gallery</b> later.",
    "goal": {
        "id": 1486,
        "type": "multiple",
        "modality": "multiple",
        "content": [
            {
                "imgs": [],
                "Menus": [
                    "Brunch",
                    "Dinner",
                    "Happy Hour"
                ],
                "Music": "Live Music",
                "Wi-Fi": "No",
                "price": "Expensive",
                "terms": [
                    "crab",
                    "live music",
                    "good for dates",
                    "crispy food",
                    "beer",
                    "churros",
                    "roses",
                    "buffalo wings",
                    "lively",
                    "english pop",
                    "trendy",
                    "dinner",
                    "pizza",
                    "singers",
                    "casual",
                    "songs"
                ],
                "Drinks": [
                    "Beer",
                    "Cocktails"
                ],
                "venueCat": [
                    "Gastropub",
                    "Bar"
                ],
                "venueName": "Switch by Timbre",
                "preference": {
                    "Bar": 2,
                    "live music": 2,
                    "english pop": 2,
                    "Central Region": 2,
                    "check price range": 3
                },
                "venueNeigh": "Central Region",
                "venueScore": "average",
                "venueDomain": "nightlife",
                "Credit Cards": "Yes",
                "Reservations": "Yes",
                "Outdoor Seating": "No"
            },
            {
                "imgs": [],
                "Menus": [
                    "Brunch",
                    "Happy Hour"
                ],
                "Music": "Live Music",
                "price": "Moderate",
                "terms": [
                    "chicken wings",
                    "live music",
                    "dinner",
                    "casual",
                    "cocktails",
                    "beer",
                    "meats",
                    "good for groups",
                    "good for special occasions"
                ],
                "Drinks": [
                    "Beer",
                    "Cocktails"
                ],
                "venueCat": [
                    "Bar"
                ],
                "venueName": "Timbre",
                "preference": {
                    "cocktails": 1,
                    "chicken wings": 1,
                    "Central Region": 1,
                    "price: Moderate": 2,
                    "good for special occasions": 2,
                    "ask for tips or suggestions or things to take note": 3
                },
                "venueNeigh": "Central Region",
                "venueScore": "average",
                "venueDomain": "nightlife",
                "Credit Cards": "Yes",
                "Reservations": "Yes",
                "Outdoor Seating": "Yes"
            },
            {
                "imgs": [
                    "8c1bb882520615d38286819cbe687cc4",
                    "23a104cecfe8993d082624ceb68e35f5"
                ],
                "terms": [
                    "museums",
                    "future",
                    "scenic views",
                    "architecture"
                ],
                "venueCat": [
                    "Art Gallery"
                ],
                "venueName": "Singapore City Gallery",
                "preference": {
                    "future": 1,
                    "Art Gallery": 2,
                    "architecture": 1,
                    "search by image": 2,
                    "ask for tips or suggestions or things to take note": 3
                },
                "venueNeigh": "Financial District",
                "venueScore": "average",
                "venueDomain": "sightseeing"
            }
        ],
        "cnv_cnt": 20,
        "user_setting": "<b>**Use at least three turns of Question&Answers to find one venue!**</b> You are looking for a <b>bar</b> in <b>Central Region</b>. Based on requirements uttered, the agent found <b>Switch by Timbre</b>. However, when you check <b>price range</b>, you prefer <b>Moderate</b> priced one, so the agent try to find another one. You also hope to visit an <b>Art Gallery</b> later.",
        "user_location": "Central Region"
    }
}