{
    "id": "1858",
    "dialogue": [
        {
            "turn idx": 0,
            "agent": {
                "transcript": "",
                "img_gts": [],
                "dialog_act": {}
            },
            "user": {
                "transcript": "hi, i'm travelling with my kids. they hope to enjoy a day with animals. they want to see some wildlife and pandas in a zoo. do you have any recommendations?",
                "img_gts": [],
                "turn_label": {
                    "open span: wildlife": "inform",
                    "open span: zoo": "inform",
                    "open span: animal": "inform",
                    "open span: recommendation": "request",
                    "open span: panda": "inform",
                    "placeholder": "greet"
                }
            },
            "bstate": {
                "open span: wildlife": "inform",
                "open span: zoo": "inform",
                "open span: animal": "inform",
                "open span: recommendation": "request",
                "open span: panda": "inform"
            }
        },
        {
            "turn idx": 1,
            "agent": {
                "transcript": "you can check out either river safari or singapore zoo!",
                "img_gts": [],
                "dialog_act": {
                    "venuename: river safari": "recommend",
                    "venuename: singapore zoo": "recommend"
                }
            },
            "user": {
                "transcript": "which one has a fragile forest?",
                "img_gts": [],
                "turn_label": {
                    "open span: forest": "inform"
                }
            },
            "bstate": {
                "open span: wildlife": "inform",
                "open span: zoo": "inform",
                "open span: animal": "inform",
                "open span: panda": "inform",
                "venuename: singapore zoo": "recommend",
                "open span: forest": "inform"
            }
        },
        {
            "turn idx": 2,
            "agent": {
                "transcript": "singapore zoo is the place that you are looking for!",
                "img_gts": [],
                "dialog_act": {
                    "venuename: singapore zoo": "recommend"
                }
            },
            "user": {
                "transcript": "great. what are some things to take note when we are there?",
                "img_gts": [],
                "turn_label": {
                    "venuename: singapore zoo": "confirm",
                    "open span: tip or suggestion": "request"
                }
            },
            "bstate": {
                "open span: wildlife": "inform",
                "open span: zoo": "inform",
                "open span: animal": "inform",
                "open span: panda": "inform",
                "open span: forest": "inform",
                "venuename: singapore zoo": "confirm",
                "open span: tip or suggestion": "request"
            }
        },
        {
            "turn idx": 3,
            "agent": {
                "transcript": "if you wish to see the white tiger, do note that there is no white tiger on display on mondays, wednesdays and fridays. the lovely white tigers, polar bear and the baboon feeding time is worth the watch!",
                "img_gts": [],
                "dialog_act": {
                    "open span: feed time": "inform",
                    "open span: polar bear": "inform",
                    "open span: friday": "inform"
                }
            },
            "user": {
                "transcript": "sure, will take note of it. we also want to go to a zoo with night show and trams. do you know of any?",
                "img_gts": [],
                "turn_label": {
                    "open span: tram": "inform",
                    "open span: night show": "inform",
                    "open span: zoo": "request"
                }
            },
            "bstate": {
                "open span: wildlife": "inform",
                "open span: zoo": "inform",
                "open span: animal": "inform",
                "open span: panda": "inform",
                "open span: forest": "inform",
                "venuename: singapore zoo": "confirm",
                "open span: feed time": "inform",
                "open span: polar bear": "inform",
                "open span: friday": "inform",
                "open span: tram": "inform",
                "open span: night show": "inform"
            }
        },
        {
            "turn idx": 4,
            "agent": {
                "transcript": "night safari is a must-visit for your family!",
                "img_gts": [],
                "dialog_act": {
                    "venuename: night safari": "recommend",
                    "open span: must visit": "inform"
                }
            },
            "user": {
                "transcript": "sure. can you give me some tips about the place?",
                "img_gts": [],
                "turn_label": {
                    "venuename: night safari": "confirm",
                    "open span: tip or suggestion": "request"
                }
            },
            "bstate": {
                "open span: wildlife": "inform",
                "open span: zoo": "inform",
                "open span: animal": "inform",
                "open span: panda": "inform",
                "open span: forest": "inform",
                "open span: feed time": "inform",
                "open span: polar bear": "inform",
                "open span: friday": "inform",
                "open span: tram": "inform",
                "open span: night show": "inform",
                "open span: must visit": "inform",
                "venuename: night safari": "confirm",
                "open span: tip or suggestion": "request"
            }
        },
        {
            "turn idx": 5,
            "agent": {
                "transcript": "do visit the place early around 6pm and make sure you take the express pass or else you might have to wait for 2 to 3 hours in the long queue.",
                "img_gts": [],
                "dialog_act": {
                    "open span: express pass": "inform",
                    "open span: long queue": "inform",
                    "open span: early": "inform"
                }
            },
            "user": {
                "transcript": "ok, i will take note of that. thanks for your help today.",
                "img_gts": [],
                "turn_label": {}
            },
            "bstate": {
                "open span: wildlife": "inform",
                "open span: zoo": "inform",
                "open span: animal": "inform",
                "open span: panda": "inform",
                "open span: forest": "inform",
                "open span: feed time": "inform",
                "open span: polar bear": "inform",
                "open span: friday": "inform",
                "open span: tram": "inform",
                "open span: night show": "inform",
                "open span: must visit": "inform",
                "venuename: night safari": "confirm",
                "open span: express pass": "inform",
                "open span: long queue": "inform",
                "open span: early": "inform"
            }
        },
        {
            "turn idx": 6,
            "agent": {
                "transcript": "no problem. is there anything else that you need help with?",
                "img_gts": [],
                "dialog_act": {
                    "open span: anything else": "request"
                }
            },
            "user": {
                "transcript": "no, that's all.",
                "img_gts": [],
                "turn_label": {
                    "open span: anything else": "negate",
                    "placeholder": "bye"
                }
            },
            "bstate": {
                "open span: wildlife": "inform",
                "open span: zoo": "inform",
                "open span: animal": "inform",
                "open span: panda": "inform",
                "open span: forest": "inform",
                "open span: feed time": "inform",
                "open span: polar bear": "inform",
                "open span: friday": "inform",
                "open span: tram": "inform",
                "open span: night show": "inform",
                "open span: must visit": "inform",
                "venuename: night safari": "confirm",
                "open span: express pass": "inform",
                "open span: long queue": "inform",
                "open span: early": "inform"
            }
        }
    ],
    "user rating": 5,
    "user setting": "<b>**use at least three turns of question&answers to find one venue!**</b> you are traveling with your <b>kids</b>. they hope to enjoy a day with <b>animals</b>.",
    "goal": {
        "id": 1503,
        "type": "multiple",
        "modality": "multiple",
        "content": [
            {
                "imgs": [
                    "d0933983357dd02bcac600b2dba2c49e",
                    "57376fabd7e481b8ec9aa5833adcbad6"
                ],
                "Wi-Fi": "Yes",
                "terms": [
                    "cute",
                    "wildlife",
                    "enclosures",
                    "pandas",
                    "books",
                    "trails",
                    "laksa",
                    "wifi",
                    "breakfast food",
                    "bright",
                    "zoos",
                    "polar bear",
                    "lively",
                    "family-friendly",
                    "fragile forest",
                    "river safari",
                    "comfortable",
                    "gardens",
                    "tours",
                    "scenic views"
                ],
                "venueCat": [
                    "Zoo"
                ],
                "venueName": "Singapore Zoo",
                "preference": {
                    "zoo": 2,
                    "pandas": 2,
                    "wildlife": 2,
                    "fragile forest": 1,
                    "ask for tips or suggestions or things to take note": 3
                },
                "venueNeigh": "Central Catchment Nature Reserve",
                "venueScore": "excellent",
                "venueDomain": "sightseeing",
                "Credit Cards": "Yes",
                "Reservations": "Yes"
            },
            {
                "imgs": [
                    "f43e6569a7e22094e7375a6b087ee749",
                    "598ec1b3c639e77228d3b0b507a2ffff"
                ],
                "terms": [
                    "wildlife",
                    "cameras",
                    "night show",
                    "park",
                    "trails",
                    "photography",
                    "dancing",
                    "halloween",
                    "dinner",
                    "bus",
                    "trams",
                    "zoos",
                    "tours",
                    "fishing",
                    "family-friendly",
                    "crowded",
                    "taxis",
                    "exhibits",
                    "tourism",
                    "scenic views"
                ],
                "venueCat": [
                    "Zoo"
                ],
                "venueName": "Night Safari",
                "preference": {
                    "zoos": 2,
                    "trams": 1,
                    "night show": 2,
                    "show images to user": 1,
                    "ask for tips or suggestions or things to take note": 3
                },
                "venueNeigh": "Central Catchment Nature Reserve",
                "venueScore": "average",
                "venueDomain": "sightseeing",
                "Credit Cards": "Yes"
            }
        ],
        "cnv_cnt": 20,
        "user_setting": "<b>**Use at least three turns of Question&Answers to find one venue!**</b> You are traveling with your <b>kids</b>. They hope to enjoy a day with <b>animals</b>.",
        "user_location": "unknown"
    }
}