{
    "id": "1878",
    "dialogue": [
        {
            "turn idx": 0,
            "agent": {
                "transcript": "",
                "img_gts": [],
                "dialog_act": {}
            },
            "user": {
                "transcript": "hi, i would like to ask about manhattan. i heard that it is good for dates and have a romantic atmosphere. do you have any image to show me how it looks like?",
                "img_gts": [],
                "turn_label": {
                    "venuename: manhattan": "inform",
                    "open span: good for date": "inform",
                    "open span: romantic": "inform",
                    "open span: image": "request",
                    "placeholder": "greet"
                }
            },
            "bstate": {
                "venuename: manhattan": "inform",
                "open span: good for date": "inform",
                "open span: romantic": "inform",
                "open span: image": "request"
            }
        },
        {
            "turn idx": 1,
            "agent": {
                "transcript": "hi, indeed manhattan is good for dates and it is a romantic spot. if you and your partner enjoying drinking, i think both of you can enjoy all the fancy cocktails, sliders and gin found at manhattan.",
                "img_gts": [
                    "hall",
                    "food",
                    "food",
                    "cocktail",
                    "cocktail",
                    "cocktail",
                    "food"
                ],
                "dialog_act": {
                    "venuename: manhattan": "recommend",
                    "drinks: cocktails": "inform",
                    "open span: gin": "inform",
                    "open span: romantic": "inform",
                    "open span: good for date": "inform",
                    "open span: image": "inform",
                    "img_gts: hall, food, food, cocktail, cocktail, cocktail, food": "inform"
                }
            },
            "user": {
                "transcript": "seems like a nice spot to bring my date out :) i also heard about salt grill & sky bar. what do you think about it? i heard they have good service, scenic views and signature desserts which is good for dates as well. can you do a comparison for me and help me decide which place is better for my date?",
                "img_gts": [],
                "turn_label": {
                    "venuename: salt grill & sky bar": "inform",
                    "menus: dessert": "inform",
                    "open span: scenic view": "inform",
                    "open span: good for date": "inform",
                    "open span: good service": "inform"
                }
            },
            "bstate": {
                "open span: good for date": "inform",
                "open span: romantic": "inform",
                "open span: image": "inform",
                "drinks: cocktails": "inform",
                "open span: gin": "inform",
                "img_gts: hall, food, food, cocktail, cocktail, cocktail, food": "inform",
                "venuename: salt grill & sky bar": "inform",
                "menus: dessert": "inform",
                "open span: scenic view": "inform",
                "open span: good service": "inform"
            }
        },
        {
            "turn idx": 2,
            "agent": {
                "transcript": "salt grill & sky bar is also a good choice. it would be a better place than manhattan if you partner do not like to drink, prefer scenic views and have desserts, i think it would be better choice then. .",
                "img_gts": [
                    "egg with food",
                    "pie",
                    "cake/dessert",
                    "dessert",
                    "rice with meat",
                    "steak meal"
                ],
                "dialog_act": {
                    "venuename: salt grill & sky bar": "recommend",
                    "menus: dessert": "inform",
                    "open span: scenic view": "inform",
                    "open span: image": "inform",
                    "img_gts: egg with food, pie, cake/dessert, dessert, rice with meat, steak meal": "inform"
                }
            },
            "user": {
                "transcript": "hmm, i think you are right, my partner might not like to drink so i guess i will go with salt grill & sky bar then. thanks!",
                "img_gts": [],
                "turn_label": {
                    "venuename: manhattan": "negate",
                    "venuename: salt grill & sky bar": "confirm",
                    "placeholder": "bye"
                }
            },
            "bstate": {
                "open span: good for date": "inform",
                "open span: romantic": "inform",
                "open span: image": "inform",
                "drinks: cocktails": "inform",
                "open span: gin": "inform",
                "menus: dessert": "inform",
                "open span: scenic view": "inform",
                "open span: good service": "inform",
                "img_gts: egg with food, pie, cake/dessert, dessert, rice with meat, steak meal": "inform",
                "venuename: salt grill & sky bar": "confirm"
            }
        },
        {
            "turn idx": 3,
            "agent": {
                "transcript": "no problem!",
                "img_gts": [],
                "dialog_act": {
                    "placeholder": "bye"
                }
            },
            "user": {
                "transcript": "",
                "img_gts": [],
                "turn_label": {}
            },
            "bstate": {
                "open span: good for date": "inform",
                "open span: romantic": "inform",
                "open span: image": "inform",
                "drinks: cocktails": "inform",
                "open span: gin": "inform",
                "menus: dessert": "inform",
                "open span: scenic view": "inform",
                "open span: good service": "inform",
                "img_gts: egg with food, pie, cake/dessert, dessert, rice with meat, steak meal": "inform",
                "venuename: salt grill & sky bar": "confirm"
            }
        }
    ],
    "user rating": 5,
    "user setting": "<b>**use at least three turns of question&answers to find one venue!**</b> you are asking agent information about two <b>bars</b>: <b>manhattan</b> and <b>salt grill & sky bar</b> in <b>orchard road</b> for comparison for a <b>date</b>.",
    "goal": {
        "id": 1489,
        "type": "multiple",
        "modality": "multiple",
        "content": [
            {
                "imgs": [
                    "9c8536214beb3e6d6992eecdc93c9e0d",
                    "44cdcf4d81c9c7d7a4aeb724bd562968"
                ],
                "Menus": [
                    "Brunch",
                    "Happy Hour"
                ],
                "Wi-Fi": "No",
                "price": "Expensive",
                "terms": [
                    "vodka",
                    "sliders",
                    "cozy",
                    "good for dates",
                    "good for special occasions",
                    "corn",
                    "brunch food",
                    "gin",
                    "fancy",
                    "cocktails",
                    "popcorn",
                    "beer",
                    "tours",
                    "lively",
                    "great value",
                    "trendy",
                    "good for singles",
                    "good for a late night",
                    "romantic",
                    "whiskey"
                ],
                "Drinks": [
                    "Full Bar",
                    "Cocktails"
                ],
                "venueCat": [
                    "Cocktail Bar"
                ],
                "venueName": "Manhattan",
                "preference": {
                    "romantic": 2,
                    "cocktails": 2,
                    "good for dates": 2,
                    "agent show image to user": 1,
                    "ask for tips or suggestions or things to take note": 3
                },
                "venueNeigh": "Orchard Road",
                "venueScore": "good",
                "venueDomain": "nightlife",
                "Credit Cards": "Yes",
                "Reservations": "Yes",
                "Outdoor Seating": "No"
            },
            {
                "imgs": [
                    "90a2b11c4ca3382f9b591085685a0c73",
                    "25d09f5024c86ca64e2ec1310f5717cb"
                ],
                "Menus": [
                    "Brunch",
                    "Lunch",
                    "Dinner",
                    "Happy Hour"
                ],
                "Wi-Fi": "Yes",
                "price": "Moderate",
                "terms": [
                    "romantic",
                    "good for dates",
                    "healthy food",
                    "seafood",
                    "brunch food",
                    "fancy",
                    "sashimi",
                    "cocktails",
                    "signature dessert",
                    "happy hour",
                    "fried barramundi",
                    "dressy",
                    "trendy",
                    "yellowtail",
                    "good service",
                    "steak",
                    "authentic",
                    "scenic views",
                    "crab omelette",
                    "tempura prawns"
                ],
                "Drinks": [
                    "Wine",
                    "Full Bar",
                    "Cocktails"
                ],
                "venueCat": [
                    "Australian Restaurant",
                    "Wine Bar",
                    "Bar"
                ],
                "venueName": "Salt Grill & Sky Bar",
                "preference": {
                    "good service": 1,
                    "scenic views": 1,
                    "good for dates": 2,
                    "signature dessert": 2,
                    "agent show image to user": 1,
                    "ask for tips or suggestions or things to take note": 3
                },
                "venueNeigh": "Orchard Road",
                "venueScore": "average",
                "venueDomain": "food",
                "Credit Cards": "Yes",
                "Reservations": "Yes",
                "Dining Options": [
                    "No Delivery"
                ],
                "Outdoor Seating": "No"
            }
        ],
        "cnv_cnt": 20,
        "user_setting": "<b>**Use at least three turns of Question&Answers to find one venue!**</b> You are asking agent information about two <b>bars</b>: <b>Manhattan</b> and <b>Salt Grill & Sky Bar</b> in <b>Orchard Road</b> for comparison for a <b>date</b>.",
        "user_location": "unknown"
    }
}