{
    "id": "1931",
    "dialogue": [
        {
            "turn idx": 0,
            "agent": {
                "transcript": "",
                "img_gts": [],
                "dialog_act": {}
            },
            "user": {
                "transcript": "i am in in central region with my family and we are looking for a dinner place that is good for groups and is family-friendly.",
                "img_gts": [],
                "turn_label": {
                    "menus: dinner": "inform",
                    "venueneigh: central region": "inform",
                    "open span: family friendly": "inform",
                    "open span: good for group": "inform"
                }
            },
            "bstate": {
                "menus: dinner": "inform",
                "venueneigh: central region": "inform",
                "open span: family friendly": "inform",
                "open span: good for group": "inform"
            }
        },
        {
            "turn idx": 1,
            "agent": {
                "transcript": "you can dine at marche.",
                "img_gts": [],
                "dialog_act": {
                    "venuename: marche": "recommend"
                }
            },
            "user": {
                "transcript": "does this place offer outdoor seating?",
                "img_gts": [],
                "turn_label": {
                    "outdoor seating": "request"
                }
            },
            "bstate": {
                "menus: dinner": "inform",
                "venueneigh: central region": "inform",
                "open span: family friendly": "inform",
                "open span: good for group": "inform",
                "venuename: marche": "recommend",
                "outdoor seating": "request"
            }
        },
        {
            "turn idx": 2,
            "agent": {
                "transcript": "i am afraid marche does not offer outdoor seating.",
                "img_gts": [],
                "dialog_act": {
                    "outdoor seating: no": "inform"
                }
            },
            "user": {
                "transcript": "oh no. could you recommend me a family-friendly restaurant that has outdoor seating?",
                "img_gts": [],
                "turn_label": {
                    "venuename: marche": "negate",
                    "outdoor seating: yes": "inform",
                    "venuename": "request",
                    "open span: family friendly": "inform"
                }
            },
            "bstate": {
                "menus: dinner": "inform",
                "venueneigh: central region": "inform",
                "open span: family friendly": "inform",
                "open span: good for group": "inform",
                "outdoor seating: yes": "inform",
                "venuename": "request"
            }
        },
        {
            "turn idx": 3,
            "agent": {
                "transcript": "you can dine at ju shin jung korean charcoal bbq, a korean restaurant.",
                "img_gts": [],
                "dialog_act": {
                    "venuename: ju shin jung korean charcoal bbq": "recommend"
                }
            },
            "user": {
                "transcript": "ok! ju shin jung korean charcoal bbq it is then!",
                "img_gts": [],
                "turn_label": {
                    "venuename: ju shin jung korean charcoal bbq": "confirm"
                }
            },
            "bstate": {
                "menus: dinner": "inform",
                "venueneigh: central region": "inform",
                "open span: family friendly": "inform",
                "open span: good for group": "inform",
                "outdoor seating: yes": "inform",
                "venuename: ju shin jung korean charcoal bbq": "confirm"
            }
        },
        {
            "turn idx": 4,
            "agent": {
                "transcript": "is there anything else i can help you with?",
                "img_gts": [],
                "dialog_act": {
                    "open span: anything else": "request"
                }
            },
            "user": {
                "transcript": "nope thats all. thank you for your help!",
                "img_gts": [],
                "turn_label": {
                    "placeholder": "bye"
                }
            },
            "bstate": {
                "menus: dinner": "inform",
                "venueneigh: central region": "inform",
                "open span: family friendly": "inform",
                "open span: good for group": "inform",
                "outdoor seating: yes": "inform",
                "venuename: ju shin jung korean charcoal bbq": "confirm",
                "open span: anything else": "request"
            }
        }
    ],
    "user rating": 3,
    "user setting": "<b>**use at least three turns of question&answers to find one venue!**</b> you are in <b>central region</b> with <b>family</b> looking for dinner place. based on requirements uttered, the agent found <b>marche</b>. however, when user check <b>outdoor seating</b>, you prefer one with it, then the agent recommends again.",
    "goal": {
        "id": 1484,
        "type": "multiple",
        "modality": "multiple",
        "content": [
            {
                "imgs": [
                    "0e9093821c884d2b390e369a8f62ce63",
                    "3d33fb4db2f7ae6cf26c7d205a32e4c6"
                ],
                "Menus": [
                    "Brunch",
                    "Lunch",
                    "Dinner",
                    "Happy Hour"
                ],
                "Wi-Fi": "Yes",
                "price": "Moderate",
                "terms": [
                    "sausage",
                    "cr\u00eapes",
                    "caipirinhas",
                    "healthy food",
                    "brunch food",
                    "salmon",
                    "calamari",
                    "pork knuckles",
                    "casual",
                    "desserts",
                    "dinner",
                    "family-friendly",
                    "paella",
                    "lunch",
                    "rosti",
                    "rib eye steak",
                    "Swiss chocolate",
                    "good for groups",
                    "ice cream",
                    "lively"
                ],
                "Drinks": [
                    "Cocktails"
                ],
                "venueCat": [
                    "Swiss Restaurant"
                ],
                "venueName": "Marche",
                "preference": {
                    "dinner": 1,
                    "calamari": 1,
                    "rib eye steak": 1,
                    "Central Region": 2,
                    "family-friendly": 2,
                    "check outdoor seating": 3
                },
                "venueNeigh": "Central Region",
                "venueScore": "average",
                "venueDomain": "food",
                "Credit Cards": "Yes",
                "Reservations": "Yes",
                "Dining Options": [
                    "No Delivery"
                ],
                "Outdoor Seating": "No"
            },
            {
                "imgs": [
                    "704bf7dfb83ce28ce9851ea20f1e8ba0",
                    "94bdf6144c6cf8f666d644f721501de5"
                ],
                "Menus": [
                    "Lunch",
                    "Dinner"
                ],
                "Wi-Fi": "Yes",
                "price": "Moderate",
                "terms": [
                    "sweet potatoes",
                    "bean paste",
                    "pork",
                    "appetizers",
                    "many side dishes",
                    "beef",
                    "lunch",
                    "raisins",
                    "crowded",
                    "friendly staff",
                    "buffet",
                    "soup",
                    "dinner",
                    "family-friendly",
                    "lively",
                    "classes"
                ],
                "venueCat": [
                    "Korean Restaurant",
                    "BBQ Joint"
                ],
                "venueName": "Ju Shin Jung Korean Charcoal BBQ",
                "preference": {
                    "dinner": 1,
                    "family-friendly": 2,
                    "drag image to do search": 2,
                    "ask for tips or suggestions or things to take note": 3
                },
                "venueNeigh": "Central Region",
                "venueScore": "average",
                "venueDomain": "food",
                "Credit Cards": "Yes",
                "Reservations": "Yes",
                "Dining Options": [
                    "No Delivery"
                ]
            }
        ],
        "cnv_cnt": 20,
        "user_setting": "<b>**Use at least three turns of Question&Answers to find one venue!**</b> You are in <b>Central Region</b> with <b>family</b> looking for dinner place. Based on requirements uttered, the agent found <b>Marche</b>. However, when user check <b>outdoor seating</b>, you prefer one with it, then the agent recommends again.",
        "user_location": "Central Region"
    }
}