{
    "id": "2096",
    "dialogue": [
        {
            "turn idx": 0,
            "agent": {
                "transcript": "",
                "img_gts": [],
                "dialog_act": {}
            },
            "user": {
                "transcript": "hi any shopping mall that sells electronics with discounts?",
                "img_gts": [],
                "turn_label": {
                    "open span: mall": "request",
                    "open span: electronic": "inform",
                    "open span: discount": "inform",
                    "placeholder": "greet"
                }
            },
            "bstate": {
                "open span: mall": "request",
                "open span: electronic": "inform",
                "open span: discount": "inform"
            }
        },
        {
            "turn idx": 1,
            "agent": {
                "transcript": "you can go to sim lim square! they sell electronics with great value!",
                "img_gts": [],
                "dialog_act": {
                    "venuename: sim lim square": "recommend",
                    "open span: electronic": "inform"
                }
            },
            "user": {
                "transcript": "great! any tips when visiting the place?",
                "img_gts": [],
                "turn_label": {
                    "venuename: sim lim square": "confirm",
                    "open span: tip or suggestion": "request"
                }
            },
            "bstate": {
                "open span: mall": "request",
                "open span: electronic": "inform",
                "open span: discount": "inform",
                "venuename: sim lim square": "confirm",
                "open span: tip or suggestion": "request"
            }
        },
        {
            "turn idx": 2,
            "agent": {
                "transcript": "you can visit  a shop called hai xin rui at #05-65 which sells all kinds of it stuffs, speaker, phone cases and media player at promotional prices!",
                "img_gts": [],
                "dialog_act": {}
            },
            "user": {
                "transcript": "good to know! can you recommend any major temple in singapore for me to get blessing?",
                "img_gts": [],
                "turn_label": {
                    "venuename": "request",
                    "open span: blessing": "inform"
                }
            },
            "bstate": {
                "open span: mall": "request",
                "open span: electronic": "inform",
                "open span: discount": "inform",
                "venuename": "request",
                "open span: blessing": "inform"
            }
        },
        {
            "turn idx": 3,
            "agent": {
                "transcript": "you can visit kwan im thong hood cho temple! these are some of the pictures of the temple.",
                "img_gts": [
                    "pagoda/temple",
                    "pagoda/temple"
                ],
                "dialog_act": {
                    "venuename: kwan im thong hood cho temple": "recommend",
                    "open span: image": "inform",
                    "img_gts: pagoda/temple, pagoda/temple": "inform"
                }
            },
            "user": {
                "transcript": "great! any suggestions when visiting the temple?",
                "img_gts": [],
                "turn_label": {
                    "venuename: kwan im thong hood cho temple": "confirm",
                    "open span: tip or suggestion": "request"
                }
            },
            "bstate": {
                "open span: mall": "request",
                "open span: electronic": "inform",
                "open span: discount": "inform",
                "open span: blessing": "inform",
                "open span: image": "inform",
                "img_gts: pagoda/temple, pagoda/temple": "inform",
                "venuename: kwan im thong hood cho temple": "confirm",
                "open span: tip or suggestion": "request"
            }
        },
        {
            "turn idx": 4,
            "agent": {
                "transcript": "there is a nice vegetarian restaurant next to the temple. you can try the food there!",
                "img_gts": [],
                "dialog_act": {}
            },
            "user": {
                "transcript": "noted! thank you!",
                "img_gts": [],
                "turn_label": {
                    "placeholder": "bye"
                }
            },
            "bstate": {
                "open span: mall": "request",
                "open span: electronic": "inform",
                "open span: discount": "inform",
                "open span: blessing": "inform",
                "open span: image": "inform",
                "img_gts: pagoda/temple, pagoda/temple": "inform",
                "venuename: kwan im thong hood cho temple": "confirm"
            }
        }
    ],
    "user rating": 4,
    "user setting": "<b>**use at least three turns of question&answers to find one venue!**</b> you are in <b>heritage district</b>. plan to visit a <b>shopping mall</b> to buy <b>electronics</b> with <b>discounts/b>. after that, you will visit a <b>temple</b> <b>nearby</b> for <b>blessing</b>.",
    "goal": {
        "id": 1492,
        "type": "multiple",
        "modality": "multiple",
        "content": [
            {
                "imgs": [
                    "1afd4a560620c6474840402e5bbbd3d5"
                ],
                "terms": [
                    "fried dumplings",
                    "meats",
                    "chicken",
                    "gadgets",
                    "bizgram",
                    "great value",
                    "electronics",
                    "cameras",
                    "friendly staff",
                    "beer",
                    "TVs",
                    "knowledgeable staff",
                    "alan photo",
                    "lunch",
                    "eggs",
                    "chai",
                    "food courts",
                    "accessories",
                    "discounts",
                    "photography"
                ],
                "venueCat": [
                    "Shopping Mall"
                ],
                "venueName": "Sim Lim Square",
                "preference": {
                    "discounts": 1,
                    "electronics": 2,
                    "great value": 1,
                    "Shopping Mall": 2,
                    "Heritage District": 2,
                    "ask for tips or suggestions or things to take note": 3
                },
                "venueNeigh": "Heritage District",
                "venueScore": "poor",
                "venueDomain": "mall",
                "Credit Cards": "Yes"
            },
            {
                "imgs": [
                    "c6d6ba72f4be7ba6d2bf847e8c1bd40d",
                    "33235b34385d7cb6b0e92872caaed0da"
                ],
                "terms": [
                    "major temple in singapore",
                    "mountains",
                    "vegetarian food",
                    "crowded",
                    "blessing",
                    "quiet",
                    "Chinese New Year",
                    "bubble tea",
                    "flowers",
                    "joss stick"
                ],
                "venueCat": [
                    "Temple"
                ],
                "venueName": "Kwan Im Thong Hood Cho Temple",
                "preference": {
                    "blessing": 2,
                    "recognize by image": 1,
                    "major temple in singapore": 2,
                    "ask for tips or suggestions or things to take note": 3
                },
                "venueNeigh": "Heritage District",
                "venueScore": "excellent",
                "venueDomain": "sightseeing"
            }
        ],
        "cnv_cnt": 20,
        "user_setting": "<b>**Use at least three turns of Question&Answers to find one venue!**</b> You are in <b>Heritage District</b>. Plan to visit a <b>Shopping Mall</b> to buy <b>electronics</b> with <b>discounts/b>. After that, you will visit a <b>temple</b> <b>nearby</b> for <b>blessing</b>.",
        "user_location": "Heritage District"
    }
}