{
    "id": "2130",
    "dialogue": [
        {
            "turn idx": 0,
            "agent": {
                "transcript": "",
                "img_gts": [],
                "dialog_act": {}
            },
            "user": {
                "transcript": "hi there! i'm looking for a hotel in the downtown core area. i would like my room to be comfortable and spacious, and have a balcony. and a spa in the hotel too.",
                "img_gts": [],
                "turn_label": {
                    "venueneigh: downtown core": "inform",
                    "open span: hotel": "inform",
                    "open span: comfortable": "inform",
                    "open span: spa": "inform",
                    "open span: spacious": "inform",
                    "open span: balcony": "inform",
                    "placeholder": "greet"
                }
            },
            "bstate": {
                "venueneigh: downtown core": "inform",
                "open span: hotel": "inform",
                "open span: comfortable": "inform",
                "open span: spa": "inform",
                "open span: spacious": "inform",
                "open span: balcony": "inform"
            }
        },
        {
            "turn idx": 1,
            "agent": {
                "transcript": "hello! swissotel the stamford would be the perfect choice for you.",
                "img_gts": [],
                "dialog_act": {
                    "venuename: swissotel the stamford": "recommend"
                }
            },
            "user": {
                "transcript": "ok! do you have any suggestions on what i should do there?",
                "img_gts": [],
                "turn_label": {
                    "venuename: swissotel the stamford": "confirm",
                    "open span: tip or suggestion": "request"
                }
            },
            "bstate": {
                "venueneigh: downtown core": "inform",
                "open span: hotel": "inform",
                "open span: comfortable": "inform",
                "open span: spa": "inform",
                "open span: spacious": "inform",
                "open span: balcony": "inform",
                "venuename: swissotel the stamford": "confirm",
                "open span: tip or suggestion": "request"
            }
        },
        {
            "turn idx": 2,
            "agent": {
                "transcript": "you should take part in their vertical marathon - it would certainly be a memorable experience!",
                "img_gts": [],
                "dialog_act": {
                    "open span: memorable": "inform",
                    "open span: vertical marathon": "inform"
                }
            },
            "user": {
                "transcript": "sounds interesting! i'm also looking for a place that sells brunch food and has good service. if they sell belgian waffles, that would be a plus too.",
                "img_gts": [],
                "turn_label": {
                    "menus: brunch": "inform",
                    "open span: belgian waffle": "inform",
                    "open span: good service": "inform"
                }
            },
            "bstate": {
                "venueneigh: downtown core": "inform",
                "open span: hotel": "inform",
                "open span: comfortable": "inform",
                "open span: spa": "inform",
                "open span: spacious": "inform",
                "open span: balcony": "inform",
                "venuename: swissotel the stamford": "confirm",
                "open span: memorable": "inform",
                "open span: vertical marathon": "inform",
                "menus: brunch": "inform",
                "open span: belgian waffle": "inform",
                "open span: good service": "inform"
            }
        },
        {
            "turn idx": 3,
            "agent": {
                "transcript": "how about melt ~ the world cafe?",
                "img_gts": [],
                "dialog_act": {
                    "venuename: melt ~ the world cafe": "recommend"
                }
            },
            "user": {
                "transcript": "is there anything i should take note of before visiting?",
                "img_gts": [],
                "turn_label": {
                    "venuename: melt ~ the world cafe": "confirm",
                    "open span: tip or suggestion": "request"
                }
            },
            "bstate": {
                "venueneigh: downtown core": "inform",
                "open span: hotel": "inform",
                "open span: comfortable": "inform",
                "open span: spa": "inform",
                "open span: spacious": "inform",
                "open span: balcony": "inform",
                "open span: memorable": "inform",
                "open span: vertical marathon": "inform",
                "menus: brunch": "inform",
                "open span: belgian waffle": "inform",
                "open span: good service": "inform",
                "venuename: melt ~ the world cafe": "confirm",
                "open span: tip or suggestion": "request"
            }
        },
        {
            "turn idx": 4,
            "agent": {
                "transcript": "prices here would be considered very expensive. is that alright with you? they do serve really delicious food, as shown in the pictures below:",
                "img_gts": [
                    "cake/dessert",
                    "bakery"
                ],
                "dialog_act": {
                    "price: very expensive": "inform",
                    "open span: delicious": "inform",
                    "open span: image": "inform",
                    "img_gts: cake/dessert, bakery": "inform"
                }
            },
            "user": {
                "transcript": "no thank you. i would like a brunch food place that is moderately priced.",
                "img_gts": [],
                "turn_label": {
                    "menus: brunch": "inform",
                    "price: moderate": "inform",
                    "venuename: melt ~ the world cafe": "negate"
                }
            },
            "bstate": {
                "venueneigh: downtown core": "inform",
                "open span: hotel": "inform",
                "open span: comfortable": "inform",
                "open span: spa": "inform",
                "open span: spacious": "inform",
                "open span: balcony": "inform",
                "open span: memorable": "inform",
                "open span: vertical marathon": "inform",
                "menus: brunch": "inform",
                "open span: belgian waffle": "inform",
                "open span: good service": "inform",
                "open span: delicious": "inform",
                "open span: image": "inform",
                "img_gts: cake/dessert, bakery": "inform",
                "price: moderate": "inform"
            }
        },
        {
            "turn idx": 5,
            "agent": {
                "transcript": "alright! do you have any specific requests?",
                "img_gts": [],
                "dialog_act": {
                    "open span: specific request": "request"
                }
            },
            "user": {
                "transcript": "can you find me one that has outdoor seating, serves wagyu beef, and has a brewery?",
                "img_gts": [],
                "turn_label": {
                    "outdoor seating: yes": "inform",
                    "open span: brewery": "inform",
                    "open span: wagyu beef": "inform",
                    "venuename": "request"
                }
            },
            "bstate": {
                "venueneigh: downtown core": "inform",
                "open span: hotel": "inform",
                "open span: comfortable": "inform",
                "open span: spa": "inform",
                "open span: spacious": "inform",
                "open span: balcony": "inform",
                "open span: memorable": "inform",
                "open span: vertical marathon": "inform",
                "menus: brunch": "inform",
                "open span: belgian waffle": "inform",
                "open span: good service": "inform",
                "open span: delicious": "inform",
                "open span: image": "inform",
                "img_gts: cake/dessert, bakery": "inform",
                "price: moderate": "inform",
                "open span: specific request": "request",
                "outdoor seating: yes": "inform",
                "open span: brewery": "inform",
                "open span: wagyu beef": "inform",
                "venuename": "request"
            }
        },
        {
            "turn idx": 6,
            "agent": {
                "transcript": "you should try reddot brewhouse! surrounded by greenery, you will feel like you are at a bar in the middle of a pleasant jungle.",
                "img_gts": [],
                "dialog_act": {
                    "venuename: reddot brewhouse": "recommend",
                    "open span: pleasant": "inform",
                    "open span: greenery": "inform",
                    "open span: bar": "inform"
                }
            },
            "user": {
                "transcript": "that sounds lovely! do you have any suggestions on what i should try there?",
                "img_gts": [],
                "turn_label": {
                    "venuename: reddot brewhouse": "confirm",
                    "open span: tip or suggestion": "request"
                }
            },
            "bstate": {
                "venueneigh: downtown core": "inform",
                "open span: hotel": "inform",
                "open span: comfortable": "inform",
                "open span: spa": "inform",
                "open span: spacious": "inform",
                "open span: balcony": "inform",
                "open span: memorable": "inform",
                "open span: vertical marathon": "inform",
                "menus: brunch": "inform",
                "open span: belgian waffle": "inform",
                "open span: good service": "inform",
                "open span: delicious": "inform",
                "open span: image": "inform",
                "img_gts: cake/dessert, bakery": "inform",
                "price: moderate": "inform",
                "outdoor seating: yes": "inform",
                "open span: brewery": "inform",
                "open span: wagyu beef": "inform",
                "open span: pleasant": "inform",
                "open span: greenery": "inform",
                "open span: bar": "inform",
                "venuename: reddot brewhouse": "confirm",
                "open span: tip or suggestion": "request"
            }
        },
        {
            "turn idx": 7,
            "agent": {
                "transcript": "the green lager beer is a must-try here!",
                "img_gts": [],
                "dialog_act": {
                    "drinks: beer": "inform",
                    "open span: must try": "inform"
                }
            },
            "user": {
                "transcript": "awesome, thanks for all your help!",
                "img_gts": [],
                "turn_label": {
                    "placeholder": "bye"
                }
            },
            "bstate": {
                "venueneigh: downtown core": "inform",
                "open span: hotel": "inform",
                "open span: comfortable": "inform",
                "open span: spa": "inform",
                "open span: spacious": "inform",
                "open span: balcony": "inform",
                "open span: memorable": "inform",
                "open span: vertical marathon": "inform",
                "menus: brunch": "inform",
                "open span: belgian waffle": "inform",
                "open span: good service": "inform",
                "open span: delicious": "inform",
                "open span: image": "inform",
                "img_gts: cake/dessert, bakery": "inform",
                "price: moderate": "inform",
                "outdoor seating: yes": "inform",
                "open span: brewery": "inform",
                "open span: wagyu beef": "inform",
                "open span: pleasant": "inform",
                "open span: greenery": "inform",
                "open span: bar": "inform",
                "venuename: reddot brewhouse": "confirm",
                "drinks: beer": "inform",
                "open span: must try": "inform"
            }
        },
        {
            "turn idx": 8,
            "agent": {
                "transcript": "my pleasure!",
                "img_gts": [],
                "dialog_act": {
                    "placeholder": "bye"
                }
            },
            "user": {
                "transcript": "",
                "img_gts": [],
                "turn_label": {}
            },
            "bstate": {
                "venueneigh: downtown core": "inform",
                "open span: hotel": "inform",
                "open span: comfortable": "inform",
                "open span: spa": "inform",
                "open span: spacious": "inform",
                "open span: balcony": "inform",
                "open span: memorable": "inform",
                "open span: vertical marathon": "inform",
                "menus: brunch": "inform",
                "open span: belgian waffle": "inform",
                "open span: good service": "inform",
                "open span: delicious": "inform",
                "open span: image": "inform",
                "img_gts: cake/dessert, bakery": "inform",
                "price: moderate": "inform",
                "outdoor seating: yes": "inform",
                "open span: brewery": "inform",
                "open span: wagyu beef": "inform",
                "open span: pleasant": "inform",
                "open span: greenery": "inform",
                "open span: bar": "inform",
                "venuename: reddot brewhouse": "confirm",
                "drinks: beer": "inform",
                "open span: must try": "inform"
            }
        }
    ],
    "user rating": 4,
    "user setting": "<b>**use at least three turns of question&answers to find one venue!**</b> you plan to find a <b>hotel</b> in <b>downtown core</b>. then look for a place for <b>brunch food</b>. based on requirements uttered, the agent found <b>melt ~ the world cafe</b>. however, when you check price range, you prefer one <b>moderate priced</b>, then the agent recommends again.",
    "goal": {
        "id": 1507,
        "type": "multiple",
        "modality": "multiple",
        "content": [
            {
                "imgs": [],
                "Wi-Fi": "Yes",
                "terms": [
                    "spa",
                    "sushi",
                    "rooftop",
                    "seafood laksa",
                    "tea",
                    "hotel",
                    "comfortable",
                    "vertical marathon",
                    "buffet",
                    "new asia bar",
                    "cocktails",
                    "bright",
                    "books",
                    "spacious",
                    "caf\u00e9",
                    "equinox",
                    "gardens",
                    "breakfast food",
                    "scenic views",
                    "balcony"
                ],
                "venueCat": [
                    "Hotel"
                ],
                "venueName": "Swissotel The Stamford",
                "preference": {
                    "spa": 1,
                    "balcony": 2,
                    "spacious": 1,
                    "comfortable": 1,
                    "vertical marathon": 2,
                    "ask for tips or suggestions or things to take note": 3
                },
                "venueNeigh": "Downtown Core",
                "venueScore": "good",
                "venueDomain": "hotel",
                "Credit Cards": "Yes"
            },
            {
                "imgs": [],
                "Menus": [
                    "Breakfast",
                    "Brunch",
                    "Lunch",
                    "Dinner",
                    "Dessert"
                ],
                "Wi-Fi": "Paid",
                "price": "Very Expensive",
                "terms": [
                    "Hainanese chicken rice",
                    "good for dates",
                    "healthy food",
                    "seafood",
                    "brunch food",
                    "buffet",
                    "breakfast food",
                    "desserts",
                    "dinner",
                    "family-friendly",
                    "lobster",
                    "lunch",
                    "great value",
                    "cake",
                    "good service",
                    "wine",
                    "authentic",
                    "fish",
                    "trendy",
                    "Belgian waffles"
                ],
                "venueCat": [
                    "Buffet"
                ],
                "venueName": "MELT ~ The World Cafe",
                "preference": {
                    "brunch food": 2,
                    "good service": 2,
                    "Belgian waffles": 1,
                    "recommend food image to user": 1,
                    "ask for tips or suggestions or things to take note": 3
                },
                "venueNeigh": "Downtown Core",
                "venueScore": "average",
                "venueDomain": "food",
                "Credit Cards": "Yes",
                "Reservations": "Yes",
                "Dining Options": [
                    "No Delivery"
                ],
                "Outdoor Seating": "Yes"
            },
            {
                "imgs": [
                    "76345998461b6d660a5c3c2406cb4c31",
                    "c5d3f898fafa7669509c7ac3ae461dfd"
                ],
                "Menus": [
                    "Brunch",
                    "Lunch",
                    "Dinner",
                    "Dessert",
                    "Happy Hour"
                ],
                "Music": "Live Music",
                "Wi-Fi": "Yes",
                "price": "Moderate",
                "terms": [
                    "cozy",
                    "brunch food",
                    "live music",
                    "spirulina",
                    "lagers",
                    "Green Monster",
                    "wifi",
                    "happy hour",
                    "casual",
                    "baby squid",
                    "beer",
                    "wagyu beef",
                    "meats",
                    "outdoor seating",
                    "pasta",
                    "dinner",
                    "chicken",
                    "spaghetti",
                    "good for groups",
                    "gardens"
                ],
                "Drinks": [
                    "Beer",
                    "Full Bar",
                    "Cocktails"
                ],
                "venueCat": [
                    "Brewery",
                    "Bar",
                    "Beer Garden"
                ],
                "venueName": "RedDot BrewHouse",
                "preference": {
                    "Brewery": 1,
                    "wagyu beef": 1,
                    "brunch food": 1,
                    "outdoor seating": 2,
                    "price: Moderate": 2,
                    "ask for tips or suggestions or things to take note": 3
                },
                "venueNeigh": "Tanglin",
                "venueScore": "average",
                "venueDomain": "nightlife",
                "Credit Cards": "Yes",
                "Reservations": "Yes",
                "Outdoor Seating": "Yes"
            }
        ],
        "cnv_cnt": 20,
        "user_setting": "<b>**Use at least three turns of Question&Answers to find one venue!**</b> You plan to find a <b>hotel</b> in <b>Downtown Core</b>. Then look for a place for <b>brunch food</b>. Based on requirements uttered, the agent found <b>MELT ~ The World Cafe</b>. However, when you check price range, you prefer one <b>Moderate priced</b>, then the agent recommends again.",
        "user_location": "unknown"
    }
}