{
    "id": "2184",
    "dialogue": [
        {
            "turn idx": 0,
            "agent": {
                "transcript": "good afternoon, how may i help you today?",
                "img_gts": [],
                "dialog_act": {}
            },
            "user": {
                "transcript": "good morning! i am looking for a chinese seafood restaurant. i am also hoping they serve dim sum as i have been craving some!",
                "img_gts": [],
                "turn_label": {
                    "open span: dim sum": "inform",
                    "open span: chinese": "inform",
                    "open span: craving": "inform",
                    "placeholder": "greet"
                }
            },
            "bstate": {
                "open span: dim sum": "inform",
                "open span: chinese": "inform",
                "open span: craving": "inform"
            }
        },
        {
            "turn idx": 1,
            "agent": {
                "transcript": "a really great seafood restaurant would be tung lok seafood. it is one of the most raved about seafood restaurants in singapore and the serve many iconic singaporean dishes such as chili crab and seafood mee goreng! their oven-baked lobster is a real hit as well!",
                "img_gts": [],
                "dialog_act": {
                    "venuename: tung lok seafood": "recommend"
                }
            },
            "user": {
                "transcript": "that sounds yummy, where is this restaurant located at?",
                "img_gts": [],
                "turn_label": {
                    "venuename: tung lok seafood": "confirm",
                    "venuename": "request"
                }
            },
            "bstate": {
                "open span: dim sum": "inform",
                "open span: chinese": "inform",
                "open span: craving": "inform",
                "venuename": "request"
            }
        },
        {
            "turn idx": 2,
            "agent": {
                "transcript": "the restaurant is located at the west side of singapore, a few minutes walk from joo koon mrt station.",
                "img_gts": [],
                "dialog_act": {}
            },
            "user": {
                "transcript": "oh no, that will not do. i am actually hoping i can dine near somewhere near the financial area. do you have another recommendation?",
                "img_gts": [],
                "turn_label": {
                    "open span: another": "request",
                    "open span: recommendation": "request",
                    "venuename: tung lok seafood": "negate"
                }
            },
            "bstate": {
                "open span: dim sum": "inform",
                "open span: chinese": "inform",
                "open span: craving": "inform",
                "venuename": "request",
                "open span: another": "request",
                "open span: recommendation": "request"
            }
        },
        {
            "turn idx": 3,
            "agent": {
                "transcript": "i see, another seafood restaurant i would recommend is the palm beach seafood restaurant. they are located in the financial district and it is very near raffles place mrt station!",
                "img_gts": [],
                "dialog_act": {
                    "venuename: palm beach seafood restaurant": "recommend",
                    "venueneigh: financial district": "inform"
                }
            },
            "user": {
                "transcript": "i see, do you have any recommendations on what i should try there?",
                "img_gts": [],
                "turn_label": {
                    "venuename: palm beach seafood restaurant": "confirm",
                    "open span: tip or suggestion": "request"
                }
            },
            "bstate": {
                "open span: dim sum": "inform",
                "open span: chinese": "inform",
                "open span: craving": "inform",
                "venueneigh: financial district": "inform",
                "venuename: palm beach seafood restaurant": "confirm",
                "open span: tip or suggestion": "request"
            }
        },
        {
            "turn idx": 4,
            "agent": {
                "transcript": "they serve many great seafood dishes such as chili crab and black pepper crab! these dishes are also local favourites and you should definitely try them!",
                "img_gts": [],
                "dialog_act": {
                    "open span: seafood": "inform",
                    "open span: chilli crab": "inform",
                    "open span: chili crab": "inform"
                }
            },
            "user": {
                "transcript": "that sounds good! thank you for your help today!",
                "img_gts": [],
                "turn_label": {
                    "placeholder": "bye"
                }
            },
            "bstate": {
                "open span: dim sum": "inform",
                "open span: chinese": "inform",
                "open span: craving": "inform",
                "venueneigh: financial district": "inform",
                "venuename: palm beach seafood restaurant": "confirm",
                "open span: seafood": "inform",
                "open span: chilli crab": "inform",
                "open span: chili crab": "inform"
            }
        },
        {
            "turn idx": 5,
            "agent": {
                "transcript": "no problem, have a great day ahead!",
                "img_gts": [],
                "dialog_act": {
                    "placeholder": "bye"
                }
            },
            "user": {
                "transcript": "",
                "img_gts": [],
                "turn_label": {}
            },
            "bstate": {
                "open span: dim sum": "inform",
                "open span: chinese": "inform",
                "open span: craving": "inform",
                "venueneigh: financial district": "inform",
                "venuename: palm beach seafood restaurant": "confirm",
                "open span: seafood": "inform",
                "open span: chilli crab": "inform",
                "open span: chili crab": "inform"
            }
        }
    ],
    "user rating": 5,
    "user setting": "you are looking for a <b>chinese</b> style <b>seafood restaurant</b>. based on requirements uttered, the agent found <b>tung lok seafood</b>. however, when you check <b>location</b> area, you prefer one near <b>financial district</b>, then the agent recommends again.",
    "goal": {
        "id": 1480,
        "type": "multiple",
        "modality": "multiple",
        "content": [
            {
                "imgs": [],
                "Menus": [
                    "Brunch",
                    "Lunch",
                    "Dinner"
                ],
                "price": "Expensive",
                "terms": [
                    "siew mai",
                    "egg tarts",
                    "dim sum",
                    "fish",
                    "sushi",
                    "friendly staff",
                    "buffet",
                    "lunch",
                    "dinner"
                ],
                "venueCat": [
                    "Seafood Restaurant",
                    "Chinese Restaurant"
                ],
                "venueName": "Tung Lok Seafood",
                "preference": {
                    "dim sum": 1,
                    "friendly staff": 1,
                    "Chinese Restaurant": 2,
                    "Seafood Restaurant": 2,
                    "check venue location area": 3
                },
                "venueNeigh": "Pioneer",
                "venueScore": "average",
                "venueDomain": "food",
                "Credit Cards": "Yes",
                "Reservations": "Yes",
                "Dining Options": [
                    "No Delivery"
                ],
                "Outdoor Seating": "No"
            },
            {
                "imgs": [
                    "81b5e7dd3575d869df092e8c8e1d6b0e",
                    "1cbe7e50e57edbe0b5371d6a7f168b70"
                ],
                "Menus": [
                    "Breakfast",
                    "Dinner",
                    "Happy Hour"
                ],
                "Wi-Fi": "Yes",
                "price": "Expensive",
                "terms": [
                    "romantic",
                    "good for dates",
                    "crispy food",
                    "buns",
                    "scenic views",
                    "baby squid",
                    "lunch",
                    "dinner",
                    "good for special occasions",
                    "crab",
                    "takes reservations",
                    "peppers",
                    "alcohol",
                    "sliced pork",
                    "good for groups",
                    "steamed fish"
                ],
                "Drinks": [
                    "Cocktails"
                ],
                "venueCat": [
                    "Seafood Restaurant",
                    "Dim Sum Restaurant"
                ],
                "venueName": "Palm Beach Seafood Restaurant",
                "preference": {
                    "crab": 1,
                    "Seafood Restaurant": 2,
                    "venueNeigh: Financial District": 2,
                    "drag image of crab to do search": 1,
                    "ask for tips or suggestions or things to take note": 3
                },
                "venueNeigh": "Financial District",
                "venueScore": "average",
                "venueDomain": "food",
                "Credit Cards": "Yes",
                "Reservations": "Yes",
                "Dining Options": [
                    "Delivery"
                ],
                "Outdoor Seating": "Yes"
            }
        ],
        "cnv_cnt": 20,
        "user_setting": "You are looking for a <b>Chinese</b> style <b>Seafood Restaurant</b>. Based on requirements uttered, the agent found <b>Tung Lok Seafood</b>. However, when you check <b>location</b> area, you prefer one near <b>Financial District</b>, then the agent recommends again.",
        "user_location": "unknown"
    }
}