{
    "id": "2254",
    "dialogue": [
        {
            "turn idx": 0,
            "agent": {
                "transcript": "",
                "img_gts": [],
                "dialog_act": {}
            },
            "user": {
                "transcript": "hi, i am looking for a hotel. can you help me?",
                "img_gts": [],
                "turn_label": {
                    "open span: hotel": "inform",
                    "placeholder": "greet"
                }
            },
            "bstate": {
                "open span: hotel": "inform"
            }
        },
        {
            "turn idx": 1,
            "agent": {
                "transcript": "hi, which area would you like to stay at?",
                "img_gts": [],
                "dialog_act": {
                    "venueneigh": "request"
                }
            },
            "user": {
                "transcript": "i would like to stay at kallang area.",
                "img_gts": [],
                "turn_label": {
                    "venueneigh: kallang": "inform"
                }
            },
            "bstate": {
                "open span: hotel": "inform",
                "venueneigh: kallang": "inform"
            }
        },
        {
            "turn idx": 2,
            "agent": {
                "transcript": "you can check out parkroyal on kitchener road. they have very nice rooms, especially the corner rooms with sea view.",
                "img_gts": [],
                "dialog_act": {
                    "venuename: parkroyal on kitchener road": "recommend"
                }
            },
            "user": {
                "transcript": "ok, i will check it out. do you have any tips or anything i should take note?",
                "img_gts": [],
                "turn_label": {
                    "venuename: parkroyal on kitchener road": "confirm",
                    "open span: tip or suggestion": "request"
                }
            },
            "bstate": {
                "open span: hotel": "inform",
                "venueneigh: kallang": "inform",
                "venuename: parkroyal on kitchener road": "confirm",
                "open span: tip or suggestion": "request"
            }
        },
        {
            "turn idx": 3,
            "agent": {
                "transcript": "the hotel  is at a great location. easy access to food and public transport.",
                "img_gts": [],
                "dialog_act": {
                    "open span: hotel": "inform"
                }
            },
            "user": {
                "transcript": "ok. i would also like to try out some local food. do you have any recommendations? i am looking for this dish in particular.",
                "img_gts": [
                    "hot pot"
                ],
                "turn_label": {
                    "open span: local food": "inform",
                    "open span: image": "inform",
                    "open span: recommendation": "request",
                    "img_gts: hot pot": "inform"
                }
            },
            "bstate": {
                "open span: hotel": "inform",
                "venueneigh: kallang": "inform",
                "venuename: parkroyal on kitchener road": "confirm",
                "open span: local food": "inform",
                "open span: image": "inform",
                "open span: recommendation": "request",
                "img_gts: hot pot": "inform"
            }
        },
        {
            "turn idx": 4,
            "agent": {
                "transcript": "yes, you can try whampoa keng fishhead steamboat. they serve authentic charcoal fish steamboat.",
                "img_gts": [],
                "dialog_act": {
                    "venuename: whampoa keng fishhead steamboat": "recommend",
                    "open span: authentic": "inform"
                }
            },
            "user": {
                "transcript": "ok, thank you!",
                "img_gts": [],
                "turn_label": {
                    "venuename: whampoa keng fishhead steamboat": "confirm",
                    "placeholder": "bye"
                }
            },
            "bstate": {
                "open span: hotel": "inform",
                "venueneigh: kallang": "inform",
                "open span: local food": "inform",
                "open span: image": "inform",
                "img_gts: hot pot": "inform",
                "open span: authentic": "inform",
                "venuename: whampoa keng fishhead steamboat": "confirm"
            }
        },
        {
            "turn idx": 5,
            "agent": {
                "transcript": "no problem, thank you and goodbye!",
                "img_gts": [],
                "dialog_act": {
                    "placeholder": "bye"
                }
            },
            "user": {
                "transcript": "",
                "img_gts": [],
                "turn_label": {}
            },
            "bstate": {
                "open span: hotel": "inform",
                "venueneigh: kallang": "inform",
                "open span: local food": "inform",
                "open span: image": "inform",
                "img_gts: hot pot": "inform",
                "open span: authentic": "inform",
                "venuename: whampoa keng fishhead steamboat": "confirm"
            }
        }
    ],
    "user rating": 4,
    "user setting": "<b>**use at least three turns of question&answers to find one venue!**</b> you plan to stay at <b>kallang</b>, looking for a <b>hotel</b> and hope to try <b>local food</b>.",
    "goal": {
        "id": 1488,
        "type": "multiple",
        "modality": "multiple",
        "content": [
            {
                "imgs": [
                    "2a92dc5da94e12024bf1af44514b27ee",
                    "1a6ceed71814ee2a43a9188a3acc9f69"
                ],
                "Wi-Fi": "Yes",
                "terms": [
                    "hotel",
                    "mustafa",
                    "wifi",
                    "park",
                    "buffet",
                    "breakfast food",
                    "Indian food",
                    "lunch",
                    "dinner",
                    "tours",
                    "spacious",
                    "halal food",
                    "water views",
                    "clean rooms",
                    "electronics",
                    "staff",
                    "city square mall",
                    "corner rooms"
                ],
                "venueCat": [
                    "Hotel"
                ],
                "venueName": "PARKROYAL on Kitchener Road",
                "preference": {
                    "clean rooms": 2,
                    "water views": 1,
                    "breakfast buffet": 2,
                    "venueNeigh: Kallang": 2,
                    "ask for tips or suggestions or things to take note": 3
                },
                "venueNeigh": "Kallang",
                "venueScore": "average",
                "venueDomain": "hotel",
                "Credit Cards": "Yes"
            },
            {
                "imgs": [
                    "98bdb18f8d7f706ff9e5fb74fe64110d",
                    "1cbe673c134798315f9d8c551ebd03fc"
                ],
                "Menus": [
                    "Lunch",
                    "Dinner"
                ],
                "price": "Cheap",
                "terms": [
                    "charcoal",
                    "tangy sauce",
                    "crowded",
                    "fried asparagus",
                    "healthy food",
                    "fish",
                    "steamboat",
                    "shrimp",
                    "soup",
                    "dinner",
                    "lunch",
                    "authentic",
                    "good for groups"
                ],
                "venueCat": [
                    "Chinese Restaurant",
                    "Asian Restaurant"
                ],
                "venueName": "Whampoa Keng FishHead Steamboat",
                "preference": {
                    "authentic": 1,
                    "venueNeigh: Kallang": 2,
                    "recognize food by image": 2,
                    "ask for tips or suggestions or things to take note": 3
                },
                "venueNeigh": "Kallang",
                "venueScore": "average",
                "venueDomain": "food",
                "Credit Cards": "Yes",
                "Reservations": "Yes",
                "Dining Options": [
                    "No Delivery"
                ],
                "Outdoor Seating": "Yes"
            }
        ],
        "cnv_cnt": 20,
        "user_setting": "<b>**Use at least three turns of Question&Answers to find one venue!**</b> You plan to stay at <b>Kallang</b>, looking for a <b>hotel</b> and hope to try <b>local food</b>.",
        "user_location": "unknown"
    }
}