{
    "id": "2262",
    "dialogue": [
        {
            "turn idx": 0,
            "agent": {
                "transcript": "",
                "img_gts": [],
                "dialog_act": {}
            },
            "user": {
                "transcript": "hello! i am currently located at downtown core and i planned to visit a history museum that displays artifacts and antiques. please also list down the address so i could visit them.",
                "img_gts": [],
                "turn_label": {
                    "venueneigh: downtown core": "inform",
                    "open span: antique": "inform",
                    "open span: history museum": "inform",
                    "open span: artifact": "inform",
                    "venueaddress": "request",
                    "placeholder": "greet"
                }
            },
            "bstate": {
                "venueneigh: downtown core": "inform",
                "open span: antique": "inform",
                "open span: history museum": "inform",
                "open span: artifact": "inform",
                "venueaddress": "request"
            }
        },
        {
            "turn idx": 1,
            "agent": {
                "transcript": "hello! i would recommend you to visit the asian civilisations museum.  the address is 1 empress pl. (fullerton road) 179555 singapore.",
                "img_gts": [],
                "dialog_act": {
                    "venuename: asian civilisations museum": "recommend",
                    "venueaddress: 1 empress pl. (fullerton road) 179555 singapore": "inform"
                }
            },
            "user": {
                "transcript": "great, i would also like to try a theme park ride nearby at downtown core as well. it looks like the london eye ferris wheel and send me an image of the recommended place so i can recognize by image. please give me some tips as well.",
                "img_gts": [],
                "turn_label": {
                    "venueneigh: downtown core": "inform",
                    "open span: london eye": "inform",
                    "open span: ferris wheel": "inform",
                    "open span: theme park ride": "inform",
                    "venuename: asian civilisations museum": "confirm",
                    "open span: tip or suggestion": "request",
                    "open span: image": "request"
                }
            },
            "bstate": {
                "open span: antique": "inform",
                "open span: history museum": "inform",
                "open span: artifact": "inform",
                "venueaddress: 1 empress pl. (fullerton road) 179555 singapore": "inform",
                "venueneigh: downtown core": "inform",
                "open span: london eye": "inform",
                "open span: ferris wheel": "inform",
                "open span: theme park ride": "inform",
                "venuename: asian civilisations museum": "confirm",
                "open span: tip or suggestion": "request",
                "open span: image": "request"
            }
        },
        {
            "turn idx": 2,
            "agent": {
                "transcript": "oh no worries, that is actually the singapore flyer that i would recommend you to visit. here's a tip, the singapore flyer's height of sightseeing. on a good day during a 32-minute, 165-metre-high rotation you can see up to 45 kilometres away to changi airport, sentosa island and even to malaysia and indonesia.",
                "img_gts": [
                    "ferris wheel"
                ],
                "dialog_act": {
                    "venuename: the singapore flyer": "recommend",
                    "open span: image": "inform",
                    "img_gts: ferris wheel": "inform"
                }
            },
            "user": {
                "transcript": "great! thank you for your help! bye!",
                "img_gts": [],
                "turn_label": {
                    "venuename: the singapore flyer": "confirm",
                    "placeholder": "bye"
                }
            },
            "bstate": {
                "open span: antique": "inform",
                "open span: history museum": "inform",
                "open span: artifact": "inform",
                "venueaddress: 1 empress pl. (fullerton road) 179555 singapore": "inform",
                "venueneigh: downtown core": "inform",
                "open span: london eye": "inform",
                "open span: ferris wheel": "inform",
                "open span: theme park ride": "inform",
                "open span: image": "inform",
                "img_gts: ferris wheel": "inform",
                "venuename: the singapore flyer": "confirm"
            }
        },
        {
            "turn idx": 3,
            "agent": {
                "transcript": "bye!",
                "img_gts": [],
                "dialog_act": {
                    "placeholder": "bye"
                }
            },
            "user": {
                "transcript": "",
                "img_gts": [],
                "turn_label": {}
            },
            "bstate": {
                "open span: antique": "inform",
                "open span: history museum": "inform",
                "open span: artifact": "inform",
                "venueaddress: 1 empress pl. (fullerton road) 179555 singapore": "inform",
                "venueneigh: downtown core": "inform",
                "open span: london eye": "inform",
                "open span: ferris wheel": "inform",
                "open span: theme park ride": "inform",
                "open span: image": "inform",
                "img_gts: ferris wheel": "inform",
                "venuename: the singapore flyer": "confirm"
            }
        }
    ],
    "user rating": 5,
    "user setting": "<b>**use at least three turns of question&answers to find one venue!**</b> you are at <b>downtown core</b>. plan to visit a <b>museum</b> and later try a <b>theme park ride</b> <b>nearby</b>.",
    "goal": {
        "id": 1501,
        "type": "multiple",
        "modality": "multiple",
        "content": [
            {
                "imgs": [
                    "c468a4bd60c07686e137110f8cad4ae1",
                    "d939901bf7b0e7f0442fbc7298dde0cc"
                ],
                "terms": [
                    "exhibits",
                    "arts",
                    "artifacts",
                    "admission",
                    "halloween",
                    "antiques",
                    "museums",
                    "movies",
                    "dinner",
                    "tours",
                    "terracotta warriors",
                    "free admission",
                    "astrology"
                ],
                "venueCat": [
                    "History Museum",
                    "Museum",
                    "Art Gallery"
                ],
                "venueName": "Asian Civilisations Museum",
                "preference": {
                    "antiques": 1,
                    "artifacts": 2,
                    "Downtown Core": 1,
                    "History Museum": 2,
                    "ask for address": 3
                },
                "venueNeigh": "Downtown Core",
                "venueScore": "good",
                "venueDomain": "sightseeing",
                "Credit Cards": "No"
            },
            {
                "imgs": [
                    "c3001b585ad7b97bc5f8c67b7cf18e80",
                    "7e318df11f0a93b6e0c148300a3b5f9d"
                ],
                "terms": [
                    "champagne",
                    "fireworks",
                    "trails",
                    "landmarks",
                    "london eye",
                    "dinner",
                    "marinas",
                    "comfortable",
                    "cocktails",
                    "beer",
                    "skyline",
                    "books",
                    "tours",
                    "ice cream",
                    "duck",
                    "butter crabs",
                    "tourism",
                    "scenic views",
                    "ferris wheel",
                    "cigars"
                ],
                "venueCat": [
                    "Theme Park Ride / Attraction",
                    "Monument / Landmark"
                ],
                "venueName": "The Singapore Flyer",
                "preference": {
                    "london eye": 1,
                    "ferris wheel": 1,
                    "Theme Park Ride": 2,
                    "recognize by image": 2,
                    "ask for tips or suggestions or things to take note": 3
                },
                "venueNeigh": "Downtown Core",
                "venueScore": "good",
                "venueDomain": "sightseeing",
                "Credit Cards": "Yes"
            }
        ],
        "cnv_cnt": 20,
        "user_setting": "<b>**Use at least three turns of Question&Answers to find one venue!**</b> You are at <b>Downtown Core</b>. Plan to visit a <b>museum</b> and later try a <b>Theme Park Ride</b> <b>nearby</b>.",
        "user_location": "Downtown Core"
    }
}