{
    "id": "230",
    "dialogue": [
        {
            "turn idx": 0,
            "agent": {
                "transcript": "",
                "img_gts": [],
                "dialog_act": {}
            },
            "user": {
                "transcript": "hi! can you hellp me look for a moderate price restuarant to try jamon serrano?",
                "img_gts": [],
                "turn_label": {
                    "price: moderate": "inform",
                    "open span: jamon serrano": "inform",
                    "placeholder": "greet"
                }
            },
            "bstate": {
                "price: moderate": "inform",
                "open span: jamon serrano": "inform"
            }
        },
        {
            "turn idx": 1,
            "agent": {
                "transcript": "anywhere in the region in particular?",
                "img_gts": [],
                "dialog_act": {
                    "venueneigh": "request"
                }
            },
            "user": {
                "transcript": "yes, the downtown core please.",
                "img_gts": [],
                "turn_label": {
                    "venueneigh: downtown core": "inform"
                }
            },
            "bstate": {
                "price: moderate": "inform",
                "open span: jamon serrano": "inform",
                "venueneigh: downtown core": "inform"
            }
        },
        {
            "turn idx": 2,
            "agent": {
                "transcript": "i would recommend the botanic! they have alot of great jamon serrano that you can try out along with other dishes.",
                "img_gts": [
                    "western food",
                    "food"
                ],
                "dialog_act": {
                    "venuename: the botanic": "recommend",
                    "open span: jamon serrano": "inform",
                    "open span: image": "inform",
                    "img_gts: western food, food": "inform"
                }
            },
            "user": {
                "transcript": "that looks delicious! will try that out.",
                "img_gts": [],
                "turn_label": {
                    "venuename: the botanic": "confirm"
                }
            },
            "bstate": {
                "price: moderate": "inform",
                "open span: jamon serrano": "inform",
                "venueneigh: downtown core": "inform",
                "open span: image": "inform",
                "img_gts: western food, food": "inform",
                "venuename: the botanic": "confirm"
            }
        },
        {
            "turn idx": 3,
            "agent": {
                "transcript": "anything else i can help you with?",
                "img_gts": [],
                "dialog_act": {
                    "open span: anything else": "request"
                }
            },
            "user": {
                "transcript": "nope, that is all. thank you!",
                "img_gts": [],
                "turn_label": {
                    "open span: anything else": "negate",
                    "placeholder": "bye"
                }
            },
            "bstate": {
                "price: moderate": "inform",
                "open span: jamon serrano": "inform",
                "venueneigh: downtown core": "inform",
                "open span: image": "inform",
                "img_gts: western food, food": "inform",
                "venuename: the botanic": "confirm"
            }
        }
    ],
    "user rating": 5,
    "user setting": "you are traveling with a group of four people, looking for a <b>moderate price</b> <b>restaurant</b>, hope to try <b>jamon serrano</b>.",
    "goal": {
        "id": 1408,
        "type": "single",
        "modality": "multiple",
        "content": [
            {
                "imgs": [
                    "9ac37dd79ed28a96e48c1ab698d34920",
                    "f5b1f5fcb6d998338986a75a984bdc96"
                ],
                "Menus": [
                    "Brunch",
                    "Lunch",
                    "Dinner",
                    "Happy Hour"
                ],
                "Wi-Fi": "Yes",
                "price": "Moderate",
                "terms": [
                    "wifi",
                    "alcohol",
                    "fish",
                    "bone marrow",
                    "tapas",
                    "sorbet",
                    "sangria",
                    "roasted figs",
                    "candy",
                    "churros",
                    "cocktails",
                    "beer",
                    "happy hour",
                    "clams",
                    "meats",
                    "Jamon Serrano",
                    "yogurt",
                    "baklava",
                    "trout",
                    "wine"
                ],
                "Drinks": [
                    "Beer",
                    "Wine",
                    "Full Bar",
                    "Cocktails"
                ],
                "Smoking": "Yes",
                "venueCat": [
                    "Restaurant"
                ],
                "venueName": "The Botanic",
                "preference": {
                    "check wifi": 3,
                    "happy hour": 1,
                    "Jamon Serrano": 2,
                    "price: Moderate": 2,
                    "Reservations: Yes": 1
                },
                "venueNeigh": "Downtown Core",
                "venueScore": "average",
                "venueDomain": "food",
                "Credit Cards": "Yes",
                "Reservations": "Yes",
                "Outdoor Seating": "Yes"
            }
        ],
        "cnv_cnt": 20,
        "user_setting": "You are traveling with a group of four people, looking for a <b>moderate price</b> <b>restaurant</b>, hope to try <b>jamon serrano</b>.",
        "user_location": "Downtown Core"
    }
}