{
    "id": "2331",
    "dialogue": [
        {
            "turn idx": 0,
            "agent": {
                "transcript": "",
                "img_gts": [],
                "dialog_act": {}
            },
            "user": {
                "transcript": "hello can you help me find a cocktail bar in downtown core that serves this?",
                "img_gts": [
                    "drink",
                    "creamy drink"
                ],
                "turn_label": {
                    "drinks: full bar": "inform",
                    "drinks: cocktails": "inform",
                    "venueneigh: downtown core": "inform",
                    "venuename": "request",
                    "placeholder": "greet",
                    "img_gts: drink, creamy drink": "inform"
                }
            },
            "bstate": {
                "drinks: full bar": "inform",
                "drinks: cocktails": "inform",
                "venueneigh: downtown core": "inform",
                "venuename": "request",
                "img_gts: drink, creamy drink": "inform"
            }
        },
        {
            "turn idx": 1,
            "agent": {
                "transcript": "i recommend anti-dote! it is a place with great cocktails and you should order the braised veal cheek bao (with truffle) early before they sell out.",
                "img_gts": [],
                "dialog_act": {
                    "venuename: anti-dote": "recommend",
                    "drinks: cocktails": "inform",
                    "open span: truffle": "inform"
                }
            },
            "user": {
                "transcript": "do they accept credit cards and reservations?",
                "img_gts": [],
                "turn_label": {
                    "credit cards": "request",
                    "reservations": "request"
                }
            },
            "bstate": {
                "drinks: full bar": "inform",
                "drinks: cocktails": "inform",
                "venueneigh: downtown core": "inform",
                "img_gts: drink, creamy drink": "inform",
                "venuename: anti-dote": "recommend",
                "open span: truffle": "inform",
                "credit cards": "request",
                "reservations": "request"
            }
        },
        {
            "turn idx": 2,
            "agent": {
                "transcript": "yes for both!",
                "img_gts": [],
                "dialog_act": {
                    "reservations: yes": "inform",
                    "credit cards: yes": "inform"
                }
            },
            "user": {
                "transcript": "what about outdoor seating?",
                "img_gts": [],
                "turn_label": {
                    "outdoor seating": "request"
                }
            },
            "bstate": {
                "drinks: full bar": "inform",
                "drinks: cocktails": "inform",
                "venueneigh: downtown core": "inform",
                "img_gts: drink, creamy drink": "inform",
                "venuename: anti-dote": "recommend",
                "open span: truffle": "inform",
                "reservations: yes": "inform",
                "credit cards: yes": "inform",
                "outdoor seating": "request"
            }
        },
        {
            "turn idx": 3,
            "agent": {
                "transcript": "im afraid there isnt outdoor seating!",
                "img_gts": [],
                "dialog_act": {
                    "outdoor seating: no": "inform"
                }
            },
            "user": {
                "transcript": "i see.. its okay then. is there another bar that has outdoor seating?",
                "img_gts": [],
                "turn_label": {
                    "venuename: anti-dote": "negate",
                    "outdoor seating: yes": "inform",
                    "open span: bar": "request"
                }
            },
            "bstate": {
                "drinks: full bar": "inform",
                "drinks: cocktails": "inform",
                "venueneigh: downtown core": "inform",
                "img_gts: drink, creamy drink": "inform",
                "open span: truffle": "inform",
                "reservations: yes": "inform",
                "credit cards: yes": "inform",
                "outdoor seating: yes": "inform",
                "open span: bar": "request"
            }
        },
        {
            "turn idx": 4,
            "agent": {
                "transcript": "any more preferences?",
                "img_gts": [],
                "dialog_act": {
                    "open span: preference": "request"
                }
            },
            "user": {
                "transcript": "ill like a bar that serves good wine and martinis.",
                "img_gts": [
                    "bar/restaurant",
                    "name board, building front"
                ],
                "turn_label": {
                    "drinks: wine": "inform",
                    "open span: martini": "inform",
                    "open span: image": "inform",
                    "img_gts: bar/restaurant, name board, building front": "inform"
                }
            },
            "bstate": {
                "drinks: full bar": "inform",
                "drinks: cocktails": "inform",
                "venueneigh: downtown core": "inform",
                "open span: truffle": "inform",
                "reservations: yes": "inform",
                "credit cards: yes": "inform",
                "outdoor seating: yes": "inform",
                "open span: bar": "request",
                "open span: preference": "request",
                "drinks: wine": "inform",
                "open span: martini": "inform",
                "open span: image": "inform",
                "img_gts: bar/restaurant, name board, building front": "inform"
            }
        },
        {
            "turn idx": 5,
            "agent": {
                "transcript": "i recommend loof,  it has a nice and relaxing ambience, plus a good drink list as well.",
                "img_gts": [
                    "drink",
                    "beer"
                ],
                "dialog_act": {
                    "venuename: loof": "recommend",
                    "open span: image": "inform",
                    "img_gts: drink, beer": "inform"
                }
            },
            "user": {
                "transcript": "is there wifi?",
                "img_gts": [],
                "turn_label": {
                    "wi-fi": "request"
                }
            },
            "bstate": {
                "drinks: full bar": "inform",
                "drinks: cocktails": "inform",
                "venueneigh: downtown core": "inform",
                "open span: truffle": "inform",
                "reservations: yes": "inform",
                "credit cards: yes": "inform",
                "outdoor seating: yes": "inform",
                "open span: bar": "request",
                "drinks: wine": "inform",
                "open span: martini": "inform",
                "open span: image": "inform",
                "venuename: loof": "recommend",
                "img_gts: drink, beer": "inform",
                "wi-fi": "request"
            }
        },
        {
            "turn idx": 6,
            "agent": {
                "transcript": "no there isnt! sorry.",
                "img_gts": [],
                "dialog_act": {
                    "wi-fi: no": "inform"
                }
            },
            "user": {
                "transcript": "its okay, but there definitely is outdoor seating right?",
                "img_gts": [],
                "turn_label": {
                    "venuename: loof": "confirm",
                    "outdoor seating": "request"
                }
            },
            "bstate": {
                "drinks: full bar": "inform",
                "drinks: cocktails": "inform",
                "venueneigh: downtown core": "inform",
                "open span: truffle": "inform",
                "reservations: yes": "inform",
                "credit cards: yes": "inform",
                "open span: bar": "request",
                "drinks: wine": "inform",
                "open span: martini": "inform",
                "open span: image": "inform",
                "img_gts: drink, beer": "inform",
                "wi-fi: no": "inform",
                "venuename: loof": "confirm",
                "outdoor seating": "request"
            }
        },
        {
            "turn idx": 7,
            "agent": {
                "transcript": "yes that is right!!",
                "img_gts": [],
                "dialog_act": {
                    "outdoor seating: yes": "inform"
                }
            },
            "user": {
                "transcript": "okay great, thank you. that is all i need.",
                "img_gts": [],
                "turn_label": {
                    "placeholder": "bye"
                }
            },
            "bstate": {
                "drinks: full bar": "inform",
                "drinks: cocktails": "inform",
                "venueneigh: downtown core": "inform",
                "open span: truffle": "inform",
                "reservations: yes": "inform",
                "credit cards: yes": "inform",
                "open span: bar": "request",
                "drinks: wine": "inform",
                "open span: martini": "inform",
                "open span: image": "inform",
                "img_gts: drink, beer": "inform",
                "wi-fi: no": "inform",
                "venuename: loof": "confirm",
                "outdoor seating: yes": "inform"
            }
        },
        {
            "turn idx": 8,
            "agent": {
                "transcript": "okay welcome! goodbye.",
                "img_gts": [],
                "dialog_act": {
                    "placeholder": "bye"
                }
            },
            "user": {
                "transcript": "",
                "img_gts": [],
                "turn_label": {}
            },
            "bstate": {
                "drinks: full bar": "inform",
                "drinks: cocktails": "inform",
                "venueneigh: downtown core": "inform",
                "open span: truffle": "inform",
                "reservations: yes": "inform",
                "credit cards: yes": "inform",
                "open span: bar": "request",
                "drinks: wine": "inform",
                "open span: martini": "inform",
                "open span: image": "inform",
                "img_gts: drink, beer": "inform",
                "wi-fi: no": "inform",
                "venuename: loof": "confirm",
                "outdoor seating: yes": "inform"
            }
        }
    ],
    "user rating": 4,
    "user setting": "<b>**use at least three turns of question&answers to find one venue!**</b> you are at <b>downtown core</b>. plan to enjoy nightlife in a <b>cocktail bar</b>. based on requirements uttered, the agent found <b>anti:dote</b>. however, when you check outdoor seating, you prefer one with it, then the agent recommends again.",
    "goal": {
        "id": 1510,
        "type": "multiple",
        "modality": "multiple",
        "content": [
            {
                "imgs": [
                    "8ad38e4507e501cb71587d0ac0b0d31b",
                    "6e121a4035e819f900da667421f91277"
                ],
                "Menus": [
                    "Brunch"
                ],
                "Wi-Fi": "Yes",
                "price": "Expensive",
                "terms": [
                    "healthy food",
                    "cozy",
                    "good for dates",
                    "dumplings",
                    "tea",
                    "tapas",
                    "good for special occasions",
                    "fancy",
                    "cocktails",
                    "pork belly",
                    "suckling pig",
                    "meats",
                    "rabbit",
                    "salmon ceviche",
                    "trendy",
                    "black truffles",
                    "good service",
                    "soft shell crabs",
                    "short ribs",
                    "pizza"
                ],
                "Drinks": [
                    "Full Bar",
                    "Cocktails"
                ],
                "venueCat": [
                    "Cocktail Bar"
                ],
                "venueName": "Anti:dote",
                "preference": {
                    "Cocktail Bar": 2,
                    "good service": 1,
                    "Downtown Core": 2,
                    "black truffles": 1,
                    "show food image": 1,
                    "check Outdoor Seating": 3
                },
                "venueNeigh": "Downtown Core",
                "venueScore": "good",
                "venueDomain": "nightlife",
                "Credit Cards": "Yes",
                "Reservations": "Yes",
                "Outdoor Seating": "No"
            },
            {
                "imgs": [
                    "c30f051876027a67120ccece8de5105d",
                    "519c5bca932c4eb07d78b00807ec9213"
                ],
                "Menus": [
                    "Happy Hour"
                ],
                "Wi-Fi": "No",
                "price": "Expensive",
                "terms": [
                    "DJs",
                    "rooftop bar",
                    "lively",
                    "french fries",
                    "wine",
                    "gummiberry",
                    "cocktails",
                    "chili crabs",
                    "happy hour",
                    "drinks in singapore",
                    "Tom Yum soup",
                    "martinis",
                    "great value",
                    "trendy",
                    "good for singles",
                    "frozen margaritas",
                    "loof life",
                    "casual",
                    "spicy chicken",
                    "scenic views"
                ],
                "Drinks": [
                    "Beer",
                    "Wine",
                    "Full Bar",
                    "Cocktails"
                ],
                "venueCat": [
                    "Lounge",
                    "Cocktail Bar"
                ],
                "venueName": "Loof",
                "preference": {
                    "show image": 1,
                    "rooftop bar": 1,
                    "Cocktail Bar": 2,
                    "Outdoor Seating: Yes": 2,
                    "ask for tips or suggestions or things to take note": 3
                },
                "venueNeigh": "Downtown Core",
                "venueScore": "average",
                "venueDomain": "nightlife",
                "Credit Cards": "Yes",
                "Outdoor Seating": "Yes"
            }
        ],
        "cnv_cnt": 20,
        "user_setting": "<b>**Use at least three turns of Question&Answers to find one venue!**</b> You are at <b>Downtown Core</b>. Plan to enjoy nightlife in a <b>Cocktail Bar</b>. Based on requirements uttered, the agent found <b>Anti:dote</b>. However, when you check Outdoor Seating, you prefer one with it, then the agent recommends again.",
        "user_location": "Downtown Core"
    }
}