{
    "id": "247",
    "dialogue": [
        {
            "turn idx": 0,
            "agent": {
                "transcript": "hi, how can i help you?",
                "img_gts": [],
                "dialog_act": {
                    "placeholder": "greet"
                }
            },
            "user": {
                "transcript": "hi, i'm travelling with my friends and we'd like a restaurant with great udon. it'd be great if the place sells tendons too.",
                "img_gts": [],
                "turn_label": {
                    "open span: friend": "inform",
                    "open span: tendon": "inform",
                    "open span: udon": "inform",
                    "placeholder": "greet"
                }
            },
            "bstate": {
                "open span: friend": "inform",
                "open span: tendon": "inform",
                "open span: udon": "inform"
            }
        },
        {
            "turn idx": 1,
            "agent": {
                "transcript": "sure thing! is orchard road a convenient location for you?",
                "img_gts": [],
                "dialog_act": {
                    "venueneigh: orchard road": "inform"
                }
            },
            "user": {
                "transcript": "yes, it is! do you know a place?",
                "img_gts": [],
                "turn_label": {
                    "venuename": "request"
                }
            },
            "bstate": {
                "open span: friend": "inform",
                "open span: tendon": "inform",
                "open span: udon": "inform",
                "venueneigh: orchard road": "inform",
                "venuename": "request"
            }
        },
        {
            "turn idx": 2,
            "agent": {
                "transcript": "our recommendation is inaniwa yosuke! excellent udon. this one is silky smooth, much like somen. 'half half' allows one to try a hot soup version n a cold dry dipping version. both of both worlds!",
                "img_gts": [],
                "dialog_act": {
                    "venuename: inaniwa yosuke": "recommend",
                    "open span: udon": "inform"
                }
            },
            "user": {
                "transcript": "ok, great! do they make deliveries?",
                "img_gts": [],
                "turn_label": {
                    "dining options": "request",
                    "venuename: inaniwa yosuke": "confirm"
                }
            },
            "bstate": {
                "open span: friend": "inform",
                "open span: tendon": "inform",
                "open span: udon": "inform",
                "venueneigh: orchard road": "inform",
                "dining options": "request",
                "venuename: inaniwa yosuke": "confirm"
            }
        },
        {
            "turn idx": 3,
            "agent": {
                "transcript": "no deliveries, sorry!",
                "img_gts": [],
                "dialog_act": {
                    "dining options: no delivery": "inform"
                }
            },
            "user": {
                "transcript": "it's cool, the restaurant still sounds great. though, i am looking for a mall that's nearby. do you know any? it'd be great if it has a plaza and sells fried tofu.",
                "img_gts": [],
                "turn_label": {
                    "open span: mall": "inform",
                    "open span: near": "inform",
                    "open span: fry tofu": "inform",
                    "open span: plaza": "inform"
                }
            },
            "bstate": {
                "open span: friend": "inform",
                "open span: tendon": "inform",
                "open span: udon": "inform",
                "venueneigh: orchard road": "inform",
                "venuename: inaniwa yosuke": "confirm",
                "dining options: no delivery": "inform",
                "open span: mall": "inform",
                "open span: near": "inform",
                "open span: fry tofu": "inform",
                "open span: plaza": "inform"
            }
        },
        {
            "turn idx": 4,
            "agent": {
                "transcript": "the restaurant is located inside a mall, wisma atria. it has everything you are looking for!",
                "img_gts": [],
                "dialog_act": {
                    "venuename: wisma atria": "recommend"
                }
            },
            "user": {
                "transcript": "oh! that's great. could i have the address of the place?",
                "img_gts": [],
                "turn_label": {
                    "venueaddress": "request",
                    "venuename: wisma atria": "confirm"
                }
            },
            "bstate": {
                "open span: friend": "inform",
                "open span: tendon": "inform",
                "open span: udon": "inform",
                "venueneigh: orchard road": "inform",
                "dining options: no delivery": "inform",
                "open span: mall": "inform",
                "open span: near": "inform",
                "open span: fry tofu": "inform",
                "open span: plaza": "inform",
                "venueaddress": "request",
                "venuename: wisma atria": "confirm"
            }
        },
        {
            "turn idx": 5,
            "agent": {
                "transcript": "if you need the address, it is 435 orchard rd. 238877 singapore.",
                "img_gts": [],
                "dialog_act": {
                    "venueaddress: 435 orchard rd. 238877 singapore": "inform"
                }
            },
            "user": {
                "transcript": "thanks so much! bye.",
                "img_gts": [],
                "turn_label": {
                    "placeholder": "bye"
                }
            },
            "bstate": {
                "open span: friend": "inform",
                "open span: tendon": "inform",
                "open span: udon": "inform",
                "venueneigh: orchard road": "inform",
                "dining options: no delivery": "inform",
                "open span: mall": "inform",
                "open span: near": "inform",
                "open span: fry tofu": "inform",
                "open span: plaza": "inform",
                "venuename: wisma atria": "confirm",
                "venueaddress: 435 orchard rd. 238877 singapore": "inform"
            }
        }
    ],
    "user rating": 4,
    "user setting": "you are traveling <b>with a group of people</b>, would like to look for a <b>restaurant</b> with <b>udon</b>.",
    "goal": {
        "id": 1409,
        "type": "multiple",
        "modality": "multiple",
        "content": [
            {
                "imgs": [
                    "67f3d52fa11405d4fddf4a9bbd726dca",
                    "9840d57514fc2c1ee2b05c2af99e1337",
                    "02e9063a853270e9230d553f22adbe97",
                    "de5131479dc30dece339dc4576329a7f"
                ],
                "terms": [
                    "tendons",
                    "soup",
                    "tempura",
                    "casual",
                    "udon",
                    "good for groups",
                    "handmade",
                    "comfort food"
                ],
                "venueCat": [
                    "Udon Restaurant"
                ],
                "venueName": "Inaniwa Yosuke",
                "preference": {
                    "tendons": 1,
                    "check delivery": 3,
                    "good for groups": 2,
                    "venueCat:Udon Restaurant": 2,
                    "venueNeigh: Orchard Road": 1
                },
                "venueNeigh": "Orchard Road",
                "venueScore": "average",
                "Dining Options": [
                    "No Delivery"
                ],
                "Outdoor Seating": "No"
            },
            {
                "imgs": [
                    "02d791fbc3f8707c1eae961708a6fff7",
                    "38fc3370832665a27cb114f507d907f3",
                    "9262afbb40474738495cfa08765c8c4a",
                    "2de1dbf81699400f4d57c61e4d76641b"
                ],
                "terms": [
                    "accessories",
                    "lunch",
                    "dinner",
                    "crowded",
                    "Plaza",
                    "food republic",
                    "noodles",
                    "sally",
                    "fried tofu",
                    "hokkien mee",
                    "shoes",
                    "cappuccinos",
                    "ice cream",
                    "cookies",
                    "popcorn",
                    "food courts",
                    "tea",
                    "Christmas",
                    "basement",
                    "frozen yogurt"
                ],
                "venueCat": [
                    "Shopping Mall"
                ],
                "venueName": "Wisma Atria",
                "preference": {
                    "Plaza": 1,
                    "fried tofu": 2,
                    "get address": 3,
                    "venueScore: average": 1,
                    "venueCat:Shopping Mall": 2,
                    "venueNeigh: Orchard Road": 1
                },
                "venueNeigh": "Orchard Road",
                "venueScore": "average",
                "Credit Cards": "Yes"
            }
        ],
        "cnv_cnt": 20,
        "user_setting": "You are traveling <b>with a group of people</b>, would like to look for a <b>restaurant</b> with <b>udon</b>.",
        "user_location": "unknown"
    }
}