{
    "id": "2487",
    "dialogue": [
        {
            "turn idx": 0,
            "agent": {
                "transcript": "hi good afternoon.",
                "img_gts": [],
                "dialog_act": {
                    "placeholder": "greet"
                }
            },
            "user": {
                "transcript": "hi i'm looking for a food court.",
                "img_gts": [],
                "turn_label": {
                    "open span: food center": "inform",
                    "placeholder": "greet"
                }
            },
            "bstate": {
                "open span: food center": "inform"
            }
        },
        {
            "turn idx": 1,
            "agent": {
                "transcript": "where are you planning to go?",
                "img_gts": [],
                "dialog_act": {
                    "venueneigh": "request"
                }
            },
            "user": {
                "transcript": "somewhere near chintown.",
                "img_gts": [],
                "turn_label": {
                    "venueneigh: chinatown": "inform"
                }
            },
            "bstate": {
                "open span: food center": "inform",
                "venueneigh: chinatown": "inform"
            }
        },
        {
            "turn idx": 2,
            "agent": {
                "transcript": "any type of food you like?",
                "img_gts": [],
                "dialog_act": {}
            },
            "user": {
                "transcript": "i would like to have noodles.",
                "img_gts": [],
                "turn_label": {
                    "open span: noodle": "inform"
                }
            },
            "bstate": {
                "open span: food center": "inform",
                "venueneigh: chinatown": "inform",
                "open span: noodle": "inform"
            }
        },
        {
            "turn idx": 3,
            "agent": {
                "transcript": "any particular cuisine?",
                "img_gts": [],
                "dialog_act": {
                    "open span: cuisine": "request"
                }
            },
            "user": {
                "transcript": "chinese food would be great.",
                "img_gts": [],
                "turn_label": {
                    "open span: chinese food": "inform"
                }
            },
            "bstate": {
                "open span: food center": "inform",
                "venueneigh: chinatown": "inform",
                "open span: noodle": "inform",
                "open span: cuisine": "request",
                "open span: chinese food": "inform"
            }
        },
        {
            "turn idx": 4,
            "agent": {
                "transcript": "you could go to chinatown complex market & food centre.",
                "img_gts": [],
                "dialog_act": {
                    "venuename: chinatown complex market & food centre": "recommend"
                }
            },
            "user": {
                "transcript": "nice anything i should take note of?",
                "img_gts": [],
                "turn_label": {
                    "venuename: chinatown complex market & food centre": "confirm",
                    "open span: tip or suggestion": "request"
                }
            },
            "bstate": {
                "open span: food center": "inform",
                "venueneigh: chinatown": "inform",
                "open span: noodle": "inform",
                "open span: cuisine": "request",
                "open span: chinese food": "inform",
                "venuename: chinatown complex market & food centre": "confirm",
                "open span: tip or suggestion": "request"
            }
        },
        {
            "turn idx": 5,
            "agent": {
                "transcript": "when in doubt of what to eat, look for stalls with long queues.",
                "img_gts": [],
                "dialog_act": {
                    "open span: stall": "inform",
                    "open span: long queue": "inform"
                }
            },
            "user": {
                "transcript": "ok. i also want to look for a pub.",
                "img_gts": [],
                "turn_label": {
                    "open span: bar": "inform"
                }
            },
            "bstate": {
                "open span: food center": "inform",
                "venueneigh: chinatown": "inform",
                "open span: noodle": "inform",
                "open span: cuisine": "request",
                "open span: chinese food": "inform",
                "venuename: chinatown complex market & food centre": "confirm",
                "open span: stall": "inform",
                "open span: long queue": "inform",
                "open span: bar": "inform"
            }
        },
        {
            "turn idx": 6,
            "agent": {
                "transcript": "where are you planning to go?",
                "img_gts": [],
                "dialog_act": {
                    "venueneigh": "request"
                }
            },
            "user": {
                "transcript": "near the singapore river.",
                "img_gts": [],
                "turn_label": {
                    "venueneigh: singapore river": "inform"
                }
            },
            "bstate": {
                "open span: food center": "inform",
                "open span: noodle": "inform",
                "open span: cuisine": "request",
                "open span: chinese food": "inform",
                "venuename: chinatown complex market & food centre": "confirm",
                "open span: stall": "inform",
                "open span: long queue": "inform",
                "open span: bar": "inform",
                "venueneigh: singapore river": "inform"
            }
        },
        {
            "turn idx": 7,
            "agent": {
                "transcript": "are you looking for any type of beer?",
                "img_gts": [],
                "dialog_act": {
                    "drinks: beer": "request"
                }
            },
            "user": {
                "transcript": "i want to have hobgoblin beer.",
                "img_gts": [],
                "turn_label": {
                    "drinks: beer": "inform"
                }
            },
            "bstate": {
                "open span: food center": "inform",
                "open span: noodle": "inform",
                "open span: cuisine": "request",
                "open span: chinese food": "inform",
                "venuename: chinatown complex market & food centre": "confirm",
                "open span: stall": "inform",
                "open span: long queue": "inform",
                "open span: bar": "inform",
                "venueneigh: singapore river": "inform",
                "drinks: beer": "inform"
            }
        },
        {
            "turn idx": 8,
            "agent": {
                "transcript": "okay, any other requirements you have?",
                "img_gts": [],
                "dialog_act": {
                    "open span: preference": "request"
                }
            },
            "user": {
                "transcript": "somewhere with good service.",
                "img_gts": [],
                "turn_label": {
                    "open span: good service": "inform"
                }
            },
            "bstate": {
                "open span: food center": "inform",
                "open span: noodle": "inform",
                "open span: cuisine": "request",
                "open span: chinese food": "inform",
                "venuename: chinatown complex market & food centre": "confirm",
                "open span: stall": "inform",
                "open span: long queue": "inform",
                "open span: bar": "inform",
                "venueneigh: singapore river": "inform",
                "drinks: beer": "inform",
                "open span: preference": "request",
                "open span: good service": "inform"
            }
        },
        {
            "turn idx": 9,
            "agent": {
                "transcript": "you can try alchemy.",
                "img_gts": [],
                "dialog_act": {
                    "venuename: alchemy": "recommend"
                }
            },
            "user": {
                "transcript": "oh nice, any suggestions for it?",
                "img_gts": [],
                "turn_label": {
                    "open span: nice": "inform",
                    "venuename: alchemy": "confirm",
                    "open span: tip or suggestion": "request"
                }
            },
            "bstate": {
                "open span: food center": "inform",
                "open span: noodle": "inform",
                "open span: cuisine": "request",
                "open span: chinese food": "inform",
                "open span: stall": "inform",
                "open span: long queue": "inform",
                "open span: bar": "inform",
                "venueneigh: singapore river": "inform",
                "drinks: beer": "inform",
                "open span: good service": "inform",
                "open span: nice": "inform",
                "venuename: alchemy": "confirm",
                "open span: tip or suggestion": "request"
            }
        },
        {
            "turn idx": 10,
            "agent": {
                "transcript": "you can also try their spicy mid wings to go with the beer.",
                "img_gts": [],
                "dialog_act": {
                    "drinks: beer": "inform",
                    "open span: spicy food": "inform"
                }
            },
            "user": {
                "transcript": "great thanks!",
                "img_gts": [],
                "turn_label": {
                    "placeholder": "bye"
                }
            },
            "bstate": {
                "open span: food center": "inform",
                "open span: noodle": "inform",
                "open span: cuisine": "request",
                "open span: chinese food": "inform",
                "open span: stall": "inform",
                "open span: long queue": "inform",
                "open span: bar": "inform",
                "venueneigh: singapore river": "inform",
                "drinks: beer": "inform",
                "open span: good service": "inform",
                "open span: nice": "inform",
                "venuename: alchemy": "confirm",
                "open span: spicy food": "inform"
            }
        },
        {
            "turn idx": 11,
            "agent": {
                "transcript": "you're welcome.",
                "img_gts": [],
                "dialog_act": {
                    "placeholder": "bye"
                }
            },
            "user": {
                "transcript": "",
                "img_gts": [],
                "turn_label": {}
            },
            "bstate": {
                "open span: food center": "inform",
                "open span: noodle": "inform",
                "open span: cuisine": "request",
                "open span: chinese food": "inform",
                "open span: stall": "inform",
                "open span: long queue": "inform",
                "open span: bar": "inform",
                "venueneigh: singapore river": "inform",
                "drinks: beer": "inform",
                "open span: good service": "inform",
                "open span: nice": "inform",
                "venuename: alchemy": "confirm",
                "open span: spicy food": "inform"
            }
        }
    ],
    "user rating": 4,
    "user setting": "<b>**use at least three turns of question&answers to find one venue!**</b> you hope to try some <b>authentic</b> <b>chinese food</b> in <b>food court</b>. later plan to visit a <b>pub</b>.",
    "goal": {
        "id": 1512,
        "type": "multiple",
        "modality": "multiple",
        "content": [
            {
                "imgs": [],
                "Menus": [
                    "Brunch",
                    "Lunch",
                    "Dinner"
                ],
                "terms": [
                    "coffee",
                    "vegetarian food",
                    "hidden gem",
                    "soup",
                    "char siu",
                    "soup dumplings",
                    "great value",
                    "beer",
                    "breakfast food",
                    "desserts",
                    "dinner",
                    "Chinese food",
                    "Thai food",
                    "rice",
                    "tea",
                    "chicken",
                    "noodles",
                    "authentic",
                    "chili",
                    "spicy food"
                ],
                "Drinks": [
                    "Beer",
                    "Full Bar",
                    "Cocktails"
                ],
                "venueCat": [
                    "Food Court",
                    "Market"
                ],
                "venueName": "Chinatown Complex Market & Food Centre",
                "preference": {
                    "noodles": 1,
                    "Chinatown": 2,
                    "authentic": 1,
                    "Food Court": 2,
                    "Chinese food": 1,
                    "ask for tips or suggestions or things to take note": 3
                },
                "venueNeigh": "Chinatown",
                "venueScore": "average",
                "venueDomain": "food",
                "Credit Cards": "No",
                "Wheelchair Accessible": "Yes"
            },
            {
                "imgs": [
                    "6124f652f72780e6aa352eece73f8999",
                    "66aea5fb539cb57247368c83b8d063c9"
                ],
                "Menus": [
                    "Happy Hour"
                ],
                "Wi-Fi": "No",
                "price": "Cheap",
                "terms": [
                    "hobgoblin",
                    "chicken wings",
                    "J\u00e4ger bombs",
                    "beer",
                    "spicy food",
                    "good service"
                ],
                "Drinks": [
                    "Beer"
                ],
                "venueCat": [
                    "Pub"
                ],
                "venueName": "Alchemy",
                "preference": {
                    "pub": 1,
                    "good service": 1,
                    "hobgoblin beer": 2,
                    "Singapore River": 2,
                    "ask for tips or suggestions or things to take note": 3
                },
                "venueNeigh": "Singapore River",
                "venueScore": "average",
                "venueDomain": "nightlife",
                "Credit Cards": "Yes",
                "Outdoor Seating": "Yes"
            }
        ],
        "cnv_cnt": 20,
        "user_setting": "<b>**Use at least three turns of Question&Answers to find one venue!**</b> You hope to try some <b>authentic</b> <b>Chinese food</b> in <b>Food Court</b>. Later plan to visit a <b>Pub</b>.",
        "user_location": "unknown"
    }
}