{
    "id": "251",
    "dialogue": [
        {
            "turn idx": 0,
            "agent": {
                "transcript": "",
                "img_gts": [],
                "dialog_act": {}
            },
            "user": {
                "transcript": "hi, can you help me find a hotel with casinos and infinity pool?",
                "img_gts": [],
                "turn_label": {
                    "open span: hotel": "inform",
                    "open span: casino": "inform",
                    "open span: infinity pool": "inform",
                    "placeholder": "greet"
                }
            },
            "bstate": {
                "open span: hotel": "inform",
                "open span: casino": "inform",
                "open span: infinity pool": "inform"
            }
        },
        {
            "turn idx": 1,
            "agent": {
                "transcript": "how about marina bay sands? it is a very popular one.",
                "img_gts": [],
                "dialog_act": {
                    "venuename: marina bay sands": "recommend"
                }
            },
            "user": {
                "transcript": "great! do you have their phone number?",
                "img_gts": [],
                "turn_label": {
                    "telephone": "request",
                    "venuename: marina bay sands": "confirm"
                }
            },
            "bstate": {
                "open span: hotel": "inform",
                "open span: casino": "inform",
                "open span: infinity pool": "inform",
                "telephone": "request",
                "venuename: marina bay sands": "confirm"
            }
        },
        {
            "turn idx": 2,
            "agent": {
                "transcript": "yes, it is +65 6688 8888.",
                "img_gts": [],
                "dialog_act": {
                    "telephone: +65 6688 8888": "inform"
                }
            },
            "user": {
                "transcript": "and i am also looking for a place with light show and free wi-fi.",
                "img_gts": [],
                "turn_label": {
                    "wi-fi: free": "inform",
                    "open span: light show": "inform"
                }
            },
            "bstate": {
                "open span: hotel": "inform",
                "open span: casino": "inform",
                "open span: infinity pool": "inform",
                "venuename: marina bay sands": "confirm",
                "telephone: +65 66888888": "inform",
                "wi-fi: yes": "inform",
                "open span: light show": "inform"
            }
        },
        {
            "turn idx": 3,
            "agent": {
                "transcript": "do you have any more specific requirements?",
                "img_gts": [],
                "dialog_act": {
                    "open span: preference": "request"
                }
            },
            "user": {
                "transcript": "it would be nice if the place is romantic and spacious.",
                "img_gts": [],
                "turn_label": {
                    "open span: romantic": "inform",
                    "open span: spacious": "inform"
                }
            },
            "bstate": {
                "open span: hotel": "inform",
                "open span: casino": "inform",
                "open span: infinity pool": "inform",
                "venuename: marina bay sands": "confirm",
                "telephone: +65 66888888": "inform",
                "wi-fi: yes": "inform",
                "open span: light show": "inform",
                "open span: preference": "request",
                "open span: romantic": "inform",
                "open span: spacious": "inform"
            }
        },
        {
            "turn idx": 4,
            "agent": {
                "transcript": "that sounds like gardens by the bay!",
                "img_gts": [],
                "dialog_act": {
                    "venuename: gardens by the bay": "recommend"
                }
            },
            "user": {
                "transcript": "perfect. can i double-check whether they have wifi available?",
                "img_gts": [],
                "turn_label": {
                    "wi-fi": "request"
                }
            },
            "bstate": {
                "open span: hotel": "inform",
                "open span: casino": "inform",
                "open span: infinity pool": "inform",
                "telephone: +65 66888888": "inform",
                "open span: light show": "inform",
                "open span: romantic": "inform",
                "open span: spacious": "inform",
                "venuename: gardens by the bay": "recommend",
                "wi-fi": "request"
            }
        },
        {
            "turn idx": 5,
            "agent": {
                "transcript": "yes, they do.",
                "img_gts": [],
                "dialog_act": {
                    "wi-fi: yes": "inform"
                }
            },
            "user": {
                "transcript": "thank you, that is all i need.",
                "img_gts": [],
                "turn_label": {
                    "placeholder": "bye"
                }
            },
            "bstate": {
                "open span: hotel": "inform",
                "open span: casino": "inform",
                "open span: infinity pool": "inform",
                "telephone: +65 66888888": "inform",
                "open span: light show": "inform",
                "open span: romantic": "inform",
                "open span: spacious": "inform",
                "venuename: gardens by the bay": "recommend",
                "wi-fi: yes": "inform"
            }
        }
    ],
    "user rating": 3,
    "user setting": "you are looking for a quiet <b>hotel</b>, hope to enjoy free <b>wi-fi</b>.\n",
    "goal": {
        "id": 1414,
        "type": "multiple",
        "modality": "multiple",
        "content": [
            {
                "imgs": [
                    "fccfc8e03725d64e7a3d9552e9e42c72",
                    "7eb1dfee1be4e28eebbe1141f16cca94",
                    "cbcedac2e09ebd94da1752ed7aaab785",
                    "8a8942bfec18ae8de12bb957d1f980c4"
                ],
                "terms": [
                    "casinos",
                    "marinas",
                    "56th floor",
                    "music",
                    "architecture",
                    "casual",
                    "breakfast food",
                    "scenic views",
                    "desserts",
                    "landmarks",
                    "science museums",
                    "gardens",
                    "malls",
                    "coffee",
                    "tours",
                    "infinity pool",
                    "hotel",
                    "rooftop bar",
                    "skypark"
                ],
                "venueCat": [
                    "Resort"
                ],
                "venueName": "Marina Bay Sands",
                "preference": {
                    "casinos": 2,
                    "infinity pool": 1,
                    "venueCat:Resort": 1,
                    "get phone number": 3,
                    "Credit Cards: Yes": 1
                },
                "venueNeigh": "Financial District",
                "venueScore": "excellent",
                "Credit Cards": "Yes"
            },
            {
                "imgs": [
                    "4990484217c758c68f41e6dea9ff82a4",
                    "d1df4f8bfc9324484e9e3ffdd5fd9700",
                    "36c87c7df4389428129174089fb7fde5",
                    "4c60a09f4dc3405f28091eb8dd6b38f3"
                ],
                "Wi-Fi": "Free",
                "terms": [
                    "light show",
                    "spacious",
                    "romantic",
                    "gardens",
                    "playground",
                    "tours",
                    "roses",
                    "scenic views",
                    "comfortable",
                    "picnics",
                    "rooftop",
                    "fresh air",
                    "super trees",
                    "quiet",
                    "casual",
                    "flowers",
                    "satay",
                    "architecture",
                    "dancing",
                    "cloud forest"
                ],
                "venueCat": [
                    "Garden",
                    "Park",
                    "Botanical Garden"
                ],
                "venueName": "Gardens by the Bay",
                "preference": {
                    "romantic": 1,
                    "spacious": 1,
                    "check wifi": 3,
                    "light show": 2
                },
                "venueNeigh": "Marina South",
                "venueScore": "excellent",
                "Credit Cards": "Yes"
            }
        ],
        "cnv_cnt": 20,
        "user_setting": "You are looking for a quiet <b>hotel</b>, hope to enjoy free <b>Wi-Fi</b>.\n",
        "user_location": "unknown"
    }
}