{
    "id": "2632",
    "dialogue": [
        {
            "turn idx": 0,
            "agent": {
                "transcript": "",
                "img_gts": [],
                "dialog_act": {}
            },
            "user": {
                "transcript": "hi i am looking for a bar, any recommendations?",
                "img_gts": [],
                "turn_label": {
                    "open span: recommendation": "request",
                    "open span: bar": "inform",
                    "placeholder": "greet"
                }
            },
            "bstate": {
                "open span: recommendation": "request",
                "open span: bar": "inform"
            }
        },
        {
            "turn idx": 1,
            "agent": {
                "transcript": "hi what kind of bar are you looking for?",
                "img_gts": [],
                "dialog_act": {
                    "open span: bar": "request"
                }
            },
            "user": {
                "transcript": "i was thinking of going to a lounge bar that is good for singles! i was also hoping to enjoy the singapore skyline and some scenic views!",
                "img_gts": [],
                "turn_label": {
                    "open span: good for single": "inform",
                    "open span: scenic view": "inform"
                }
            },
            "bstate": {
                "open span: bar": "inform",
                "open span: good for single": "inform",
                "open span: scenic view": "inform"
            }
        },
        {
            "turn idx": 2,
            "agent": {
                "transcript": "i see, a really good place for that would be ce la vi! it is located at the top of marina bay sands and it has amazing views!",
                "img_gts": [
                    "wine"
                ],
                "dialog_act": {
                    "venuename: ce la vi": "recommend",
                    "open span: image": "inform",
                    "img_gts: wine": "inform"
                }
            },
            "user": {
                "transcript": "ooh, that looks really good. may i know the price range for this bar?",
                "img_gts": [],
                "turn_label": {
                    "price": "request",
                    "venuename: ce la vi": "confirm"
                }
            },
            "bstate": {
                "open span: bar": "inform",
                "open span: good for single": "inform",
                "open span: scenic view": "inform",
                "open span: image": "inform",
                "img_gts: wine": "inform",
                "price": "request",
                "venuename: ce la vi": "confirm"
            }
        },
        {
            "turn idx": 3,
            "agent": {
                "transcript": "it is a very expensive bar as it serves gourmet food and is located at the top of mbs.",
                "img_gts": [],
                "dialog_act": {
                    "price: very expensive": "inform"
                }
            },
            "user": {
                "transcript": "oh that too bad. i was actually hoping to go somewhere cheaper, do you have anywhere else in mind?",
                "img_gts": [],
                "turn_label": {
                    "venuename": "request",
                    "venuename: ce la vi": "negate"
                }
            },
            "bstate": {
                "open span: bar": "inform",
                "open span: good for single": "inform",
                "open span: scenic view": "inform",
                "open span: image": "inform",
                "img_gts: wine": "inform",
                "price: very expensive": "inform",
                "venuename": "request"
            }
        },
        {
            "turn idx": 4,
            "agent": {
                "transcript": "oh i see, would a cocktail bar be okay for you?",
                "img_gts": [],
                "dialog_act": {
                    "drinks: full bar": "inform",
                    "drinks: cocktails": "inform"
                }
            },
            "user": {
                "transcript": "yes, i would not mind going to a cocktail bar as well.",
                "img_gts": [],
                "turn_label": {
                    "drinks: full bar": "inform",
                    "drinks: cocktails": "inform"
                }
            },
            "bstate": {
                "open span: bar": "inform",
                "open span: good for single": "inform",
                "open span: scenic view": "inform",
                "open span: image": "inform",
                "img_gts: wine": "inform",
                "price: very expensive": "inform",
                "venuename": "request",
                "drinks: full bar": "inform",
                "drinks: cocktails": "inform"
            }
        },
        {
            "turn idx": 5,
            "agent": {
                "transcript": "then i would definitely recommend crazy elephant! it is a cute cocktail bar with scenic views as well!",
                "img_gts": [],
                "dialog_act": {
                    "venuename: crazy elephant": "recommend",
                    "drinks: full bar": "inform",
                    "drinks: cocktails": "inform",
                    "open span: scenic view": "inform",
                    "open span: cute": "inform"
                }
            },
            "user": {
                "transcript": "that's great. can you tell me more about this place?",
                "img_gts": [],
                "turn_label": {
                    "venuename: crazy elephant": "confirm"
                }
            },
            "bstate": {
                "open span: bar": "inform",
                "open span: good for single": "inform",
                "open span: scenic view": "inform",
                "open span: image": "inform",
                "img_gts: wine": "inform",
                "price: very expensive": "inform",
                "drinks: full bar": "inform",
                "drinks: cocktails": "inform",
                "open span: cute": "inform",
                "venuename: crazy elephant": "confirm"
            }
        },
        {
            "turn idx": 6,
            "agent": {
                "transcript": "the crazy elephant has great live music and is really fun as well! they have a pool table where you can have fun and meet new people! also, you should definitely go when it is the happy hour as you can get cheaper drinks! it is also really cheap and good for a late night!",
                "img_gts": [],
                "dialog_act": {
                    "music: live music": "inform",
                    "menus: happy hour": "inform",
                    "price: cheap": "inform",
                    "open span: fun": "inform",
                    "open span: good for a late night": "inform"
                }
            },
            "user": {
                "transcript": "wow, that sounds like exactly what i was looking for! thanks for your help!",
                "img_gts": [],
                "turn_label": {
                    "placeholder": "bye"
                }
            },
            "bstate": {
                "open span: bar": "inform",
                "open span: good for single": "inform",
                "open span: scenic view": "inform",
                "open span: image": "inform",
                "img_gts: wine": "inform",
                "drinks: full bar": "inform",
                "drinks: cocktails": "inform",
                "open span: cute": "inform",
                "venuename: crazy elephant": "confirm",
                "music: live music": "inform",
                "menus: happy hour": "inform",
                "price: cheap": "inform",
                "open span: fun": "inform",
                "open span: good for a late night": "inform"
            }
        },
        {
            "turn idx": 7,
            "agent": {
                "transcript": "no problem, have a nice day!",
                "img_gts": [],
                "dialog_act": {
                    "placeholder": "bye"
                }
            },
            "user": {
                "transcript": "",
                "img_gts": [],
                "turn_label": {}
            },
            "bstate": {
                "open span: bar": "inform",
                "open span: good for single": "inform",
                "open span: scenic view": "inform",
                "open span: image": "inform",
                "img_gts: wine": "inform",
                "drinks: full bar": "inform",
                "drinks: cocktails": "inform",
                "open span: cute": "inform",
                "venuename: crazy elephant": "confirm",
                "music: live music": "inform",
                "menus: happy hour": "inform",
                "price: cheap": "inform",
                "open span: fun": "inform",
                "open span: good for a late night": "inform"
            }
        }
    ],
    "user rating": 5,
    "user setting": "<b>**use at least three turns of question&answers to find one venue!**</b>   you are traveling <b>alone</b>, looking for a <b>bar</b>. based on requirements uttered, the agent found <b>ce la vi</b>. however, when you check price range, you prefer a <b>cheap</b> one, then the agent recommends again..",
    "goal": {
        "id": 1537,
        "type": "multiple",
        "modality": "multiple",
        "content": [
            {
                "imgs": [],
                "Menus": [
                    "Happy Hour"
                ],
                "Wi-Fi": "Yes",
                "price": "Very Expensive",
                "terms": [
                    "DJs",
                    "soft shell crabs",
                    "rooftop",
                    "cozy",
                    "Japanese food",
                    "dancing",
                    "swimming pool",
                    "spacious",
                    "fancy",
                    "good for groups",
                    "cocktails",
                    "desserts",
                    "beer",
                    "lively",
                    "casual",
                    "trendy",
                    "good for singles",
                    "infinity pool",
                    "scenic views",
                    "wine"
                ],
                "Drinks": [
                    "Beer",
                    "Wine",
                    "Full Bar",
                    "Cocktails"
                ],
                "venueCat": [
                    "Bar",
                    "Asian Restaurant"
                ],
                "venueName": "CE LA VI",
                "preference": {
                    "cozy": 1,
                    "dancing": 1,
                    "cocktails": 2,
                    "scenic views": 1,
                    "good for singles": 2,
                    "show image by agent": 1,
                    "ask for tips or suggestions or things to take note": 3
                },
                "venueNeigh": "Financial District",
                "venueScore": "good",
                "venueDomain": "food",
                "Credit Cards": "Yes",
                "Reservations": "Yes",
                "Dining Options": [
                    "No Delivery"
                ],
                "Outdoor Seating": "Yes"
            },
            {
                "imgs": [],
                "Menus": [
                    "Dinner",
                    "Happy Hour"
                ],
                "Music": "Live Music",
                "Wi-Fi": "Yes",
                "price": "Cheap",
                "terms": [
                    "cute",
                    "hoegaarden",
                    "happy hour",
                    "comfortable",
                    "beer",
                    "music",
                    "scenic views",
                    "dinner",
                    "good for a late night",
                    "staff",
                    "casual",
                    "TV screens"
                ],
                "Drinks": [
                    "Beer",
                    "Full Bar",
                    "Cocktails"
                ],
                "venueCat": [
                    "Pub",
                    "Cocktail Bar",
                    "Brewery"
                ],
                "venueName": "Crazy Elephant",
                "preference": {
                    "TV screens": 1,
                    "comfortable": 1,
                    "Cocktail Bar": 2,
                    "price: Cheap": 2,
                    "good for a late night": 1,
                    "ask for tips or suggestions or things to take note": 3
                },
                "venueNeigh": "Singapore River",
                "venueScore": "average",
                "venueDomain": "nightlife",
                "Credit Cards": "Yes",
                "Outdoor Seating": "Yes"
            }
        ],
        "cnv_cnt": 20,
        "user_setting": "<b>**Use at least three turns of Question&Answers to find one venue!**</b>   You are traveling <b>alone</b>, looking for a <b>bar</b>. Based on requirements uttered, the agent found <b>CE LA VI</b>. However, when you check price range, you prefer a <b>cheap</b> one, then the agent recommends again..",
        "user_location": "unknown"
    }
}