{
    "id": "2700",
    "dialogue": [
        {
            "turn idx": 0,
            "agent": {
                "transcript": "",
                "img_gts": [],
                "dialog_act": {}
            },
            "user": {
                "transcript": "hi, i will like to try some malay food, particularly the dish in the picture. where can i head to?",
                "img_gts": [
                    "nasi lemak"
                ],
                "turn_label": {
                    "open span: image": "inform",
                    "open span: malay food": "inform",
                    "venuename": "request",
                    "placeholder": "greet",
                    "img_gts: nasi lemak": "inform"
                }
            },
            "bstate": {
                "open span: image": "inform",
                "open span: malay food": "inform",
                "venuename": "request",
                "img_gts: nasi lemak": "inform"
            }
        },
        {
            "turn idx": 1,
            "agent": {
                "transcript": "hi, this is nasi lemak. there are many plaecs that sell the dish, but for the best in singpapore, i recommend the coconut club.",
                "img_gts": [],
                "dialog_act": {
                    "venuename: the coconut club": "recommend",
                    "open span: nasi lemak": "inform"
                }
            },
            "user": {
                "transcript": "can you tell me more about the place?",
                "img_gts": [],
                "turn_label": {
                    "open span: tip or suggestion": "request"
                }
            },
            "bstate": {
                "open span: image": "inform",
                "open span: malay food": "inform",
                "img_gts: nasi lemak": "inform",
                "venuename: the coconut club": "recommend",
                "open span: nasi lemak": "inform",
                "open span: tip or suggestion": "request"
            }
        },
        {
            "turn idx": 2,
            "agent": {
                "transcript": "they are now the one of the new entrants to michelin\u2019s bib gourmand list for 2018. thier nasi lemak is good because of the  juicy chicken & coconut rice cooked to perfection. they also have otah that is thick & tasty. their nasi lemak is made from scratch using fresh ingredients (fresh coconut milk, home made sambal, etc.). it is located at 6 ann siang hill 069787 singapore.",
                "img_gts": [],
                "dialog_act": {
                    "venueaddress: 6 ann siang hill 069787 singapore": "inform",
                    "open span: fresh ingredient": "inform",
                    "open span: nasi lemak": "inform"
                }
            },
            "user": {
                "transcript": "sounds yummy. what is the address? ok! i will also like to visit a malay history museum, where can i head to?",
                "img_gts": [],
                "turn_label": {
                    "venueaddress": "request",
                    "venuename: the coconut club": "confirm",
                    "open span: museum": "inform",
                    "venuename": "request"
                }
            },
            "bstate": {
                "open span: image": "inform",
                "open span: malay food": "inform",
                "img_gts: nasi lemak": "inform",
                "open span: nasi lemak": "inform",
                "open span: fresh ingredient": "inform",
                "venueaddress": "request",
                "open span: museum": "inform",
                "venuename": "request"
            }
        },
        {
            "turn idx": 3,
            "agent": {
                "transcript": "you may head to the malay heritage centre.",
                "img_gts": [],
                "dialog_act": {
                    "venuename: malay heritage centre": "recommend"
                }
            },
            "user": {
                "transcript": "can you tell me more?",
                "img_gts": [],
                "turn_label": {
                    "open span: tip or suggestion": "request"
                }
            },
            "bstate": {
                "open span: image": "inform",
                "open span: malay food": "inform",
                "img_gts: nasi lemak": "inform",
                "open span: nasi lemak": "inform",
                "open span: fresh ingredient": "inform",
                "venueaddress": "request",
                "open span: museum": "inform",
                "venuename: malay heritage centre": "recommend",
                "open span: tip or suggestion": "request"
            }
        },
        {
            "turn idx": 4,
            "agent": {
                "transcript": "a block away from the mosque, on kandahar street, you will find the malay heritage centre, housed in the former palace of the sultan of johor. there are lots of uncommon traditional malay items on display,",
                "img_gts": [],
                "dialog_act": {}
            },
            "user": {
                "transcript": "sounds interesting. thank you! i will head there. goodbye :).",
                "img_gts": [],
                "turn_label": {
                    "venuename: malay heritage centre": "confirm",
                    "placeholder": "bye"
                }
            },
            "bstate": {
                "open span: image": "inform",
                "open span: malay food": "inform",
                "img_gts: nasi lemak": "inform",
                "open span: nasi lemak": "inform",
                "open span: fresh ingredient": "inform",
                "venueaddress": "request",
                "open span: museum": "inform",
                "venuename: malay heritage centre": "confirm"
            }
        },
        {
            "turn idx": 5,
            "agent": {
                "transcript": "you're welcome. goodbye!",
                "img_gts": [],
                "dialog_act": {
                    "placeholder": "bye"
                }
            },
            "user": {
                "transcript": "",
                "img_gts": [],
                "turn_label": {}
            },
            "bstate": {
                "open span: image": "inform",
                "open span: malay food": "inform",
                "img_gts: nasi lemak": "inform",
                "open span: nasi lemak": "inform",
                "open span: fresh ingredient": "inform",
                "venueaddress": "request",
                "open span: museum": "inform",
                "venuename: malay heritage centre": "confirm"
            }
        }
    ],
    "user rating": 5,
    "user setting": "<b>**use at least three turns of question&answers to find one venue!**</b>   you hope to try <b>malay food</b> and visit a <b>malay</b> <b>history museum</b>.",
    "goal": {
        "id": 1540,
        "type": "multiple",
        "modality": "multiple",
        "content": [
            {
                "imgs": [
                    "0d29d46ad0dd19d46ef15ce55e45e8f4",
                    "6fd88c8e9e9e413c46fed88e489b470a"
                ],
                "Menus": [
                    "Brunch",
                    "Lunch",
                    "Dinner"
                ],
                "price": "Moderate",
                "terms": [
                    "coconut",
                    "crowded",
                    "good for working",
                    "lunch",
                    "nasi lemak",
                    "chendol",
                    "homemade food",
                    "sambal",
                    "chicken"
                ],
                "venueCat": [
                    "Asian Restaurant",
                    "Malay Restaurant"
                ],
                "venueName": "The Coconut Club",
                "preference": {
                    "sambal": 1,
                    "get address": 3,
                    "homemade food": 2,
                    "Malay Restaurant": 2,
                    "recognize nasi lemak by image": 2
                },
                "venueNeigh": "Chinatown",
                "venueScore": "average",
                "venueDomain": "food"
            },
            {
                "imgs": [],
                "terms": [
                    "gift items",
                    "culture",
                    "galleries",
                    "tours",
                    "architecture"
                ],
                "venueCat": [
                    "History Museum",
                    "Monument / Landmark"
                ],
                "venueName": "Malay Heritage Centre",
                "preference": {
                    "tours": 1,
                    "galleries": 1,
                    "malay culture": 2,
                    "History Museum": 2,
                    "ask for tips or suggestions or things to take note": 3
                },
                "venueNeigh": "Central Region",
                "venueScore": "average",
                "venueDomain": "sightseeing",
                "Credit Cards": "No"
            }
        ],
        "cnv_cnt": 20,
        "user_setting": "<b>**Use at least three turns of Question&Answers to find one venue!**</b>   You hope to try <b>Malay food</b> and visit a <b>Malay</b> <b>History Museum</b>.",
        "user_location": "unknown"
    }
}