{
    "id": "2782",
    "dialogue": [
        {
            "turn idx": 0,
            "agent": {
                "transcript": "",
                "img_gts": [],
                "dialog_act": {}
            },
            "user": {
                "transcript": "hi i am looking for an italian restaurant.",
                "img_gts": [],
                "turn_label": {
                    "placeholder": "greet",
                    "open span: italian food": "inform"
                }
            },
            "bstate": {
                "open span: italian food": "inform"
            }
        },
        {
            "turn idx": 1,
            "agent": {
                "transcript": "sure! any specific food do you want?",
                "img_gts": [],
                "dialog_act": {
                    "open span: specific": "request",
                    "open span: food": "inform"
                }
            },
            "user": {
                "transcript": "i want to eat brunch food like salads. also bottarga pasta.",
                "img_gts": [],
                "turn_label": {
                    "menus: brunch": "inform",
                    "open span: salad": "inform"
                }
            },
            "bstate": {
                "open span: italian food": "inform",
                "open span: specific": "request",
                "open span: food": "inform",
                "menus: brunch": "inform",
                "open span: salad": "inform"
            }
        },
        {
            "turn idx": 2,
            "agent": {
                "transcript": "any ambiance do you want?",
                "img_gts": [],
                "dialog_act": {
                    "open span: ambiance": "inform"
                }
            },
            "user": {
                "transcript": "i just need it to have scenic views.",
                "img_gts": [],
                "turn_label": {
                    "open span: scenic view": "inform"
                }
            },
            "bstate": {
                "open span: italian food": "inform",
                "open span: food": "inform",
                "menus: brunch": "inform",
                "open span: salad": "inform",
                "open span: ambiance": "inform",
                "open span: scenic view": "inform"
            }
        },
        {
            "turn idx": 3,
            "agent": {
                "transcript": "you can go to aura! it is located at downtown core.",
                "img_gts": [
                    "cake/dessert",
                    "fish",
                    "thai salad"
                ],
                "dialog_act": {
                    "venueneigh: downtown core": "inform",
                    "venuename: aura": "recommend",
                    "open span: image": "inform",
                    "img_gts: cake/dessert, fish, thai salad": "inform"
                }
            },
            "user": {
                "transcript": "okay. does it accept credit card?",
                "img_gts": [],
                "turn_label": {
                    "credit cards": "request",
                    "venuename: aura": "confirm"
                }
            },
            "bstate": {
                "open span: italian food": "inform",
                "open span: food": "inform",
                "menus: brunch": "inform",
                "open span: salad": "inform",
                "open span: ambiance": "inform",
                "open span: scenic view": "inform",
                "venueneigh: downtown core": "inform",
                "open span: image": "inform",
                "img_gts: cake/dessert, fish, thai salad": "inform",
                "credit cards": "request",
                "venuename: aura": "confirm"
            }
        },
        {
            "turn idx": 4,
            "agent": {
                "transcript": "unfortunately no. do you want me to find another restaurant that accepts credit card?",
                "img_gts": [],
                "dialog_act": {
                    "venuename: aura": "negate",
                    "open span: recommendation": "request",
                    "credit cards: no": "inform"
                }
            },
            "user": {
                "transcript": "yes please.",
                "img_gts": [],
                "turn_label": {
                    "open span: yes": "inform"
                }
            },
            "bstate": {
                "open span: italian food": "inform",
                "open span: food": "inform",
                "menus: brunch": "inform",
                "open span: salad": "inform",
                "open span: ambiance": "inform",
                "open span: scenic view": "inform",
                "venueneigh: downtown core": "inform",
                "open span: image": "inform",
                "img_gts: cake/dessert, fish, thai salad": "inform",
                "open span: recommendation": "request",
                "credit cards: no": "inform",
                "open span: yes": "inform"
            }
        },
        {
            "turn idx": 5,
            "agent": {
                "transcript": "do you want it to be an italian restaurant too?",
                "img_gts": [],
                "dialog_act": {}
            },
            "user": {
                "transcript": "yes please. it should have minestrone soup and spaghetti.",
                "img_gts": [
                    "prawn/tempura"
                ],
                "turn_label": {
                    "open span: spaghetti": "inform",
                    "open span: image": "inform",
                    "img_gts: prawn/tempura": "inform"
                }
            },
            "bstate": {
                "open span: italian food": "inform",
                "open span: food": "inform",
                "menus: brunch": "inform",
                "open span: salad": "inform",
                "open span: ambiance": "inform",
                "open span: scenic view": "inform",
                "venueneigh: downtown core": "inform",
                "open span: image": "inform",
                "credit cards: no": "inform",
                "open span: yes": "inform",
                "open span: spaghetti": "inform",
                "img_gts: prawn/tempura": "inform"
            }
        },
        {
            "turn idx": 6,
            "agent": {
                "transcript": "you should go to pete's place! it is located at orchard road!",
                "img_gts": [
                    "broccoli",
                    "spaghetti"
                ],
                "dialog_act": {
                    "venuename: pete's place": "recommend",
                    "venueneigh: orchard road": "inform",
                    "open span: image": "inform",
                    "img_gts: broccoli, spaghetti": "inform"
                }
            },
            "user": {
                "transcript": "okay. can you share some tips?",
                "img_gts": [],
                "turn_label": {
                    "venuename: pete's place": "confirm",
                    "open span: tip or suggestion": "request"
                }
            },
            "bstate": {
                "open span: italian food": "inform",
                "open span: food": "inform",
                "menus: brunch": "inform",
                "open span: salad": "inform",
                "open span: ambiance": "inform",
                "open span: scenic view": "inform",
                "open span: image": "inform",
                "credit cards: no": "inform",
                "open span: yes": "inform",
                "open span: spaghetti": "inform",
                "venueneigh: orchard road": "inform",
                "img_gts: broccoli, spaghetti": "inform",
                "venuename: pete's place": "confirm",
                "open span: tip or suggestion": "request"
            }
        },
        {
            "turn idx": 7,
            "agent": {
                "transcript": "great food, amazing old school italian restaurant which is practically an institution by itself. best ciopinno ever. best tiramisu! anything else i can help?",
                "img_gts": [],
                "dialog_act": {
                    "open span: anything else": "request"
                }
            },
            "user": {
                "transcript": "nothing else, thank you so much!",
                "img_gts": [],
                "turn_label": {
                    "open span: anything else": "negate",
                    "placeholder": "bye"
                }
            },
            "bstate": {
                "open span: italian food": "inform",
                "open span: food": "inform",
                "menus: brunch": "inform",
                "open span: salad": "inform",
                "open span: ambiance": "inform",
                "open span: scenic view": "inform",
                "open span: image": "inform",
                "credit cards: no": "inform",
                "open span: yes": "inform",
                "open span: spaghetti": "inform",
                "venueneigh: orchard road": "inform",
                "img_gts: broccoli, spaghetti": "inform",
                "venuename: pete's place": "confirm"
            }
        },
        {
            "turn idx": 8,
            "agent": {
                "transcript": "enjoy!",
                "img_gts": [],
                "dialog_act": {
                    "placeholder": "bye"
                }
            },
            "user": {
                "transcript": "",
                "img_gts": [],
                "turn_label": {}
            },
            "bstate": {
                "open span: italian food": "inform",
                "open span: food": "inform",
                "menus: brunch": "inform",
                "open span: salad": "inform",
                "open span: ambiance": "inform",
                "open span: scenic view": "inform",
                "open span: image": "inform",
                "credit cards: no": "inform",
                "open span: yes": "inform",
                "open span: spaghetti": "inform",
                "venueneigh: orchard road": "inform",
                "img_gts: broccoli, spaghetti": "inform",
                "venuename: pete's place": "confirm"
            }
        }
    ],
    "user rating": 5,
    "user setting": "<b>**use at least three turns of question&answers to find one venue!**</b>   you are looking for an <b>italian restaurant</b> for brunch food. based on requirements uttered, the agent found <b>aura</b>. however, when you check credit cards acception, you prefer one confirmed with it, then the agent recommends again.",
    "goal": {
        "id": 1535,
        "type": "multiple",
        "modality": "multiple",
        "content": [
            {
                "imgs": [],
                "Menus": [
                    "Brunch",
                    "Lunch",
                    "Dinner",
                    "Happy Hour"
                ],
                "price": "Moderate",
                "terms": [
                    "bottarga",
                    "truffles",
                    "salads",
                    "romantic",
                    "beef",
                    "bone marrow",
                    "brunch food",
                    "caviar",
                    "fancy",
                    "linguine",
                    "oxtail",
                    "happy hour",
                    "homemade food",
                    "pasta",
                    "chocolate desserts",
                    "pesto",
                    "shrimp",
                    "authentic",
                    "scenic views",
                    "scampi"
                ],
                "venueCat": [
                    "Italian Restaurant"
                ],
                "venueName": "Aura",
                "preference": {
                    "authentic": 2,
                    "brunch food": 2,
                    "homemade food": 1,
                    "bottarga pasta": 1,
                    "Italian Restaurant": 2,
                    "check Credit Cards acception": 3
                },
                "venueNeigh": "Downtown Core",
                "venueScore": "average",
                "venueDomain": "food",
                "Reservations": "Yes",
                "Dining Options": [
                    "Delivery"
                ],
                "Outdoor Seating": "No"
            },
            {
                "imgs": [],
                "Menus": [
                    "Brunch",
                    "Lunch",
                    "Dinner",
                    "Happy Hour"
                ],
                "Wi-Fi": "Yes",
                "price": "Moderate",
                "terms": [
                    "clams",
                    "salad bar",
                    "minestrone soup",
                    "spaghetti",
                    "brunch food",
                    "chicken",
                    "buffet",
                    "shrimp",
                    "pasta",
                    "dinner",
                    "family-friendly",
                    "lobster",
                    "crab",
                    "great value",
                    "Italian food",
                    "scallops",
                    "good service",
                    "authentic",
                    "ravioli",
                    "cozy"
                ],
                "Drinks": [
                    "Full Bar",
                    "Cocktails"
                ],
                "venueCat": [
                    "Italian Restaurant"
                ],
                "venueName": "Pete's Place",
                "preference": {
                    "ravioli": 1,
                    "scallops": 1,
                    "brunch food": 1,
                    "show food image": 1,
                    "Credit Cards: Yes": 2,
                    "Italian Restaurant": 2,
                    "ask for tips or suggestions or things to take note": 3
                },
                "venueNeigh": "Orchard Road",
                "venueScore": "average",
                "venueDomain": "food",
                "Credit Cards": "Yes",
                "Reservations": "Yes",
                "Dining Options": [
                    "No Delivery"
                ],
                "Outdoor Seating": "No"
            }
        ],
        "cnv_cnt": 20,
        "user_setting": "<b>**Use at least three turns of Question&Answers to find one venue!**</b>   You are looking for an <b>Italian Restaurant</b> for brunch food. Based on requirements uttered, the agent found <b>Aura</b>. However, when you check Credit Cards acception, you prefer one confirmed with it, then the agent recommends again.",
        "user_location": "unknown"
    }
}