{
    "id": "2829",
    "dialogue": [
        {
            "turn idx": 0,
            "agent": {
                "transcript": "",
                "img_gts": [],
                "dialog_act": {}
            },
            "user": {
                "transcript": "hi, i'm on sentosa island and want to find a couple of places, one to eat at and also a museum to visit. would you be able to help me?",
                "img_gts": [],
                "turn_label": {
                    "venueneigh: sentosa island": "inform",
                    "open span: museum": "inform",
                    "open span: place": "request",
                    "placeholder": "greet"
                }
            },
            "bstate": {
                "venueneigh: sentosa island": "inform",
                "open span: museum": "inform",
                "open span: place": "request"
            }
        },
        {
            "turn idx": 1,
            "agent": {
                "transcript": "sure, what sort of places are you looking for?",
                "img_gts": [],
                "dialog_act": {
                    "open span: type": "request"
                }
            },
            "user": {
                "transcript": "i'm looking for somewhere to have brunch food like dim sum. and after that, i would like to visit the museum in the picture. .",
                "img_gts": [
                    "malay heritage center"
                ],
                "turn_label": {
                    "open span: museum": "inform",
                    "open span: dim sum": "inform",
                    "open span: image": "inform",
                    "menus: brunch": "inform",
                    "img_gts: malay heritage center": "inform"
                }
            },
            "bstate": {
                "venueneigh: sentosa island": "inform",
                "open span: museum": "inform",
                "open span: type": "request",
                "open span: dim sum": "inform",
                "open span: image": "inform",
                "menus: brunch": "inform",
                "img_gts: malay heritage center": "inform"
            }
        },
        {
            "turn idx": 2,
            "agent": {
                "transcript": "do you have any other preferences for the type of eatery you would like to go to? as for the museum, that is madame tussauds singapore, a wax museum.",
                "img_gts": [],
                "dialog_act": {
                    "venuename: madame tussauds singapore": "recommend",
                    "venueaddress": "request",
                    "open span: preference": "request"
                }
            },
            "user": {
                "transcript": "okay! i would like to go to a place with friendly staff and scenic views.",
                "img_gts": [],
                "turn_label": {
                    "open span: scenic view": "inform",
                    "open span: friendly staff": "inform",
                    "venuename: madame tussauds singapore": "confirm"
                }
            },
            "bstate": {
                "venueneigh: sentosa island": "inform",
                "open span: museum": "inform",
                "open span: dim sum": "inform",
                "open span: image": "inform",
                "menus: brunch": "inform",
                "img_gts: malay heritage center": "inform",
                "venueaddress": "request",
                "open span: preference": "request",
                "open span: scenic view": "inform",
                "open span: friendly staff": "inform",
                "venuename: madame tussauds singapore": "confirm"
            }
        },
        {
            "turn idx": 3,
            "agent": {
                "transcript": "i think you can try the kitchen table!",
                "img_gts": [],
                "dialog_act": {
                    "venuename: the kitchen table": "recommend"
                }
            },
            "user": {
                "transcript": "do you have tips for both of the recommended places?",
                "img_gts": [],
                "turn_label": {
                    "venuename: the kitchen table": "confirm",
                    "open span: tip or suggestion": "request"
                }
            },
            "bstate": {
                "venueneigh: sentosa island": "inform",
                "open span: museum": "inform",
                "open span: dim sum": "inform",
                "open span: image": "inform",
                "menus: brunch": "inform",
                "img_gts: malay heritage center": "inform",
                "venueaddress": "request",
                "open span: scenic view": "inform",
                "open span: friendly staff": "inform",
                "venuename: the kitchen table": "confirm",
                "open span: tip or suggestion": "request"
            }
        },
        {
            "turn idx": 4,
            "agent": {
                "transcript": "for the kitchen table, someone has said: great spread. love the waffle, customized eggs station, bottled juices and grilled bacon. for madame tussauds singapore, someone has said: buy tickets online so it's cheaper. s$10 off for online booking.",
                "img_gts": [],
                "dialog_act": {
                    "venuename: madame tussauds singapore": "recommend",
                    "venueaddress": "",
                    "open span: waffle": "inform"
                }
            },
            "user": {
                "transcript": "great, thank you!",
                "img_gts": [],
                "turn_label": {
                    "venuename: madame tussauds singapore": "confirm",
                    "placeholder": "bye"
                }
            },
            "bstate": {
                "venueneigh: sentosa island": "inform",
                "open span: museum": "inform",
                "open span: dim sum": "inform",
                "open span: image": "inform",
                "menus: brunch": "inform",
                "img_gts: malay heritage center": "inform",
                "open span: scenic view": "inform",
                "open span: friendly staff": "inform",
                "open span: waffle": "inform",
                "venuename: madame tussauds singapore": "confirm"
            }
        }
    ],
    "user rating": 5,
    "user setting": "<b>**use at least three turns of question&answers to find one venue!**</b>   you are at <b>sentosa island</b>. plan to have <b>brunch food</b> and look for a <b>museum</b> in picture.",
    "goal": {
        "id": 1518,
        "type": "multiple",
        "modality": "multiple",
        "content": [
            {
                "imgs": [],
                "Menus": [
                    "Breakfast",
                    "Brunch",
                    "Lunch",
                    "Dinner"
                ],
                "price": "Cheap",
                "terms": [
                    "champagne",
                    "lunch",
                    "dim sum",
                    "eggs",
                    "brunch food",
                    "bacon",
                    "friendly staff",
                    "waffles",
                    "juice",
                    "dinner",
                    "noodles",
                    "breakfast food",
                    "swimming pool",
                    "scenic views"
                ],
                "venueCat": [
                    "Diner",
                    "Asian Restaurant"
                ],
                "venueName": "The Kitchen Table",
                "preference": {
                    "dim sum": 1,
                    "brunch food": 2,
                    "scenic views": 1,
                    "Sentosa Island": 2,
                    "friendly staff": 1,
                    "ask for tips or suggestions or things to take note": 3
                },
                "venueNeigh": "Sentosa Island",
                "venueScore": "average",
                "venueDomain": "food",
                "Credit Cards": "Yes",
                "Reservations": "No",
                "Dining Options": [
                    "No Delivery"
                ],
                "Outdoor Seating": "Yes"
            },
            {
                "imgs": [
                    "0b7a912634abdbff0ae0ac41f5c4561b"
                ],
                "terms": [
                    "books"
                ],
                "venueCat": [
                    "Museum",
                    "General Entertainment"
                ],
                "venueName": "Madame Tussauds Singapore",
                "preference": {
                    "Museum": 2,
                    "Sentosa Island": 2,
                    "recognize the place by image": 1,
                    "ask for tips or suggestions or things to take note": 3
                },
                "venueNeigh": "Sentosa Island",
                "venueScore": "good",
                "venueDomain": "sightseeing",
                "Credit Cards": "Yes"
            }
        ],
        "cnv_cnt": 20,
        "user_setting": "<b>**Use at least three turns of Question&Answers to find one venue!**</b>   You are at <b>Sentosa Island</b>. Plan to have <b>brunch food</b> and look for a <b>Museum</b> in picture.",
        "user_location": "Sentosa Island"
    }
}