{
    "id": "2872",
    "dialogue": [
        {
            "turn idx": 0,
            "agent": {
                "transcript": "",
                "img_gts": [],
                "dialog_act": {}
            },
            "user": {
                "transcript": "hi, i am on sentosa island with a group of friends and looking for a place to eat and also to relax. would you be able to help me?",
                "img_gts": [],
                "turn_label": {
                    "venueneigh: sentosa island": "inform",
                    "open span: place to eat": "request",
                    "open span: relax": "inform",
                    "placeholder": "greet"
                }
            },
            "bstate": {
                "venueneigh: sentosa island": "inform",
                "open span: place to eat": "request",
                "open span: relax": "inform"
            }
        },
        {
            "turn idx": 1,
            "agent": {
                "transcript": "sure, what kind of places are you looking for?",
                "img_gts": [],
                "dialog_act": {
                    "open span: type": "request"
                }
            },
            "user": {
                "transcript": "we are looking for a spanish restaurant first and then we were thinking of going to do some water sports and go to a bikini bar.",
                "img_gts": [],
                "turn_label": {
                    "open span: spanish restaurant": "inform",
                    "open span: water sport": "inform"
                }
            },
            "bstate": {
                "venueneigh: sentosa island": "inform",
                "open span: relax": "inform",
                "open span: type": "request",
                "open span: spanish restaurant": "inform",
                "open span: water sport": "inform"
            }
        },
        {
            "turn idx": 2,
            "agent": {
                "transcript": "okay, do you have any other preferences?",
                "img_gts": [],
                "dialog_act": {
                    "open span: preference": "request"
                }
            },
            "user": {
                "transcript": "for the restaurant, we would like somewhere that is good for groups and has friendly staff. as for the other place, after doing some sports, we would like to enjoy some sunsets on the beach.",
                "img_gts": [],
                "turn_label": {
                    "open span: sunset": "inform",
                    "open span: good for group": "inform",
                    "open span: friendly staff": "inform",
                    "open span: beach": "inform",
                    "open span: sport": "inform"
                }
            },
            "bstate": {
                "venueneigh: sentosa island": "inform",
                "open span: relax": "inform",
                "open span: spanish restaurant": "inform",
                "open span: water sport": "inform",
                "open span: preference": "request",
                "open span: sunset": "inform",
                "open span: good for group": "inform",
                "open span: friendly staff": "inform",
                "open span: beach": "inform",
                "open span: sport": "inform"
            }
        },
        {
            "turn idx": 3,
            "agent": {
                "transcript": "foc sentosa would be a great place for you and your friends to eat and after that you could go to siloso beach to enjoy the activities there.",
                "img_gts": [],
                "dialog_act": {
                    "venuename: siloso beach": "recommend"
                }
            },
            "user": {
                "transcript": "could i check what the price range is for the restaurant? and do you have tips for the beach?",
                "img_gts": [],
                "turn_label": {
                    "price": "request",
                    "open span: beach": "inform",
                    "venuename: siloso beach": "confirm",
                    "open span: tip or suggestion": "request"
                }
            },
            "bstate": {
                "venueneigh: sentosa island": "inform",
                "open span: relax": "inform",
                "open span: spanish restaurant": "inform",
                "open span: water sport": "inform",
                "open span: sunset": "inform",
                "open span: good for group": "inform",
                "open span: friendly staff": "inform",
                "open span: beach": "inform",
                "open span: sport": "inform",
                "price": "request",
                "venuename: siloso beach": "confirm",
                "open span: tip or suggestion": "request"
            }
        },
        {
            "turn idx": 4,
            "agent": {
                "transcript": "the price range for the restaurant is moderate! some tips would be: enjoyed the complimentary mini appetiser and assorted breads for dining-in patrons. the main course are pretty good too. enjoyed the herb lamb rack and pan fried turbot.\n\nbring mosquito repellent patch. bring umbrella if cloud is grey as its quite a distance of non-sheltered uneven walkway from the open space carpark to this seafront dining venue - barnacles by the sea.",
                "img_gts": [],
                "dialog_act": {
                    "price: moderate": "inform",
                    "open span: mosquito repellent patch": "inform",
                    "open span: umbrella": "inform"
                }
            },
            "user": {
                "transcript": "great, thanks for the help!",
                "img_gts": [],
                "turn_label": {
                    "placeholder": "bye"
                }
            },
            "bstate": {
                "venueneigh: sentosa island": "inform",
                "open span: relax": "inform",
                "open span: spanish restaurant": "inform",
                "open span: water sport": "inform",
                "open span: sunset": "inform",
                "open span: good for group": "inform",
                "open span: friendly staff": "inform",
                "open span: beach": "inform",
                "open span: sport": "inform",
                "venuename: siloso beach": "confirm",
                "price: moderate": "inform",
                "open span: mosquito repellent patch": "inform",
                "open span: umbrella": "inform"
            }
        }
    ],
    "user rating": 5,
    "user setting": "<b>**use at least three turns of question&answers to find one venue!**</b>   you are at <b>sentosa island</b> with <b>a group of friends</b>,  looking for a <b>spanish restaurant</b> and planing to enjoy <b>sunsets</b> at <b>beach</b>.",
    "goal": {
        "id": 1519,
        "type": "multiple",
        "modality": "multiple",
        "content": [
            {
                "imgs": [],
                "Menus": [
                    "Brunch",
                    "Lunch",
                    "Dinner"
                ],
                "price": "Moderate",
                "terms": [
                    "vegetarian food",
                    "beach",
                    "tapas",
                    "friendly staff",
                    "cocktails",
                    "hong kong st",
                    "pesto",
                    "salads",
                    "good for groups",
                    "zucchini"
                ],
                "venueCat": [
                    "Spanish Restaurant"
                ],
                "venueName": "FOC Sentosa",
                "preference": {
                    "Sentosa Island": 2,
                    "friendly staff": 1,
                    "good for groups": 1,
                    "check price range": 3,
                    "Spanish Restaurant": 2
                },
                "venueNeigh": "Sentosa Island",
                "venueScore": "good",
                "venueDomain": "food"
            },
            {
                "imgs": [],
                "Wi-Fi": "Yes",
                "terms": [
                    "sunsets",
                    "surfing",
                    "romantic",
                    "zoukout",
                    "water sports",
                    "beer",
                    "quiet",
                    "volleyball",
                    "good for groups",
                    "sports",
                    "bikini bar",
                    "picnics",
                    "music",
                    "good for singles",
                    "spa",
                    "tan",
                    "hidden gem",
                    "beach",
                    "casual",
                    "songs"
                ],
                "venueCat": [
                    "Beach"
                ],
                "venueName": "Siloso Beach",
                "preference": {
                    "beach": 2,
                    "sunsets": 2,
                    "bikini bar": 1,
                    "show images": 1,
                    "water sports": 1,
                    "ask for tips or suggestions or things to take note": 3
                },
                "venueNeigh": "Sentosa Island",
                "venueScore": "good",
                "venueDomain": "sightseeing"
            }
        ],
        "cnv_cnt": 20,
        "user_setting": "<b>**Use at least three turns of Question&Answers to find one venue!**</b>   You are at <b>Sentosa Island</b> with <b>a group of friends</b>,  looking for a <b>Spanish Restaurant</b> and planing to enjoy <b>sunsets</b> at <b>beach</b>.",
        "user_location": "Sentosa Island"
    }
}