{
    "id": "2976",
    "dialogue": [
        {
            "turn idx": 0,
            "agent": {
                "transcript": "",
                "img_gts": [],
                "dialog_act": {}
            },
            "user": {
                "transcript": "hello! im looking for this park in the picture.",
                "img_gts": [
                    "gate",
                    "building"
                ],
                "turn_label": {
                    "open span: image": "inform",
                    "open span: park": "request",
                    "placeholder": "greet",
                    "img_gts: gate, building": "inform"
                }
            },
            "bstate": {
                "open span: image": "inform",
                "open span: park": "request",
                "img_gts: gate, building": "inform"
            }
        },
        {
            "turn idx": 1,
            "agent": {
                "transcript": "hi! thats the istana park.",
                "img_gts": [],
                "dialog_act": {
                    "venuename: istana park": "recommend"
                }
            },
            "user": {
                "transcript": "i see... can i get its address? i would like to visit it and do some sightseeing.",
                "img_gts": [],
                "turn_label": {
                    "venueaddress": "request",
                    "open span: sightseeing": "inform"
                }
            },
            "bstate": {
                "open span: image": "inform",
                "open span: park": "request",
                "img_gts: gate, building": "inform",
                "venuename: istana park": "recommend",
                "venueaddress": "request",
                "open span: sightseeing": "inform"
            }
        },
        {
            "turn idx": 2,
            "agent": {
                "transcript": "sure! the address is orchard rd (penang rd) singapore.",
                "img_gts": [],
                "dialog_act": {
                    "venueaddress: orchard rd (penang rd) singapore": "inform"
                }
            },
            "user": {
                "transcript": "thank you! also may i know what's the venue score?",
                "img_gts": [],
                "turn_label": {
                    "venuescore": "request"
                }
            },
            "bstate": {
                "open span: image": "inform",
                "open span: park": "request",
                "img_gts: gate, building": "inform",
                "venuename: istana park": "recommend",
                "open span: sightseeing": "inform",
                "venueaddress: orchard rd (penang rd) singapore": "inform",
                "venuescore": "request"
            }
        },
        {
            "turn idx": 3,
            "agent": {
                "transcript": "its average!",
                "img_gts": [],
                "dialog_act": {
                    "venuescore: average": "inform"
                }
            },
            "user": {
                "transcript": "alright thank you.",
                "img_gts": [],
                "turn_label": {}
            },
            "bstate": {
                "open span: image": "inform",
                "open span: park": "request",
                "img_gts: gate, building": "inform",
                "venuename: istana park": "recommend",
                "open span: sightseeing": "inform",
                "venueaddress: orchard rd (penang rd) singapore": "inform",
                "venuescore: average": "inform"
            }
        },
        {
            "turn idx": 4,
            "agent": {
                "transcript": "is there anything else that i can help you with?",
                "img_gts": [],
                "dialog_act": {
                    "open span: anything else": "request"
                }
            },
            "user": {
                "transcript": "i also want to go to a cocktail bar that serves excellent martinis.",
                "img_gts": [],
                "turn_label": {
                    "drinks: cocktails": "inform",
                    "open span: excellent martini": "inform"
                }
            },
            "bstate": {
                "open span: image": "inform",
                "open span: park": "request",
                "img_gts: gate, building": "inform",
                "venuename: istana park": "recommend",
                "open span: sightseeing": "inform",
                "venueaddress: orchard rd (penang rd) singapore": "inform",
                "venuescore: average": "inform",
                "open span: anything else": "request",
                "drinks: cocktails": "inform",
                "open span: excellent martini": "inform"
            }
        },
        {
            "turn idx": 5,
            "agent": {
                "transcript": "sure! any location preferences?",
                "img_gts": [],
                "dialog_act": {
                    "venueneigh": "request"
                }
            },
            "user": {
                "transcript": "orchard road please! also i prefer a bar that plays live music.",
                "img_gts": [],
                "turn_label": {
                    "venueneigh: orchard road": "inform",
                    "music: live music": "inform"
                }
            },
            "bstate": {
                "open span: image": "inform",
                "open span: park": "request",
                "img_gts: gate, building": "inform",
                "venuename: istana park": "recommend",
                "open span: sightseeing": "inform",
                "venueaddress: orchard rd (penang rd) singapore": "inform",
                "venuescore: average": "inform",
                "drinks: cocktails": "inform",
                "open span: excellent martini": "inform",
                "venueneigh: orchard road": "inform",
                "music: live music": "inform"
            }
        },
        {
            "turn idx": 6,
            "agent": {
                "transcript": "i recommend martini bar. this is the place to go for martinis. dont miss out happy hour - 30 martinis only s$14++ from 5-9 pm.",
                "img_gts": [
                    "cocktail",
                    "cocktail",
                    "cocktail"
                ],
                "dialog_act": {
                    "venuename: martini bar": "recommend",
                    "menus:  happy hour": "inform",
                    "menus: happy hour": "inform",
                    "open span: image": "inform",
                    "img_gts: cocktail, cocktail, cocktail": "inform"
                }
            },
            "user": {
                "transcript": "sounds great! thank you! are credit cards accepted?",
                "img_gts": [],
                "turn_label": {
                    "credit cards": "request",
                    "venuename: istana park": "confirm",
                    "venuename: martini bar": "confirm"
                }
            },
            "bstate": {
                "open span: image": "inform",
                "open span: park": "request",
                "open span: sightseeing": "inform",
                "venueaddress: orchard rd (penang rd) singapore": "inform",
                "venuescore: average": "inform",
                "drinks: cocktails": "inform",
                "open span: excellent martini": "inform",
                "venueneigh: orchard road": "inform",
                "music: live music": "inform",
                "menus: happy hour": "inform",
                "img_gts: cocktail, cocktail, cocktail": "inform",
                "credit cards": "request",
                "venuename: martini bar": "confirm"
            }
        },
        {
            "turn idx": 7,
            "agent": {
                "transcript": "yes!",
                "img_gts": [],
                "dialog_act": {
                    "credit cards: yes": "inform"
                }
            },
            "user": {
                "transcript": "okay great. that's all i need, goodbye!",
                "img_gts": [],
                "turn_label": {
                    "placeholder": "bye"
                }
            },
            "bstate": {
                "open span: image": "inform",
                "open span: park": "request",
                "open span: sightseeing": "inform",
                "venueaddress: orchard rd (penang rd) singapore": "inform",
                "venuescore: average": "inform",
                "drinks: cocktails": "inform",
                "open span: excellent martini": "inform",
                "venueneigh: orchard road": "inform",
                "music: live music": "inform",
                "menus: happy hour": "inform",
                "img_gts: cocktail, cocktail, cocktail": "inform",
                "venuename: martini bar": "confirm",
                "credit cards: yes": "inform"
            }
        },
        {
            "turn idx": 8,
            "agent": {
                "transcript": "sure, goodbye!",
                "img_gts": [],
                "dialog_act": {
                    "placeholder": "bye"
                }
            },
            "user": {
                "transcript": "",
                "img_gts": [],
                "turn_label": {}
            },
            "bstate": {
                "open span: image": "inform",
                "open span: park": "request",
                "open span: sightseeing": "inform",
                "venueaddress: orchard rd (penang rd) singapore": "inform",
                "venuescore: average": "inform",
                "drinks: cocktails": "inform",
                "open span: excellent martini": "inform",
                "venueneigh: orchard road": "inform",
                "music: live music": "inform",
                "menus: happy hour": "inform",
                "img_gts: cocktail, cocktail, cocktail": "inform",
                "venuename: martini bar": "confirm",
                "credit cards: yes": "inform"
            }
        }
    ],
    "user rating": 5,
    "user setting": "<b>**use at least three turns of question&answers to find one venue!**</b>   you are looking for a <b>park</b> as in <b>picture</b>. later you plan to go to a <b>cocktail bar</b>.",
    "goal": {
        "id": 1524,
        "type": "multiple",
        "modality": "multiple",
        "content": [
            {
                "imgs": [
                    "8fb4da20b49986bdd70920342373bcb5",
                    "0f32dbde2218f982cc88be3d2c1fb11a"
                ],
                "terms": [
                    "park",
                    "quiet"
                ],
                "venueCat": [
                    "Park",
                    "Monument / Landmark"
                ],
                "venueName": "Istana Park",
                "preference": {
                    "park": 2,
                    "get address": 3,
                    "recognize place by image": 2
                },
                "venueNeigh": "Central Region",
                "venueScore": "average",
                "venueDomain": "sightseeing",
                "Credit Cards": "Yes"
            },
            {
                "imgs": [
                    "fcbf2748b966f4c1c3283f238f64a68e",
                    "7ac1e8d5655af8dba7ce40380bf4b39d"
                ],
                "Menus": [
                    "Lunch",
                    "Dinner",
                    "Happy Hour"
                ],
                "Music": "Live Music",
                "Wi-Fi": "No",
                "price": "Expensive",
                "terms": [
                    "lemon",
                    "lychee",
                    "cotton candy",
                    "fancy",
                    "Christmas",
                    "grapefruit",
                    "happy hour",
                    "fruit",
                    "martinis",
                    "basil",
                    "chili",
                    "bar snacks",
                    "wine"
                ],
                "Drinks": [
                    "Cocktails"
                ],
                "venueCat": [
                    "Cocktail Bar"
                ],
                "venueName": "Martini Bar",
                "preference": {
                    "Live Music": 2,
                    "Cocktail Bar": 2,
                    "Orchard Road": 1,
                    "excellent martinis": 1,
                    "ask for tips or suggestions or things to take note": 3
                },
                "venueNeigh": "Orchard Road",
                "venueScore": "good",
                "venueDomain": "nightlife",
                "Credit Cards": "Yes",
                "Reservations": "Yes",
                "Outdoor Seating": "No"
            }
        ],
        "cnv_cnt": 20,
        "user_setting": "<b>**Use at least three turns of Question&Answers to find one venue!**</b>   You are looking for a <b>park</b> as in <b>picture</b>. Later you plan to go to a <b>Cocktail Bar</b>.",
        "user_location": "unknown"
    }
}