{
    "id": "2983",
    "dialogue": [
        {
            "turn idx": 0,
            "agent": {
                "transcript": "",
                "img_gts": [],
                "dialog_act": {}
            },
            "user": {
                "transcript": "hi there, i am near singapore river and looking for a place where i can try this dish in the picture.",
                "img_gts": [
                    "western food"
                ],
                "turn_label": {
                    "venueneigh: singapore river": "inform",
                    "open span: image": "inform",
                    "open span: food": "inform",
                    "placeholder": "greet",
                    "img_gts: western food": "inform"
                }
            },
            "bstate": {
                "venueneigh: singapore river": "inform",
                "open span: image": "inform",
                "open span: food": "inform",
                "img_gts: western food": "inform"
            }
        },
        {
            "turn idx": 1,
            "agent": {
                "transcript": "do you know what cuisine this dish is from?",
                "img_gts": [],
                "dialog_act": {
                    "open span: cuisine": "request"
                }
            },
            "user": {
                "transcript": "it is a mexican dish.",
                "img_gts": [],
                "turn_label": {
                    "open span: mexican": "inform"
                }
            },
            "bstate": {
                "venueneigh: singapore river": "inform",
                "open span: image": "inform",
                "open span: food": "inform",
                "img_gts: western food": "inform",
                "open span: cuisine": "request",
                "open span: mexican": "inform"
            }
        },
        {
            "turn idx": 2,
            "agent": {
                "transcript": "then you would be able to find it at cafe iguana. they sell a wide variety of mexican dishes.",
                "img_gts": [],
                "dialog_act": {
                    "venuename: cafe iguana": "recommend",
                    "open span: mexican": "inform"
                }
            },
            "user": {
                "transcript": "great! what other dishes do you suggest i try there?",
                "img_gts": [],
                "turn_label": {
                    "venuename: cafe iguana": "confirm",
                    "open span: recommendation": "request"
                }
            },
            "bstate": {
                "venueneigh: singapore river": "inform",
                "open span: image": "inform",
                "open span: food": "inform",
                "img_gts: western food": "inform",
                "open span: cuisine": "request",
                "open span: mexican": "inform",
                "venuename: cafe iguana": "confirm",
                "open span: recommendation": "request"
            }
        },
        {
            "turn idx": 3,
            "agent": {
                "transcript": "you should try the classic mexican dishes, like burritos, fajitas and chimichangas while you are there.",
                "img_gts": [],
                "dialog_act": {
                    "open span: mexican": "inform",
                    "open span: burrito": "inform"
                }
            },
            "user": {
                "transcript": "i will definitely try them there. thanks for your help!",
                "img_gts": [],
                "turn_label": {
                    "venuename": "confirm",
                    "placeholder": "bye"
                }
            },
            "bstate": {
                "venueneigh: singapore river": "inform",
                "open span: image": "inform",
                "open span: food": "inform",
                "img_gts: western food": "inform",
                "open span: cuisine": "request",
                "open span: mexican": "inform",
                "open span: burrito": "inform"
            }
        }
    ],
    "user rating": 4,
    "user setting": "<b>**use at least three turns of question&answers to find one venue!**</b>   you are near <b>singapore river</b>, hoping to try food as in <b>picture</b>.",
    "goal": {
        "id": 1521,
        "type": "multiple",
        "modality": "multiple",
        "content": [
            {
                "imgs": [
                    "8c80cec8e4d335ff1375902cbe29c2e8"
                ],
                "Menus": [
                    "Dinner",
                    "Happy Hour"
                ],
                "Wi-Fi": "Yes",
                "price": "Cheap",
                "terms": [
                    "snapper",
                    "chimichangas",
                    "cozy",
                    "margherita pizza",
                    "quesadillas",
                    "tequila",
                    "burritos",
                    "calamari",
                    "tacos",
                    "casual",
                    "happy hour",
                    "fajitas",
                    "lively",
                    "chicken",
                    "good for groups",
                    "nachos",
                    "margaritas",
                    "magarita",
                    "Mexican food",
                    "scenic views"
                ],
                "Drinks": [
                    "Beer",
                    "Full Bar",
                    "Cocktails"
                ],
                "venueCat": [
                    "Mexican Restaurant"
                ],
                "venueName": "Cafe Iguana",
                "preference": {
                    "tacos": 1,
                    "burritos": 1,
                    "chimichangas": 1,
                    "Singapore River": 2,
                    "Mexican Restaurant": 2,
                    "recognize tacos by image": 2,
                    "ask for tips or suggestions or things to take note": 3
                },
                "venueNeigh": "Singapore River",
                "venueScore": "average",
                "venueDomain": "food",
                "Credit Cards": "Yes",
                "Reservations": "Yes",
                "Dining Options": [
                    "Delivery"
                ],
                "Outdoor Seating": "Yes"
            }
        ],
        "cnv_cnt": 20,
        "user_setting": "<b>**Use at least three turns of Question&Answers to find one venue!**</b>   You are near <b>Singapore River</b>, hoping to try food as in <b>picture</b>.",
        "user_location": "Singapore River"
    }
}