{
    "id": "2995",
    "dialogue": [
        {
            "turn idx": 0,
            "agent": {
                "transcript": "",
                "img_gts": [],
                "dialog_act": {}
            },
            "user": {
                "transcript": "hi there! i'm looking for a restaurant near singapore river.",
                "img_gts": [],
                "turn_label": {
                    "venueneigh: singapore river": "inform",
                    "placeholder": "greet"
                }
            },
            "bstate": {
                "venueneigh: singapore river": "inform"
            }
        },
        {
            "turn idx": 1,
            "agent": {
                "transcript": "hello!  i would be happy to help. do you know what type of restaurant it is?",
                "img_gts": [],
                "dialog_act": {
                    "open span: type": "request"
                }
            },
            "user": {
                "transcript": "it's a mexican restaurant.",
                "img_gts": [],
                "turn_label": {
                    "open span: mexican restaurant": "inform"
                }
            },
            "bstate": {
                "venueneigh: singapore river": "inform",
                "open span: type": "request",
                "open span: mexican restaurant": "inform"
            }
        },
        {
            "turn idx": 2,
            "agent": {
                "transcript": "i see. do you have any pictures of the dishes you're looking for?",
                "img_gts": [],
                "dialog_act": {
                    "open span: image": "request"
                }
            },
            "user": {
                "transcript": "yes, here it is:",
                "img_gts": [
                    "western food"
                ],
                "turn_label": {
                    "open span: image": "inform",
                    "img_gts: western food": "inform"
                }
            },
            "bstate": {
                "venueneigh: singapore river": "inform",
                "open span: mexican restaurant": "inform",
                "open span: image": "inform",
                "img_gts: western food": "inform"
            }
        },
        {
            "turn idx": 3,
            "agent": {
                "transcript": "ah, those are tacos. do you have information on other food they serve?",
                "img_gts": [],
                "dialog_act": {
                    "open span: taco": "inform"
                }
            },
            "user": {
                "transcript": "i believe they also sell burritos and chimichangas.",
                "img_gts": [],
                "turn_label": {
                    "open span: burrito": "inform"
                }
            },
            "bstate": {
                "venueneigh: singapore river": "inform",
                "open span: mexican restaurant": "inform",
                "open span: image": "inform",
                "img_gts: western food": "inform",
                "open span: taco": "inform",
                "open span: burrito": "inform"
            }
        },
        {
            "turn idx": 4,
            "agent": {
                "transcript": "oh, i think you're talking about cafe iguana.",
                "img_gts": [],
                "dialog_act": {
                    "venuename: cafe iguana": "recommend"
                }
            },
            "user": {
                "transcript": "oh yes! i think that's it. is there anything i should take note of before visiting?",
                "img_gts": [],
                "turn_label": {
                    "venuename: cafe iguana": "confirm",
                    "open span: tip or suggestion": "request"
                }
            },
            "bstate": {
                "venueneigh: singapore river": "inform",
                "open span: mexican restaurant": "inform",
                "open span: image": "inform",
                "img_gts: western food": "inform",
                "open span: taco": "inform",
                "open span: burrito": "inform",
                "venuename: cafe iguana": "confirm",
                "open span: tip or suggestion": "request"
            }
        },
        {
            "turn idx": 5,
            "agent": {
                "transcript": "do take note that their opening hours vary.",
                "img_gts": [],
                "dialog_act": {}
            },
            "user": {
                "transcript": "alright, thanks for your help!",
                "img_gts": [],
                "turn_label": {
                    "placeholder": "bye"
                }
            },
            "bstate": {
                "venueneigh: singapore river": "inform",
                "open span: mexican restaurant": "inform",
                "open span: image": "inform",
                "img_gts: western food": "inform",
                "open span: taco": "inform",
                "open span: burrito": "inform",
                "venuename: cafe iguana": "confirm"
            }
        },
        {
            "turn idx": 6,
            "agent": {
                "transcript": "you're welcome! hope you have a great day ahead.",
                "img_gts": [],
                "dialog_act": {
                    "placeholder": "bye"
                }
            },
            "user": {
                "transcript": "",
                "img_gts": [],
                "turn_label": {}
            },
            "bstate": {
                "venueneigh: singapore river": "inform",
                "open span: mexican restaurant": "inform",
                "open span: image": "inform",
                "img_gts: western food": "inform",
                "open span: taco": "inform",
                "open span: burrito": "inform",
                "venuename: cafe iguana": "confirm"
            }
        }
    ],
    "user rating": 4,
    "user setting": "<b>**use at least three turns of question&answers to find one venue!**</b>   you are near <b>singapore river</b>, hoping to try food as in <b>picture</b>.",
    "goal": {
        "id": 1521,
        "type": "multiple",
        "modality": "multiple",
        "content": [
            {
                "imgs": [
                    "8c80cec8e4d335ff1375902cbe29c2e8"
                ],
                "Menus": [
                    "Dinner",
                    "Happy Hour"
                ],
                "Wi-Fi": "Yes",
                "price": "Cheap",
                "terms": [
                    "snapper",
                    "chimichangas",
                    "cozy",
                    "margherita pizza",
                    "quesadillas",
                    "tequila",
                    "burritos",
                    "calamari",
                    "tacos",
                    "casual",
                    "happy hour",
                    "fajitas",
                    "lively",
                    "chicken",
                    "good for groups",
                    "nachos",
                    "margaritas",
                    "magarita",
                    "Mexican food",
                    "scenic views"
                ],
                "Drinks": [
                    "Beer",
                    "Full Bar",
                    "Cocktails"
                ],
                "venueCat": [
                    "Mexican Restaurant"
                ],
                "venueName": "Cafe Iguana",
                "preference": {
                    "tacos": 1,
                    "burritos": 1,
                    "chimichangas": 1,
                    "Singapore River": 2,
                    "Mexican Restaurant": 2,
                    "recognize tacos by image": 2,
                    "ask for tips or suggestions or things to take note": 3
                },
                "venueNeigh": "Singapore River",
                "venueScore": "average",
                "venueDomain": "food",
                "Credit Cards": "Yes",
                "Reservations": "Yes",
                "Dining Options": [
                    "Delivery"
                ],
                "Outdoor Seating": "Yes"
            }
        ],
        "cnv_cnt": 20,
        "user_setting": "<b>**Use at least three turns of Question&Answers to find one venue!**</b>   You are near <b>Singapore River</b>, hoping to try food as in <b>picture</b>.",
        "user_location": "Singapore River"
    }
}