{
    "id": "3019",
    "dialogue": [
        {
            "turn idx": 0,
            "agent": {
                "transcript": "hi, how may i help you?",
                "img_gts": [],
                "dialog_act": {
                    "placeholder": "greet"
                }
            },
            "user": {
                "transcript": "hi, i am at sentosa island. i plan to have brunch food. do you have any suggestions?",
                "img_gts": [],
                "turn_label": {
                    "menus:  brunch": "inform",
                    "menus: brunch": "inform",
                    "venueneigh: sentosa island": "inform",
                    "open span: place to eat": "request",
                    "placeholder": "greet"
                }
            },
            "bstate": {
                "menus: brunch": "inform",
                "venueneigh: sentosa island": "inform",
                "open span: place to eat": "request"
            }
        },
        {
            "turn idx": 1,
            "agent": {
                "transcript": "what dishes are you hoping to eat?",
                "img_gts": [],
                "dialog_act": {
                    "open span: what food": "request"
                }
            },
            "user": {
                "transcript": "i hope to have dim sum.",
                "img_gts": [],
                "turn_label": {
                    "open span: dim sum": "inform"
                }
            },
            "bstate": {
                "menus: brunch": "inform",
                "venueneigh: sentosa island": "inform",
                "open span: what food": "request",
                "open span: dim sum": "inform"
            }
        },
        {
            "turn idx": 2,
            "agent": {
                "transcript": "do you have any other requirements?",
                "img_gts": [],
                "dialog_act": {
                    "open span: preference": "request"
                }
            },
            "user": {
                "transcript": "i would like the eatery to have friendly staff and scenic views.",
                "img_gts": [],
                "turn_label": {
                    "open span: scenic view": "inform",
                    "open span: friendly staff": "inform"
                }
            },
            "bstate": {
                "menus: brunch": "inform",
                "venueneigh: sentosa island": "inform",
                "open span: what food": "request",
                "open span: dim sum": "inform",
                "open span: preference": "request",
                "open span: scenic view": "inform",
                "open span: friendly staff": "inform"
            }
        },
        {
            "turn idx": 3,
            "agent": {
                "transcript": "you can visit the kitchen table. their buffet selection is awesome with many live cooking stations.",
                "img_gts": [],
                "dialog_act": {
                    "venuename: the kitchen table": "recommend"
                }
            },
            "user": {
                "transcript": "do you have any other tips about the restaurant?",
                "img_gts": [],
                "turn_label": {
                    "venuename: the kitchen table": "confirm",
                    "open span: tip or suggestion": "request"
                }
            },
            "bstate": {
                "menus: brunch": "inform",
                "venueneigh: sentosa island": "inform",
                "open span: what food": "request",
                "open span: dim sum": "inform",
                "open span: scenic view": "inform",
                "open span: friendly staff": "inform",
                "venuename: the kitchen table": "confirm",
                "open span: tip or suggestion": "request"
            }
        },
        {
            "turn idx": 4,
            "agent": {
                "transcript": "do not go there 30 minute before they close, if not you will not make the most of your buffet meal.",
                "img_gts": [],
                "dialog_act": {}
            },
            "user": {
                "transcript": "sounds smart! i am also looking for the museum in this picture - do you recognize where it is? it is also on sentosa island.",
                "img_gts": [
                    "malay heritage center"
                ],
                "turn_label": {
                    "venueneigh: sentosa island": "inform",
                    "open span: museum": "inform",
                    "open span: recognise": "inform",
                    "open span: image": "inform",
                    "img_gts: malay heritage center": "inform"
                }
            },
            "bstate": {
                "menus: brunch": "inform",
                "open span: what food": "request",
                "open span: dim sum": "inform",
                "open span: scenic view": "inform",
                "open span: friendly staff": "inform",
                "venuename: the kitchen table": "confirm",
                "venueneigh: sentosa island": "inform",
                "open span: museum": "inform",
                "open span: recognise": "inform",
                "open span: image": "inform",
                "img_gts: malay heritage center": "inform"
            }
        },
        {
            "turn idx": 5,
            "agent": {
                "transcript": "that is madame tussauds singapore. it is a wax museum and tourist attraction at the imbiah lookout of sentosa island in singapore.",
                "img_gts": [],
                "dialog_act": {
                    "venuename: madame tussauds singapore": "recommend",
                    "open span: imbiah lookout": "inform"
                }
            },
            "user": {
                "transcript": "great, do you have any tips about this place?",
                "img_gts": [],
                "turn_label": {
                    "venuename: madame tussauds singapore": "confirm",
                    "open span: tip or suggestion": "request"
                }
            },
            "bstate": {
                "menus: brunch": "inform",
                "open span: what food": "request",
                "open span: dim sum": "inform",
                "open span: scenic view": "inform",
                "open span: friendly staff": "inform",
                "venueneigh: sentosa island": "inform",
                "open span: museum": "inform",
                "open span: recognise": "inform",
                "open span: image": "inform",
                "img_gts: malay heritage center": "inform",
                "open span: imbiah lookout": "inform",
                "venuename: madame tussauds singapore": "confirm",
                "open span: tip or suggestion": "request"
            }
        },
        {
            "turn idx": 6,
            "agent": {
                "transcript": "book your tickets online before visiting to get entry at a discount!",
                "img_gts": [],
                "dialog_act": {}
            },
            "user": {
                "transcript": "great! thanks! that's all i need.",
                "img_gts": [],
                "turn_label": {
                    "placeholder": "bye"
                }
            },
            "bstate": {
                "menus: brunch": "inform",
                "open span: what food": "request",
                "open span: dim sum": "inform",
                "open span: scenic view": "inform",
                "open span: friendly staff": "inform",
                "venueneigh: sentosa island": "inform",
                "open span: museum": "inform",
                "open span: recognise": "inform",
                "open span: image": "inform",
                "img_gts: malay heritage center": "inform",
                "open span: imbiah lookout": "inform",
                "venuename: madame tussauds singapore": "confirm"
            }
        },
        {
            "turn idx": 7,
            "agent": {
                "transcript": "have fun, bye!",
                "img_gts": [],
                "dialog_act": {
                    "placeholder": "bye"
                }
            },
            "user": {
                "transcript": "",
                "img_gts": [],
                "turn_label": {}
            },
            "bstate": {
                "menus: brunch": "inform",
                "open span: what food": "request",
                "open span: dim sum": "inform",
                "open span: scenic view": "inform",
                "open span: friendly staff": "inform",
                "venueneigh: sentosa island": "inform",
                "open span: museum": "inform",
                "open span: recognise": "inform",
                "open span: image": "inform",
                "img_gts: malay heritage center": "inform",
                "open span: imbiah lookout": "inform",
                "venuename: madame tussauds singapore": "confirm"
            }
        }
    ],
    "user rating": 5,
    "user setting": "<b>**use at least three turns of question&answers to find one venue!**</b>   you are at <b>sentosa island</b>. plan to have <b>brunch food</b> and look for a <b>museum</b> in picture.",
    "goal": {
        "id": 1518,
        "type": "multiple",
        "modality": "multiple",
        "content": [
            {
                "imgs": [],
                "Menus": [
                    "Breakfast",
                    "Brunch",
                    "Lunch",
                    "Dinner"
                ],
                "price": "Cheap",
                "terms": [
                    "champagne",
                    "lunch",
                    "dim sum",
                    "eggs",
                    "brunch food",
                    "bacon",
                    "friendly staff",
                    "waffles",
                    "juice",
                    "dinner",
                    "noodles",
                    "breakfast food",
                    "swimming pool",
                    "scenic views"
                ],
                "venueCat": [
                    "Diner",
                    "Asian Restaurant"
                ],
                "venueName": "The Kitchen Table",
                "preference": {
                    "dim sum": 1,
                    "brunch food": 2,
                    "scenic views": 1,
                    "Sentosa Island": 2,
                    "friendly staff": 1,
                    "ask for tips or suggestions or things to take note": 3
                },
                "venueNeigh": "Sentosa Island",
                "venueScore": "average",
                "venueDomain": "food",
                "Credit Cards": "Yes",
                "Reservations": "No",
                "Dining Options": [
                    "No Delivery"
                ],
                "Outdoor Seating": "Yes"
            },
            {
                "imgs": [
                    "0b7a912634abdbff0ae0ac41f5c4561b"
                ],
                "terms": [
                    "books"
                ],
                "venueCat": [
                    "Museum",
                    "General Entertainment"
                ],
                "venueName": "Madame Tussauds Singapore",
                "preference": {
                    "Museum": 2,
                    "Sentosa Island": 2,
                    "recognize the place by image": 1,
                    "ask for tips or suggestions or things to take note": 3
                },
                "venueNeigh": "Sentosa Island",
                "venueScore": "good",
                "venueDomain": "sightseeing",
                "Credit Cards": "Yes"
            }
        ],
        "cnv_cnt": 20,
        "user_setting": "<b>**Use at least three turns of Question&Answers to find one venue!**</b>   You are at <b>Sentosa Island</b>. Plan to have <b>brunch food</b> and look for a <b>Museum</b> in picture.",
        "user_location": "Sentosa Island"
    }
}