{
    "id": "3058",
    "dialogue": [
        {
            "turn idx": 0,
            "agent": {
                "transcript": "",
                "img_gts": [],
                "dialog_act": {}
            },
            "user": {
                "transcript": "hi i am at orchard road, looking for a japanese restaurant.",
                "img_gts": [],
                "turn_label": {
                    "venueneigh: orchard road": "inform",
                    "placeholder": "greet"
                }
            },
            "bstate": {
                "venueneigh: orchard road": "inform"
            }
        },
        {
            "turn idx": 1,
            "agent": {
                "transcript": "sure! what food do you want to eat?",
                "img_gts": [],
                "dialog_act": {
                    "open span: food": "request"
                }
            },
            "user": {
                "transcript": "i want to eat ramen, like in the image, and fried rice.",
                "img_gts": [
                    "ramen"
                ],
                "turn_label": {
                    "open span: fry rice": "inform",
                    "open span: ramen": "inform",
                    "open span: image": "inform",
                    "img_gts: ramen": "inform"
                }
            },
            "bstate": {
                "venueneigh: orchard road": "inform",
                "open span: food": "request",
                "open span: fry rice": "inform",
                "open span: ramen": "inform",
                "open span: image": "inform",
                "img_gts: ramen": "inform"
            }
        },
        {
            "turn idx": 2,
            "agent": {
                "transcript": "what about the ambiance?",
                "img_gts": [],
                "dialog_act": {
                    "open span: ambiance": "request"
                }
            },
            "user": {
                "transcript": "i want it to be casual.",
                "img_gts": [],
                "turn_label": {
                    "open span: casual": "inform"
                }
            },
            "bstate": {
                "venueneigh: orchard road": "inform",
                "open span: food": "request",
                "open span: fry rice": "inform",
                "open span: ramen": "inform",
                "open span: image": "inform",
                "img_gts: ramen": "inform",
                "open span: ambiance": "request",
                "open span: casual": "inform"
            }
        },
        {
            "turn idx": 3,
            "agent": {
                "transcript": "you can try machida shoten! great for dropping in for a quick bowl of ramen.",
                "img_gts": [
                    "soup",
                    "ramen",
                    "signboard/text"
                ],
                "dialog_act": {
                    "venuename: machida shoten": "recommend",
                    "open span: image": "inform",
                    "img_gts: soup, ramen, signboard/text": "inform"
                }
            },
            "user": {
                "transcript": "okay. can you let me know what is the venue score?",
                "img_gts": [],
                "turn_label": {
                    "venuescore": "request",
                    "venuename: machida shoten": "confirm"
                }
            },
            "bstate": {
                "venueneigh: orchard road": "inform",
                "open span: food": "request",
                "open span: fry rice": "inform",
                "open span: ramen": "inform",
                "open span: image": "inform",
                "open span: ambiance": "request",
                "open span: casual": "inform",
                "img_gts: soup, ramen, signboard/text": "inform",
                "venuescore": "request",
                "venuename: machida shoten": "confirm"
            }
        },
        {
            "turn idx": 4,
            "agent": {
                "transcript": "it's average. anything else i can help?",
                "img_gts": [],
                "dialog_act": {
                    "open span: anything else": "request"
                }
            },
            "user": {
                "transcript": "can you find another restaurant that has good venue score?",
                "img_gts": [],
                "turn_label": {
                    "venuescore": "request"
                }
            },
            "bstate": {
                "venueneigh: orchard road": "inform",
                "open span: food": "request",
                "open span: fry rice": "inform",
                "open span: ramen": "inform",
                "open span: image": "inform",
                "open span: ambiance": "request",
                "open span: casual": "inform",
                "img_gts: soup, ramen, signboard/text": "inform",
                "venuename: machida shoten": "confirm",
                "open span: anything else": "request",
                "venuescore": "request"
            }
        },
        {
            "turn idx": 5,
            "agent": {
                "transcript": "sure! must it be a japanese restaurant too?",
                "img_gts": [],
                "dialog_act": {}
            },
            "user": {
                "transcript": "yes, it should be a japanese restaurant.",
                "img_gts": [],
                "turn_label": {}
            },
            "bstate": {
                "venueneigh: orchard road": "inform",
                "open span: food": "request",
                "open span: fry rice": "inform",
                "open span: ramen": "inform",
                "open span: image": "inform",
                "open span: ambiance": "request",
                "open span: casual": "inform",
                "img_gts: soup, ramen, signboard/text": "inform",
                "venuename: machida shoten": "confirm",
                "venuescore": "request"
            }
        },
        {
            "turn idx": 6,
            "agent": {
                "transcript": "what ambiance do you want?",
                "img_gts": [],
                "dialog_act": {
                    "open span: ambiance": "inform"
                }
            },
            "user": {
                "transcript": "it should be family-friendly and good for groups.",
                "img_gts": [],
                "turn_label": {
                    "open span: family friendly": "inform",
                    "open span: good for group": "inform"
                }
            },
            "bstate": {
                "venueneigh: orchard road": "inform",
                "open span: food": "request",
                "open span: fry rice": "inform",
                "open span: ramen": "inform",
                "open span: image": "inform",
                "open span: ambiance": "inform",
                "open span: casual": "inform",
                "img_gts: soup, ramen, signboard/text": "inform",
                "venuename: machida shoten": "confirm",
                "venuescore": "request",
                "open span: family friendly": "inform",
                "open span: good for group": "inform"
            }
        },
        {
            "turn idx": 7,
            "agent": {
                "transcript": "what food do you want?",
                "img_gts": [],
                "dialog_act": {
                    "open span: food": "request"
                }
            },
            "user": {
                "transcript": "i want to eat ramen and soba.",
                "img_gts": [],
                "turn_label": {
                    "open span: ramen": "inform",
                    "open span: soba": "inform"
                }
            },
            "bstate": {
                "venueneigh: orchard road": "inform",
                "open span: food": "request",
                "open span: fry rice": "inform",
                "open span: ramen": "inform",
                "open span: image": "inform",
                "open span: ambiance": "inform",
                "open span: casual": "inform",
                "img_gts: soup, ramen, signboard/text": "inform",
                "venuename: machida shoten": "confirm",
                "venuescore": "request",
                "open span: family friendly": "inform",
                "open span: good for group": "inform",
                "open span: soba": "inform"
            }
        },
        {
            "turn idx": 8,
            "agent": {
                "transcript": "you can try japan food town! the price and menu are different for lunch or dinner.",
                "img_gts": [
                    "seafood noodle",
                    "ramen"
                ],
                "dialog_act": {
                    "venuename: japan food town": "recommend",
                    "price": "request",
                    "open span: image": "inform",
                    "menus: lunch": "inform",
                    "menus: dinner": "inform",
                    "img_gts: seafood noodle, ramen": "inform"
                }
            },
            "user": {
                "transcript": "okay. can you share some tips?",
                "img_gts": [],
                "turn_label": {
                    "venuename: japan food town": "confirm",
                    "open span: tip or suggestion": "request"
                }
            },
            "bstate": {
                "venueneigh: orchard road": "inform",
                "open span: food": "request",
                "open span: fry rice": "inform",
                "open span: ramen": "inform",
                "open span: image": "inform",
                "open span: ambiance": "inform",
                "open span: casual": "inform",
                "venuescore": "request",
                "open span: family friendly": "inform",
                "open span: good for group": "inform",
                "open span: soba": "inform",
                "price": "request",
                "menus: lunch": "inform",
                "menus: dinner": "inform",
                "img_gts: seafood noodle, ramen": "inform",
                "venuename: japan food town": "confirm",
                "open span: tip or suggestion": "request"
            }
        },
        {
            "turn idx": 9,
            "agent": {
                "transcript": "quite convenient. good mix of japanese food. cozy architecture makes an alcove of wisma atria feel like a mall in japan. anything else i can help? enjoy your food!",
                "img_gts": [],
                "dialog_act": {
                    "venuename": "recommend",
                    "open span: japanese food": "inform",
                    "open span: cozy": "inform",
                    "open span: anything else": "request",
                    "open span: convenient": "inform",
                    "placeholder": "bye"
                }
            },
            "user": {
                "transcript": "",
                "img_gts": [],
                "turn_label": {}
            },
            "bstate": {
                "venueneigh: orchard road": "inform",
                "open span: food": "request",
                "open span: fry rice": "inform",
                "open span: ramen": "inform",
                "open span: image": "inform",
                "open span: ambiance": "inform",
                "open span: casual": "inform",
                "venuescore": "request",
                "open span: family friendly": "inform",
                "open span: good for group": "inform",
                "open span: soba": "inform",
                "price": "request",
                "menus: lunch": "inform",
                "menus: dinner": "inform",
                "img_gts: seafood noodle, ramen": "inform",
                "open span: japanese food": "inform",
                "open span: cozy": "inform",
                "open span: anything else": "request",
                "open span: convenient": "inform"
            }
        }
    ],
    "user rating": 5,
    "user setting": "<b>**use at least three turns of question&answers to find one venue!**</b>   you are at <b>orchard road</b>, comparing two <b>japanese restaurant</b>.",
    "goal": {
        "id": 1529,
        "type": "multiple",
        "modality": "multiple",
        "content": [
            {
                "imgs": [
                    "d02ce9b9e0e1873d6e2084678ab90190",
                    "294cde7ce5766b8daa5659dcba5621f5"
                ],
                "Menus": [
                    "Lunch",
                    "Dinner"
                ],
                "terms": [
                    "ribs",
                    "Japanese chefs",
                    "fried rice",
                    "spicy food",
                    "ramen",
                    "casual"
                ],
                "venueCat": [
                    "Ramen Restaurant"
                ],
                "venueName": "Machida Shoten",
                "preference": {
                    "Orchard Road": 2,
                    "Ramen Restaurant": 1,
                    "check venue score": 3,
                    "recognize ramen by image": 2
                },
                "venueNeigh": "Orchard Road",
                "venueScore": "average",
                "venueDomain": "food",
                "Reservations": "Yes",
                "Outdoor Seating": "No"
            },
            {
                "imgs": [],
                "Menus": [
                    "Brunch",
                    "Lunch",
                    "Dinner",
                    "Happy Hour"
                ],
                "price": "Moderate",
                "terms": [
                    "cozy",
                    "rice",
                    "Japanese food",
                    "fried pork",
                    "unagi",
                    "sashimi",
                    "lunch",
                    "dinner",
                    "family-friendly",
                    "ikura",
                    "hidden gem",
                    "ramen",
                    "good for groups",
                    "soba"
                ],
                "Drinks": [
                    "Full Bar",
                    "Cocktails"
                ],
                "venueCat": [
                    "Japanese Restaurant"
                ],
                "venueName": "Japan Food Town",
                "preference": {
                    "soba": 1,
                    "ikura": 1,
                    "ramen": 2,
                    "Orchard Road": 2,
                    "family-friendly": 1,
                    "venueScore: good": 2,
                    "ask for tips or suggestions or things to take note": 3
                },
                "venueNeigh": "Orchard Road",
                "venueScore": "good",
                "venueDomain": "food",
                "Reservations": "Yes",
                "Dining Options": [
                    "No Delivery"
                ],
                "Outdoor Seating": "No"
            }
        ],
        "cnv_cnt": 20,
        "user_setting": "<b>**Use at least three turns of Question&Answers to find one venue!**</b>   You are at <b>Orchard Road</b>, comparing two <b>Japanese Restaurant</b>.",
        "user_location": "Orchard Road"
    }
}