{
    "id": "3170",
    "dialogue": [
        {
            "turn idx": 0,
            "agent": {
                "transcript": "",
                "img_gts": [],
                "dialog_act": {}
            },
            "user": {
                "transcript": "hello! i'm looking for a water park to go to.",
                "img_gts": [],
                "turn_label": {
                    "open span: water park": "inform",
                    "placeholder": "greet"
                }
            },
            "bstate": {
                "open span: water park": "inform"
            }
        },
        {
            "turn idx": 1,
            "agent": {
                "transcript": "hi there! i would be happy to assist. do you have any specific requirements?",
                "img_gts": [],
                "dialog_act": {
                    "open span: preference": "request"
                }
            },
            "user": {
                "transcript": "i would need a kids area for the children to play in.",
                "img_gts": [],
                "turn_label": {}
            },
            "bstate": {
                "open span: water park": "inform",
                "open span: preference": "request"
            }
        },
        {
            "turn idx": 2,
            "agent": {
                "transcript": "i see. do you have any other special requests?",
                "img_gts": [],
                "dialog_act": {}
            },
            "user": {
                "transcript": "hmm...maybe some water slides too!",
                "img_gts": [],
                "turn_label": {
                    "open span: water slide": "inform"
                }
            },
            "bstate": {
                "open span: water park": "inform",
                "open span: water slide": "inform"
            }
        },
        {
            "turn idx": 3,
            "agent": {
                "transcript": "you should try wild wild wet then! it is a great small water theme park with heaps for small kids to do and keep them entertained all day.",
                "img_gts": [],
                "dialog_act": {
                    "venuename: wild wild wet": "recommend",
                    "open span: small": "inform"
                }
            },
            "user": {
                "transcript": "sounds good! do you have any tips before visiting?",
                "img_gts": [],
                "turn_label": {
                    "venuename: wild wild wet": "confirm",
                    "open span: tip or suggestion": "request"
                }
            },
            "bstate": {
                "open span: water park": "inform",
                "open span: water slide": "inform",
                "open span: small": "inform",
                "venuename: wild wild wet": "confirm",
                "open span: tip or suggestion": "request"
            }
        },
        {
            "turn idx": 4,
            "agent": {
                "transcript": "do note that it will be slightly crowded on weekends and holidays.",
                "img_gts": [],
                "dialog_act": {
                    "open span: holiday": "inform",
                    "open span: weekend": "inform"
                }
            },
            "user": {
                "transcript": "ok, thanks! i'm also planning to eat at a seafood restaurant later. do you have any recommendations?",
                "img_gts": [],
                "turn_label": {
                    "open span: recommendation": "request"
                }
            },
            "bstate": {
                "open span: water park": "inform",
                "open span: water slide": "inform",
                "open span: small": "inform",
                "venuename: wild wild wet": "confirm",
                "open span: holiday": "inform",
                "open span: weekend": "inform",
                "open span: recommendation": "request"
            }
        },
        {
            "turn idx": 5,
            "agent": {
                "transcript": "i do have a few.  is there any specific dish you would like to try?",
                "img_gts": [],
                "dialog_act": {
                    "open span: specific food": "request"
                }
            },
            "user": {
                "transcript": "i have a picture here of the dish i would like to order.",
                "img_gts": [
                    "chilli crab"
                ],
                "turn_label": {
                    "open span: image": "inform",
                    "img_gts: chilli crab": "inform"
                }
            },
            "bstate": {
                "open span: water park": "inform",
                "open span: water slide": "inform",
                "open span: small": "inform",
                "venuename: wild wild wet": "confirm",
                "open span: holiday": "inform",
                "open span: weekend": "inform",
                "open span: specific food": "request",
                "open span: image": "inform",
                "img_gts: chilli crab": "inform"
            }
        },
        {
            "turn idx": 6,
            "agent": {
                "transcript": "ah, black pepper crabs!",
                "img_gts": [],
                "dialog_act": {}
            },
            "user": {
                "transcript": "where can i try them?",
                "img_gts": [],
                "turn_label": {
                    "venuename": "request"
                }
            },
            "bstate": {
                "open span: water park": "inform",
                "open span: water slide": "inform",
                "open span: small": "inform",
                "open span: holiday": "inform",
                "open span: weekend": "inform",
                "open span: specific food": "request",
                "open span: image": "inform",
                "img_gts: chilli crab": "inform",
                "venuename": "request"
            }
        },
        {
            "turn idx": 7,
            "agent": {
                "transcript": "you should definitely try eng seng restaurant. their crabs are really fantastic - juicy and buttery.",
                "img_gts": [],
                "dialog_act": {
                    "venuename: eng seng restaurant": "recommend",
                    "open span: fantastic": "inform",
                    "open span: juicy": "inform",
                    "open span: crab": "inform"
                }
            },
            "user": {
                "transcript": "sounds delicious! can you also give me some tips when ordering?",
                "img_gts": [],
                "turn_label": {
                    "venuename: eng seng restaurant": "confirm",
                    "open span: tip or suggestion": "request"
                }
            },
            "bstate": {
                "open span: water park": "inform",
                "open span: water slide": "inform",
                "open span: small": "inform",
                "open span: holiday": "inform",
                "open span: weekend": "inform",
                "open span: specific food": "request",
                "open span: image": "inform",
                "img_gts: chilli crab": "inform",
                "open span: fantastic": "inform",
                "open span: juicy": "inform",
                "open span: crab": "inform",
                "venuename: eng seng restaurant": "confirm",
                "open span: tip or suggestion": "request"
            }
        },
        {
            "turn idx": 8,
            "agent": {
                "transcript": "if there's just two people eating, don't bother to order the other dishes - just get the black pepper crab!",
                "img_gts": [],
                "dialog_act": {}
            },
            "user": {
                "transcript": "got it, thanks so much for your help!",
                "img_gts": [],
                "turn_label": {
                    "placeholder": "bye"
                }
            },
            "bstate": {
                "open span: water park": "inform",
                "open span: water slide": "inform",
                "open span: small": "inform",
                "open span: holiday": "inform",
                "open span: weekend": "inform",
                "open span: specific food": "request",
                "open span: image": "inform",
                "img_gts: chilli crab": "inform",
                "open span: fantastic": "inform",
                "open span: juicy": "inform",
                "open span: crab": "inform",
                "venuename: eng seng restaurant": "confirm"
            }
        },
        {
            "turn idx": 9,
            "agent": {
                "transcript": "you're most welcome! hope you have a wonderful day ahead.",
                "img_gts": [],
                "dialog_act": {
                    "placeholder": "bye"
                }
            },
            "user": {
                "transcript": "",
                "img_gts": [],
                "turn_label": {}
            },
            "bstate": {
                "open span: water park": "inform",
                "open span: water slide": "inform",
                "open span: small": "inform",
                "open span: holiday": "inform",
                "open span: weekend": "inform",
                "open span: specific food": "request",
                "open span: image": "inform",
                "img_gts: chilli crab": "inform",
                "open span: fantastic": "inform",
                "open span: juicy": "inform",
                "open span: crab": "inform",
                "venuename: eng seng restaurant": "confirm"
            }
        }
    ],
    "user rating": 4,
    "user setting": "<b>**use at least three turns of question&answers to find one venue!**</b>   you are looking for a <b>water park</b> for your <b>kids</b> and plan to eat at a <b>seafood restaurant</b>.",
    "goal": {
        "id": 1528,
        "type": "multiple",
        "modality": "multiple",
        "content": [
            {
                "imgs": [],
                "terms": [
                    "ulah lah",
                    "slides",
                    "lunch",
                    "theme parks",
                    "torpedo",
                    "beach",
                    "kids area"
                ],
                "venueCat": [
                    "Water Park",
                    "Pool"
                ],
                "venueName": "Wild Wild Wet",
                "preference": {
                    "ulah lah": 1,
                    "kids area": 2,
                    "Water Park": 2,
                    "water slides": 1,
                    "ask for tips or suggestions or things to take note": 3
                },
                "venueNeigh": "Pasir Ris",
                "venueScore": "average",
                "venueDomain": "sightseeing",
                "Credit Cards": "Yes"
            },
            {
                "imgs": [
                    "050505863fe0a38696e37e4aa54eddc6",
                    "96a6e0ef0f9220cfbcef8cbdb21ac9ef"
                ],
                "price": "Expensive",
                "terms": [
                    "black pepper crabs",
                    "dinner",
                    "chili",
                    "casual",
                    "mie goreng"
                ],
                "venueCat": [
                    "Seafood Restaurant"
                ],
                "venueName": "Eng Seng Restaurant",
                "preference": {
                    "search by image": 1,
                    "Seafood Restaurant": 2,
                    "recognize black pepper crabs by image": 2,
                    "ask for tips or suggestions or things to take note": 3
                },
                "venueNeigh": "Bedok",
                "venueScore": "average",
                "venueDomain": "food",
                "Credit Cards": "No",
                "Reservations": "Yes"
            }
        ],
        "cnv_cnt": 20,
        "user_setting": "<b>**Use at least three turns of Question&Answers to find one venue!**</b>   You are looking for a <b>Water Park</b> for your <b>kids</b> and plan to eat at a <b>Seafood Restaurant</b>.",
        "user_location": "unknown"
    }
}