{
    "id": "3238",
    "dialogue": [
        {
            "turn idx": 0,
            "agent": {
                "transcript": "",
                "img_gts": [],
                "dialog_act": {}
            },
            "user": {
                "transcript": "hello, i am a shopping lover at orchard road, currently, i am comparing shopping malls for christmas shopping. could you give me information about the shopping malls?",
                "img_gts": [],
                "turn_label": {
                    "venueneigh: orchard road": "inform",
                    "open span: christmas": "inform",
                    "open span: mall": "inform",
                    "placeholder": "greet"
                }
            },
            "bstate": {
                "venueneigh: orchard road": "inform",
                "open span: christmas": "inform",
                "open span: mall": "inform"
            }
        },
        {
            "turn idx": 1,
            "agent": {
                "transcript": "hello, sure no problem. may i know how many shopping malls are you comparing?",
                "img_gts": [],
                "dialog_act": {
                    "open span: mall": "request"
                }
            },
            "user": {
                "transcript": "i would like to compare 3 shopping malls.",
                "img_gts": [],
                "turn_label": {
                    "open span: mall": "inform"
                }
            },
            "bstate": {
                "venueneigh: orchard road": "inform",
                "open span: christmas": "inform",
                "open span: mall": "inform"
            }
        },
        {
            "turn idx": 2,
            "agent": {
                "transcript": "do you have any shopping mall in mind?",
                "img_gts": [],
                "dialog_act": {
                    "open span: mall": "request"
                }
            },
            "user": {
                "transcript": "well i know what i want to find out but need you to help me identify the shopping malls.",
                "img_gts": [],
                "turn_label": {}
            },
            "bstate": {
                "venueneigh: orchard road": "inform",
                "open span: christmas": "inform",
                "open span: mall": "inform"
            }
        },
        {
            "turn idx": 3,
            "agent": {
                "transcript": "alright sure, what do you want to know about the first shopping mall?",
                "img_gts": [],
                "dialog_act": {}
            },
            "user": {
                "transcript": "for the first shopping mall, i want to have durian cakes in the bakeries.",
                "img_gts": [],
                "turn_label": {
                    "open span: bakery": "inform",
                    "open span: durian cake": "inform"
                }
            },
            "bstate": {
                "venueneigh: orchard road": "inform",
                "open span: christmas": "inform",
                "open span: mall": "inform",
                "open span: bakery": "inform",
                "open span: durian cake": "inform"
            }
        },
        {
            "turn idx": 4,
            "agent": {
                "transcript": "ok, i have attached pictures of the shopping mall. do you like this shopping mall?",
                "img_gts": [
                    "building",
                    "building"
                ],
                "dialog_act": {
                    "open span: mall": "inform",
                    "open span: image": "inform",
                    "img_gts: building, building": "inform"
                }
            },
            "user": {
                "transcript": "yes, i like this. what is the name of the shopping mall?",
                "img_gts": [],
                "turn_label": {
                    "venuename": "request"
                }
            },
            "bstate": {
                "venueneigh: orchard road": "inform",
                "open span: christmas": "inform",
                "open span: mall": "inform",
                "open span: bakery": "inform",
                "open span: durian cake": "inform",
                "open span: image": "inform",
                "img_gts: building, building": "inform",
                "venuename": "request"
            }
        },
        {
            "turn idx": 5,
            "agent": {
                "transcript": "this is the wheelock place.",
                "img_gts": [],
                "dialog_act": {
                    "venuename: wheelock place": "recommend"
                }
            },
            "user": {
                "transcript": "alright, could you give me some tips or suggestions of the wheelock place?",
                "img_gts": [],
                "turn_label": {
                    "venuename": "request",
                    "open span: recommendation": "request",
                    "venuename: wheelock place": "confirm",
                    "open span: tip or suggestion": "request"
                }
            },
            "bstate": {
                "venueneigh: orchard road": "inform",
                "open span: christmas": "inform",
                "open span: mall": "inform",
                "open span: bakery": "inform",
                "open span: durian cake": "inform",
                "open span: image": "inform",
                "img_gts: building, building": "inform",
                "open span: recommendation": "request",
                "venuename: wheelock place": "confirm",
                "open span: tip or suggestion": "request"
            }
        },
        {
            "turn idx": 6,
            "agent": {
                "transcript": "one suggestion is that go on to big o at level 2 and get a spike d.they have the most awesome durian filling plus sponge cake coated with chocolate which is suited for you since you wanted durian cake.",
                "img_gts": [],
                "dialog_act": {
                    "open span: durian cake": "inform"
                }
            },
            "user": {
                "transcript": "ok sweet! now, for the second mall, i would want to go to an island cafe. could you help me find the second mall?",
                "img_gts": [],
                "turn_label": {
                    "open span: island coffee": "inform"
                }
            },
            "bstate": {
                "venueneigh: orchard road": "inform",
                "open span: christmas": "inform",
                "open span: mall": "inform",
                "open span: bakery": "inform",
                "open span: durian cake": "inform",
                "open span: image": "inform",
                "img_gts: building, building": "inform",
                "venuename: wheelock place": "confirm",
                "open span: island coffee": "inform"
            }
        },
        {
            "turn idx": 7,
            "agent": {
                "transcript": "ok sure, no problem. is your second mall in orchard road too?",
                "img_gts": [],
                "dialog_act": {
                    "venueneigh: orchard road": "inform"
                }
            },
            "user": {
                "transcript": "yes, should be in orchard road too.",
                "img_gts": [],
                "turn_label": {
                    "venueneigh: orchard road": "inform"
                }
            },
            "bstate": {
                "open span: christmas": "inform",
                "open span: mall": "inform",
                "open span: bakery": "inform",
                "open span: durian cake": "inform",
                "open span: image": "inform",
                "img_gts: building, building": "inform",
                "venuename: wheelock place": "confirm",
                "open span: island coffee": "inform",
                "venueneigh: orchard road": "inform"
            }
        },
        {
            "turn idx": 8,
            "agent": {
                "transcript": "what other requirements do you have for the second mall?",
                "img_gts": [],
                "dialog_act": {
                    "open span: preference": "request"
                }
            },
            "user": {
                "transcript": "i would want to go try some ice cream and also buy cosmestics product.",
                "img_gts": [],
                "turn_label": {
                    "open span: cosmetic": "inform",
                    "open span: ice cream": "inform"
                }
            },
            "bstate": {
                "open span: christmas": "inform",
                "open span: mall": "inform",
                "open span: bakery": "inform",
                "open span: durian cake": "inform",
                "open span: image": "inform",
                "img_gts: building, building": "inform",
                "venuename: wheelock place": "confirm",
                "open span: island coffee": "inform",
                "venueneigh: orchard road": "inform",
                "open span: preference": "request",
                "open span: cosmetic": "inform",
                "open span: ice cream": "inform"
            }
        },
        {
            "turn idx": 9,
            "agent": {
                "transcript": "in that case, i find tangs since it fits all your requirements.",
                "img_gts": [],
                "dialog_act": {
                    "venuename: tangs": "recommend"
                }
            },
            "user": {
                "transcript": "that's great! could you also give me discounts information about tangs?",
                "img_gts": [],
                "turn_label": {
                    "venuename: tangs": "confirm"
                }
            },
            "bstate": {
                "open span: christmas": "inform",
                "open span: mall": "inform",
                "open span: bakery": "inform",
                "open span: durian cake": "inform",
                "open span: image": "inform",
                "img_gts: building, building": "inform",
                "open span: island coffee": "inform",
                "venueneigh: orchard road": "inform",
                "open span: cosmetic": "inform",
                "open span: ice cream": "inform",
                "venuename: tangs": "confirm"
            }
        },
        {
            "turn idx": 10,
            "agent": {
                "transcript": "for discount, all you need to do is to apply for tangs membership. it is complimentary and you can get 6% rebate on every $10 nett spent excluding gst at tangs at tang plaza, tangs vivocity and tangs.com.",
                "img_gts": [],
                "dialog_act": {
                    "venuename: tangs": "recommend",
                    "open span: discount": "inform"
                }
            },
            "user": {
                "transcript": "that's great! as for the third shopping mall, i would like to go to luxury brand stores such as fendi and louis vuitton.  could you help me find the third mall?",
                "img_gts": [],
                "turn_label": {
                    "open span: louis vuitton": "inform",
                    "open span: fendi": "inform",
                    "venuename: tangs": "confirm"
                }
            },
            "bstate": {
                "open span: christmas": "inform",
                "open span: mall": "inform",
                "open span: bakery": "inform",
                "open span: durian cake": "inform",
                "open span: image": "inform",
                "img_gts: building, building": "inform",
                "open span: island coffee": "inform",
                "venueneigh: orchard road": "inform",
                "open span: cosmetic": "inform",
                "open span: ice cream": "inform",
                "open span: discount": "inform",
                "open span: louis vuitton": "inform",
                "open span: fendi": "inform",
                "venuename: tangs": "confirm"
            }
        },
        {
            "turn idx": 11,
            "agent": {
                "transcript": "no problem. the third shopping mall is in orchard road too right?",
                "img_gts": [],
                "dialog_act": {
                    "venueneigh: orchard road": "inform"
                }
            },
            "user": {
                "transcript": "yup.",
                "img_gts": [],
                "turn_label": {}
            },
            "bstate": {
                "open span: christmas": "inform",
                "open span: mall": "inform",
                "open span: bakery": "inform",
                "open span: durian cake": "inform",
                "open span: image": "inform",
                "img_gts: building, building": "inform",
                "open span: island coffee": "inform",
                "open span: cosmetic": "inform",
                "open span: ice cream": "inform",
                "open span: discount": "inform",
                "open span: louis vuitton": "inform",
                "open span: fendi": "inform",
                "venuename: tangs": "confirm",
                "venueneigh: orchard road": "inform"
            }
        },
        {
            "turn idx": 12,
            "agent": {
                "transcript": "i have two recommendations, i will attached pictures of the malls and you can choose your preference.",
                "img_gts": [],
                "dialog_act": {
                    "open span: image": "inform"
                }
            },
            "user": {
                "transcript": "alright.",
                "img_gts": [],
                "turn_label": {}
            },
            "bstate": {
                "open span: christmas": "inform",
                "open span: mall": "inform",
                "open span: bakery": "inform",
                "open span: durian cake": "inform",
                "open span: image": "inform",
                "img_gts: building, building": "inform",
                "open span: island coffee": "inform",
                "open span: cosmetic": "inform",
                "open span: ice cream": "inform",
                "open span: discount": "inform",
                "open span: louis vuitton": "inform",
                "open span: fendi": "inform",
                "venuename: tangs": "confirm",
                "venueneigh: orchard road": "inform"
            }
        },
        {
            "turn idx": 13,
            "agent": {
                "transcript": "this is the pictures of the  first possible shopping mall - ion orchard.",
                "img_gts": [
                    "name board",
                    "building",
                    "building"
                ],
                "dialog_act": {
                    "venuename: ion orchard": "recommend",
                    "open span: image": "inform",
                    "img_gts: name board, building, building": "inform"
                }
            },
            "user": {
                "transcript": "hmm, i dont really like this. could you show me the second one?",
                "img_gts": [],
                "turn_label": {
                    "open span: image": "request"
                }
            },
            "bstate": {
                "open span: christmas": "inform",
                "open span: mall": "inform",
                "open span: bakery": "inform",
                "open span: durian cake": "inform",
                "open span: island coffee": "inform",
                "open span: cosmetic": "inform",
                "open span: ice cream": "inform",
                "open span: discount": "inform",
                "open span: louis vuitton": "inform",
                "open span: fendi": "inform",
                "venueneigh: orchard road": "inform",
                "venuename: ion orchard": "recommend",
                "img_gts: name board, building, building": "inform"
            }
        },
        {
            "turn idx": 14,
            "agent": {
                "transcript": "well the second one is ngee ann city. i have attached the photos.",
                "img_gts": [
                    "building",
                    "building front",
                    "building"
                ],
                "dialog_act": {
                    "venuename: ngee ann city": "recommend",
                    "open span: image": "inform",
                    "img_gts: building, building front, building": "inform"
                }
            },
            "user": {
                "transcript": "yes, i want this mall. could you give me some tips or suggestions of ngee ann city?",
                "img_gts": [],
                "turn_label": {
                    "open span: yes": "inform",
                    "venuename: ngee ann city": "confirm",
                    "open span: tip or suggestion": "request"
                }
            },
            "bstate": {
                "open span: christmas": "inform",
                "open span: mall": "inform",
                "open span: bakery": "inform",
                "open span: durian cake": "inform",
                "open span: island coffee": "inform",
                "open span: cosmetic": "inform",
                "open span: ice cream": "inform",
                "open span: discount": "inform",
                "open span: louis vuitton": "inform",
                "open span: fendi": "inform",
                "venueneigh: orchard road": "inform",
                "open span: image": "inform",
                "img_gts: building, building front, building": "inform",
                "open span: yes": "inform",
                "venuename: ngee ann city": "confirm",
                "open span: tip or suggestion": "request"
            }
        },
        {
            "turn idx": 15,
            "agent": {
                "transcript": "one suggestion is that everything is upmarket here, hence, please don't be a cheapo if you want to bargain. is there anything else i can help you with?",
                "img_gts": [],
                "dialog_act": {
                    "open span: anything else": "request"
                }
            },
            "user": {
                "transcript": "nope, thank you for the suggestions. the information given to me is really useful. bye.",
                "img_gts": [],
                "turn_label": {
                    "placeholder": "bye"
                }
            },
            "bstate": {
                "open span: christmas": "inform",
                "open span: mall": "inform",
                "open span: bakery": "inform",
                "open span: durian cake": "inform",
                "open span: island coffee": "inform",
                "open span: cosmetic": "inform",
                "open span: ice cream": "inform",
                "open span: discount": "inform",
                "open span: louis vuitton": "inform",
                "open span: fendi": "inform",
                "venueneigh: orchard road": "inform",
                "open span: image": "inform",
                "img_gts: building, building front, building": "inform",
                "open span: yes": "inform",
                "venuename: ngee ann city": "confirm",
                "open span: anything else": "request"
            }
        },
        {
            "turn idx": 16,
            "agent": {
                "transcript": "no problem. bye.",
                "img_gts": [],
                "dialog_act": {
                    "placeholder": "bye"
                }
            },
            "user": {
                "transcript": "",
                "img_gts": [],
                "turn_label": {}
            },
            "bstate": {
                "open span: christmas": "inform",
                "open span: mall": "inform",
                "open span: bakery": "inform",
                "open span: durian cake": "inform",
                "open span: island coffee": "inform",
                "open span: cosmetic": "inform",
                "open span: ice cream": "inform",
                "open span: discount": "inform",
                "open span: louis vuitton": "inform",
                "open span: fendi": "inform",
                "venueneigh: orchard road": "inform",
                "open span: image": "inform",
                "img_gts: building, building front, building": "inform",
                "open span: yes": "inform",
                "venuename: ngee ann city": "confirm"
            }
        }
    ],
    "user rating": 5,
    "user setting": "<b>**use at least three turns of question&answers to find one venue!**</b> you are a <b>shopping lover</b> at <b>orchard road</b>, comparing <b>shopping malls</b> for <b>christmas</b> shopping.",
    "goal": {
        "id": 1485,
        "type": "multiple",
        "modality": "multiple",
        "content": [
            {
                "imgs": [
                    "bcd3a6f469534450336b87d56fee1fbd",
                    "82fd533efb6d93a574c418ea6bafd279"
                ],
                "terms": [
                    "durian cakes",
                    "park",
                    "spencer",
                    "coffee",
                    "lunch",
                    "dinner",
                    "bakeries",
                    "chocolate",
                    "sponge cakes",
                    "parking",
                    "Christmas",
                    "staff",
                    "books",
                    "scenic views",
                    "pancakes",
                    "border"
                ],
                "venueCat": [
                    "Shopping Mall",
                    "Building"
                ],
                "venueName": "Wheelock Place",
                "preference": {
                    "bakeries": 1,
                    "durian cakes": 2,
                    "agent show image to user": 2,
                    "venueNeigh: Orchard Road": 2,
                    "ask for tips or suggestions or things to take note": 3
                },
                "venueNeigh": "Orchard Road",
                "venueScore": "fair",
                "venueDomain": "mall",
                "Credit Cards": "Yes"
            },
            {
                "imgs": [],
                "Wi-Fi": "Yes",
                "terms": [
                    "lunch",
                    "coffee",
                    "Plaza",
                    "shoes",
                    "food courts",
                    "basement",
                    "island cafe",
                    "California rolls",
                    "accessories",
                    "gifts",
                    "discounts",
                    "tangs",
                    "cosmetics",
                    "appliances",
                    "laksa",
                    "spa",
                    "dresses",
                    "store in singapore",
                    "Christmas",
                    "ice cream"
                ],
                "venueCat": [
                    "Department Store"
                ],
                "venueName": "Tangs",
                "preference": {
                    "cosmetics": 2,
                    "ice cream": 1,
                    "island cafe": 2,
                    "ask for discounts information": 3
                },
                "venueNeigh": "Orchard Road",
                "venueScore": "average",
                "venueDomain": "sightseeing",
                "Credit Cards": "Yes"
            },
            {
                "imgs": [
                    "efeefecce89af5e4ccc93afbaee573dd",
                    "c3208940c162e3fee034f4e448be02e4"
                ],
                "terms": [
                    "arts",
                    "knowledgeable staff",
                    "dancing",
                    "performances",
                    "crowded",
                    "department stores",
                    "dinner",
                    "Laduree",
                    "lunch",
                    "watson",
                    "books",
                    "malls",
                    "toys",
                    "cake",
                    "pharmacists",
                    "restrooms",
                    "Christmas",
                    "friendly staff"
                ],
                "stores": [
                    "Best Denki",
                    "Big Mama",
                    "DBS Treasures Centre",
                    "JTB",
                    "Mister Minit",
                    "Money Changer",
                    "Standard Chartered Bank",
                    "d'Good Caf\u00e9",
                    "Grand jet\u00e9 cafe & bar",
                    "Heavenly Wang",
                    "MOS Caf\u00e9",
                    "Patties & Wiches",
                    "Paul",
                    "Tampopo Ramen",
                    "LEGO\u00ae Certified Store (Bricks World)",
                    "AIX Armani Exchange",
                    "Berluti",
                    "Betty Barclay",
                    "BOGGI MILANO",
                    "Boss",
                    "BritishIndia",
                    "Celine",
                    "Chanel",
                    "Charles & Keith",
                    "Club Monaco",
                    "Converse",
                    "Dior",
                    "Fendi",
                    "Fila",
                    "FRAY I.D",
                    "G2000",
                    "GG<5",
                    "GUESS",
                    "iROO",
                    "Jack Wills",
                    "Kiton",
                    "Lancaster",
                    "La Perla",
                    "Louis Vuitton",
                    "Lululemon",
                    "Marie France Van Damme",
                    "Massimo Dutti",
                    "Onitsuka Tiger",
                    "Osewaya",
                    "Pedro",
                    "Rebecca Minkoff",
                    "RED VALENTINO",
                    "Rue Madame",
                    "Scotch & Soda",
                    "Shanghai Tang",
                    "Skechers",
                    "Skeda",
                    "snidel",
                    "SocietyA",
                    "Tailored Fashions",
                    "Seiko",
                    "Solvil et Titus",
                    "Vilebrequin",
                    "Zara",
                    "Aloha Pok\u00e9",
                    "The Dark Gallery",
                    "KOI The Express",
                    "Nayuki \u5948\u96ea\u306e\u8336",
                    "Project A\u00e7a\u00ed",
                    "7-Eleven",
                    "Action City",
                    "Books Kinokuniya",
                    "Montblanc",
                    "Sunnyhills",
                    "Beauty Spa Miss Paris & Dandy House",
                    "Cheryl W Wellness & Weight Management",
                    "Chez Vous . Chez Image",
                    "Honeypot Wax Boutique",
                    "kimrobinson",
                    "London Weight Management",
                    "New York Skin Solutions",
                    "Oriental Hair Solution",
                    "PHS HAIR SCIENCE",
                    "Pixie Nail Spa",
                    "Pro Trim (III) Hair Studio",
                    "REDS Hairdressing",
                    "Shunji Matsuo Hair Studio",
                    "The Cove by Nailz Gallery",
                    "A\u0113sop",
                    "Aveda",
                    "Bath & Body Works",
                    "Diptyque",
                    "Guardian Plus",
                    "HABA",
                    "Innisfree",
                    "Jo Malone",
                    "Jurlique",
                    "Kiehl's Since 1851",
                    "Laura Mercier Paris | New York",
                    "Les Merveilleuses LADUR\u00c9E",
                    "Mamonde",
                    "M.A.C",
                    "NARS",
                    "Nature's Farm",
                    "Neal\u2019s Yard Remedies",
                    "ORBIS",
                    "Sabon",
                    "Sch\u00f6nemama",
                    "Sephora",
                    "SJ Clinic & Surgery",
                    "Urban Decay",
                    "Watsons",
                    "Yves Rocher",
                    "Zell-V Platinum",
                    "Cartier",
                    "Chanel Watch and Fine Jewellery Boutique",
                    "Chopard Boutique",
                    "CLUSE",
                    "Damiani",
                    "Flower Diamond",
                    "FREYWILLE",
                    "Georg Jensen",
                    "Ole Lynggaard Copenhagen",
                    "Piaget",
                    "Sincere Fine Watches",
                    "The Hour Glass",
                    "sincerewatch.com",
                    "Tudor",
                    "Van Cleef & Arpels",
                    "Goyard",
                    "Jalan Sriwijaya",
                    "Loewe",
                    "Moynat",
                    "On Pedder",
                    "Pedder Red",
                    "Pretty Ballerinas",
                    "Steve Madden",
                    "Stuart Weitzman",
                    "Tumi",
                    "ABC Cooking Studio",
                    "Bynd Artisan",
                    "999.9",
                    "Alexis Eyewear",
                    "Spectacle Hut",
                    "Angus House",
                    "Bali Thai",
                    "Coca",
                    "Crystal Jade Kitchen",
                    "Crystal Jade La Mian Xiao Long Bao",
                    "Crystal Jade Palace",
                    "East Ocean Teochew Restaurant",
                    "Genki Sushi",
                    "Ginza Kuroson",
                    "Imperial Treasure Nan Bei Restaurant",
                    "Imperial Treasure Fine Shanghai Cuisine",
                    "Ma Maison",
                    "Magosaburo",
                    "Mizuki Sushi & Tempura",
                    "Tampopo Grand Sushi & Shabu Shabu",
                    "The Sushi Bar Dining",
                    "Tonkichi"
                ],
                "venueCat": [
                    "Shopping Mall"
                ],
                "venueName": "Ngee Ann City",
                "preference": {
                    "Fendi": 2,
                    "Louis Vuitton": 2,
                    "agent show image to user": 1,
                    "ask for tips or suggestions or things to take note": 3
                },
                "venueNeigh": "Orchard Road",
                "venueScore": "average",
                "venueDomain": "mall",
                "Credit Cards": "Yes"
            }
        ],
        "cnv_cnt": 20,
        "user_setting": "<b>**Use at least three turns of Question&Answers to find one venue!**</b> You are a <b>shopping lover</b> at <b>Orchard Road</b>, comparing <b>shopping malls</b> for <b>Christmas</b> shopping.",
        "user_location": "Orchard Road"
    }
}