{
    "id": "3259",
    "dialogue": [
        {
            "turn idx": 0,
            "agent": {
                "transcript": "",
                "img_gts": [],
                "dialog_act": {}
            },
            "user": {
                "transcript": "hi, i would like to find a history museum to visit and then go somewhere to try a theme park ride. would you be able to help me find these places?",
                "img_gts": [],
                "turn_label": {
                    "open span: theme park ride": "inform",
                    "open span: history museum": "inform",
                    "open span: place": "request",
                    "placeholder": "greet"
                }
            },
            "bstate": {
                "open span: theme park ride": "inform",
                "open span: history museum": "inform",
                "open span: place": "request"
            }
        },
        {
            "turn idx": 1,
            "agent": {
                "transcript": "sure, what kinds of places are you looking for?",
                "img_gts": [],
                "dialog_act": {
                    "open span: type": "request"
                }
            },
            "user": {
                "transcript": "i am looking for a museum that is in the downtown core area and as for the ride, i am looking for a place that is like a ferris wheel like the london eye.",
                "img_gts": [],
                "turn_label": {
                    "venueneigh: downtown core": "inform",
                    "open span: museum": "inform",
                    "open span: ride": "inform",
                    "open span: london eye": "inform",
                    "open span: ferris wheel": "inform"
                }
            },
            "bstate": {
                "open span: theme park ride": "inform",
                "open span: history museum": "inform",
                "open span: type": "request",
                "venueneigh: downtown core": "inform",
                "open span: museum": "inform",
                "open span: ride": "inform",
                "open span: london eye": "inform",
                "open span: ferris wheel": "inform"
            }
        },
        {
            "turn idx": 2,
            "agent": {
                "transcript": "do you have any other preferences?",
                "img_gts": [],
                "dialog_act": {
                    "open span: preference": "request"
                }
            },
            "user": {
                "transcript": "it would be great if i can see some artefacts and antiques at the museum. i also have a picture of the theme park ride that is like this.",
                "img_gts": [
                    "ferris wheel"
                ],
                "turn_label": {
                    "open span: artefact": "inform",
                    "open span: image": "inform",
                    "open span: theme park ride": "inform",
                    "open span: museum": "inform",
                    "open span: antique": "inform",
                    "img_gts: ferris wheel": "inform"
                }
            },
            "bstate": {
                "open span: theme park ride": "inform",
                "open span: history museum": "inform",
                "venueneigh: downtown core": "inform",
                "open span: museum": "inform",
                "open span: ride": "inform",
                "open span: london eye": "inform",
                "open span: ferris wheel": "inform",
                "open span: preference": "request",
                "open span: artefact": "inform",
                "open span: image": "inform",
                "open span: antique": "inform",
                "img_gts: ferris wheel": "inform"
            }
        },
        {
            "turn idx": 3,
            "agent": {
                "transcript": "you can visit the asian civilisations museum and then head to the singapore flyer.",
                "img_gts": [],
                "dialog_act": {
                    "venuename: the singapore flyer": "recommend"
                }
            },
            "user": {
                "transcript": "can i get the address of the museum and some tips for the singapore flyer, please?",
                "img_gts": [],
                "turn_label": {
                    "venueaddress": "request",
                    "venuename": "request",
                    "open span: museum": "inform",
                    "venuename: the singapore flyer": "confirm",
                    "open span: tip or suggestion": "request"
                }
            },
            "bstate": {
                "open span: theme park ride": "inform",
                "open span: history museum": "inform",
                "venueneigh: downtown core": "inform",
                "open span: museum": "inform",
                "open span: ride": "inform",
                "open span: london eye": "inform",
                "open span: ferris wheel": "inform",
                "open span: artefact": "inform",
                "open span: image": "inform",
                "open span: antique": "inform",
                "img_gts: ferris wheel": "inform",
                "venueaddress": "request",
                "venuename: the singapore flyer": "confirm",
                "open span: tip or suggestion": "request"
            }
        },
        {
            "turn idx": 4,
            "agent": {
                "transcript": "the address of the museum is 1 empress pl. (fullerton road) 179555 singapore. for the singapore flyer, someone has said: the singapore flyer is the world's tallest ferrie. this landmark rises 165 meters into the air and has 28 cars attached to its outer edge. great view is included!",
                "img_gts": [],
                "dialog_act": {
                    "venuename": "recommend",
                    "venueaddress: 1 empress pl. (fullerton road) 179555 singapore": "inform",
                    "open span: great view": "inform"
                }
            },
            "user": {
                "transcript": "alright, sounds good, thank you!",
                "img_gts": [],
                "turn_label": {
                    "venuename": "confirm",
                    "placeholder": "bye"
                }
            },
            "bstate": {
                "open span: theme park ride": "inform",
                "open span: history museum": "inform",
                "venueneigh: downtown core": "inform",
                "open span: museum": "inform",
                "open span: ride": "inform",
                "open span: london eye": "inform",
                "open span: ferris wheel": "inform",
                "open span: artefact": "inform",
                "open span: image": "inform",
                "open span: antique": "inform",
                "img_gts: ferris wheel": "inform",
                "venueaddress: 1 empress pl. (fullerton road) 179555 singapore": "inform",
                "open span: great view": "inform"
            }
        }
    ],
    "user rating": 5,
    "user setting": "<b>**use at least three turns of question&answers to find one venue!**</b> you are at <b>downtown core</b>. plan to visit a <b>museum</b> and later try a <b>theme park ride</b> <b>nearby</b>.",
    "goal": {
        "id": 1501,
        "type": "multiple",
        "modality": "multiple",
        "content": [
            {
                "imgs": [
                    "c468a4bd60c07686e137110f8cad4ae1",
                    "d939901bf7b0e7f0442fbc7298dde0cc"
                ],
                "terms": [
                    "exhibits",
                    "arts",
                    "artifacts",
                    "admission",
                    "halloween",
                    "antiques",
                    "museums",
                    "movies",
                    "dinner",
                    "tours",
                    "terracotta warriors",
                    "free admission",
                    "astrology"
                ],
                "venueCat": [
                    "History Museum",
                    "Museum",
                    "Art Gallery"
                ],
                "venueName": "Asian Civilisations Museum",
                "preference": {
                    "antiques": 1,
                    "artifacts": 2,
                    "Downtown Core": 1,
                    "History Museum": 2,
                    "ask for address": 3
                },
                "venueNeigh": "Downtown Core",
                "venueScore": "good",
                "venueDomain": "sightseeing",
                "Credit Cards": "No"
            },
            {
                "imgs": [
                    "c3001b585ad7b97bc5f8c67b7cf18e80",
                    "7e318df11f0a93b6e0c148300a3b5f9d"
                ],
                "terms": [
                    "champagne",
                    "fireworks",
                    "trails",
                    "landmarks",
                    "london eye",
                    "dinner",
                    "marinas",
                    "comfortable",
                    "cocktails",
                    "beer",
                    "skyline",
                    "books",
                    "tours",
                    "ice cream",
                    "duck",
                    "butter crabs",
                    "tourism",
                    "scenic views",
                    "ferris wheel",
                    "cigars"
                ],
                "venueCat": [
                    "Theme Park Ride / Attraction",
                    "Monument / Landmark"
                ],
                "venueName": "The Singapore Flyer",
                "preference": {
                    "london eye": 1,
                    "ferris wheel": 1,
                    "Theme Park Ride": 2,
                    "recognize by image": 2,
                    "ask for tips or suggestions or things to take note": 3
                },
                "venueNeigh": "Downtown Core",
                "venueScore": "good",
                "venueDomain": "sightseeing",
                "Credit Cards": "Yes"
            }
        ],
        "cnv_cnt": 20,
        "user_setting": "<b>**Use at least three turns of Question&Answers to find one venue!**</b> You are at <b>Downtown Core</b>. Plan to visit a <b>museum</b> and later try a <b>Theme Park Ride</b> <b>nearby</b>.",
        "user_location": "Downtown Core"
    }
}