{
    "id": "3280",
    "dialogue": [
        {
            "turn idx": 0,
            "agent": {
                "transcript": "",
                "img_gts": [],
                "dialog_act": {}
            },
            "user": {
                "transcript": "hello, i am planning to stay in marine parade but i am stuck between choosing village hotel katong and grand mercure singapore roxy. can i ask you some questions for both hotels?",
                "img_gts": [],
                "turn_label": {
                    "venueneigh: marine parade": "inform",
                    "venuename: grand mercure singapore roxy": "",
                    "venueaddress: 50 east coast road, roxy square (opp parkway parade shopping centre) 428769 singapore": "inform",
                    "placeholder": "greet"
                }
            },
            "bstate": {
                "venueneigh: marine parade": "inform",
                "venuename: grand mercure singapore roxy": "",
                "venueaddress: 50 east coast road, roxy square (opp parkway parade shopping centre) 428769 singapore": "inform"
            }
        },
        {
            "turn idx": 1,
            "agent": {
                "transcript": "hello! yes, do feel free to ask me questions regarding both hotels. i will do my best to answer your enquiries.",
                "img_gts": [],
                "dialog_act": {}
            },
            "user": {
                "transcript": "let's start with village hotel katong.",
                "img_gts": [],
                "turn_label": {
                    "venuename: village hotel katong": "inform"
                }
            },
            "bstate": {
                "venueneigh: marine parade": "inform",
                "venueaddress: 50 east coast road, roxy square (opp parkway parade shopping centre) 428769 singapore": "inform",
                "venuename: village hotel katong": "inform"
            }
        },
        {
            "turn idx": 2,
            "agent": {
                "transcript": "okay sure. what would you like to ask?",
                "img_gts": [],
                "dialog_act": {}
            },
            "user": {
                "transcript": "i would like to know more about the location and how it looks like.",
                "img_gts": [],
                "turn_label": {
                    "open span: location": "inform"
                }
            },
            "bstate": {
                "venueneigh: marine parade": "inform",
                "venueaddress: 50 east coast road, roxy square (opp parkway parade shopping centre) 428769 singapore": "inform",
                "venuename: village hotel katong": "inform",
                "open span: location": "inform"
            }
        },
        {
            "turn idx": 3,
            "agent": {
                "transcript": "the address is 25 marine parade rd, 449536 singapore and the hotel is located behind a shopping mall called 112 katong. it is rather convenient to find food as this hotel is near to many eateries. i had attached some images of that place for your reference.",
                "img_gts": [
                    "building",
                    "swimming pool",
                    "hotel bedroom/hotel room"
                ],
                "dialog_act": {
                    "venueneigh: marine parade": "inform",
                    "venueaddress: 25 marine parade rd. 449536 singapore": "inform",
                    "open span: image": "inform",
                    "img_gts: building, swimming pool, hotel bedroom/hotel room": "inform"
                }
            },
            "user": {
                "transcript": "cool, may i ask what eateries are nearby?",
                "img_gts": [],
                "turn_label": {
                    "open span: place to eat": "request"
                }
            },
            "bstate": {
                "venuename: village hotel katong": "inform",
                "open span: location": "inform",
                "venueneigh: marine parade": "inform",
                "venueaddress: 25 marine parade rd. 449536 singapore": "inform",
                "open span: image": "inform",
                "img_gts: building, swimming pool, hotel bedroom/hotel room": "inform",
                "open span: place to eat": "request"
            }
        },
        {
            "turn idx": 4,
            "agent": {
                "transcript": "right across the street, there is a famous 328 laksa restaurant. there are also group therapy cafe and modesto restaurant nearby.",
                "img_gts": [],
                "dialog_act": {}
            },
            "user": {
                "transcript": "thanks for the information. is there any bargain prices?",
                "img_gts": [],
                "turn_label": {
                    "price": "request"
                }
            },
            "bstate": {
                "venuename: village hotel katong": "inform",
                "open span: location": "inform",
                "venueneigh: marine parade": "inform",
                "venueaddress: 25 marine parade rd. 449536 singapore": "inform",
                "open span: image": "inform",
                "img_gts: building, swimming pool, hotel bedroom/hotel room": "inform",
                "price": "request"
            }
        },
        {
            "turn idx": 5,
            "agent": {
                "transcript": "you can save some money by not including breakfast in your stay. you can also ask for a parking coupon from front desk if you drive.",
                "img_gts": [],
                "dialog_act": {
                    "menus: breakfast": "inform"
                }
            },
            "user": {
                "transcript": "nice, okay i got it! okay, i think i have nothing to ask about village hotel katong so i shall move on to grand mercure singapore roxy. i had heard about the pool bar there, can you tell me more?",
                "img_gts": [],
                "turn_label": {
                    "venuename: grand mercure singapore roxy": "greet | inform | request | negate | confirm | bye | others",
                    "venueaddress: 50 east coast road, roxy square (opp parkway parade shopping centre) 428769 singapore": "inform",
                    "open span: pool bar": "inform"
                }
            },
            "bstate": {
                "open span: location": "inform",
                "venueneigh: marine parade": "inform",
                "open span: image": "inform",
                "img_gts: building, swimming pool, hotel bedroom/hotel room": "inform",
                "price": "request",
                "menus: breakfast": "inform",
                "venuename: grand mercure singapore roxy": "greet | inform | request | negate | confirm | bye | others",
                "venueaddress: 50 east coast road, roxy square (opp parkway parade shopping centre) 428769 singapore": "inform",
                "open span: pool bar": "inform"
            }
        },
        {
            "turn idx": 6,
            "agent": {
                "transcript": "the pool bar is called breez bistro bar and it is located on level 4. it has a nice view of the refreshing swimming pool and guests may enjoy the food and beverage selections both indoor \u2013 in the comfortable restaurant, lounge and bar \u2013 or outdoor by the pool. food is prepared in the halal-certified kitchen.",
                "img_gts": [],
                "dialog_act": {
                    "open span: bar": "inform",
                    "open span: lounge": "inform"
                }
            },
            "user": {
                "transcript": "okay thanks! how's the buffet there?",
                "img_gts": [],
                "turn_label": {
                    "open span: buffet": "inform"
                }
            },
            "bstate": {
                "open span: location": "inform",
                "venueneigh: marine parade": "inform",
                "open span: image": "inform",
                "img_gts: building, swimming pool, hotel bedroom/hotel room": "inform",
                "price": "request",
                "menus: breakfast": "inform",
                "venuename: grand mercure singapore roxy": "greet | inform | request | negate | confirm | bye | others",
                "venueaddress: 50 east coast road, roxy square (opp parkway parade shopping centre) 428769 singapore": "inform",
                "open span: pool bar": "inform",
                "open span: bar": "inform",
                "open span: lounge": "inform",
                "open span: buffet": "inform"
            }
        },
        {
            "turn idx": 7,
            "agent": {
                "transcript": "the  buffet there is very good and have variety.",
                "img_gts": [
                    "food",
                    "food stall"
                ],
                "dialog_act": {
                    "open span: variety": "inform",
                    "open span: buffet": "inform",
                    "open span: image": "inform",
                    "img_gts: food, food stall": "inform"
                }
            },
            "user": {
                "transcript": "how's about the desserts?",
                "img_gts": [],
                "turn_label": {
                    "menus:dessert": "request"
                }
            },
            "bstate": {
                "open span: location": "inform",
                "venueneigh: marine parade": "inform",
                "open span: image": "inform",
                "price": "request",
                "menus: breakfast": "inform",
                "venuename: grand mercure singapore roxy": "greet | inform | request | negate | confirm | bye | others",
                "venueaddress: 50 east coast road, roxy square (opp parkway parade shopping centre) 428769 singapore": "inform",
                "open span: pool bar": "inform",
                "open span: bar": "inform",
                "open span: lounge": "inform",
                "open span: buffet": "inform",
                "open span: variety": "inform",
                "img_gts: food, food stall": "inform",
                "menus: dessert": "request"
            }
        },
        {
            "turn idx": 8,
            "agent": {
                "transcript": "they have very nice moon cake that comes in 8 different favours like durian, coffee, chocolate etc. all of them are very unique and cute in mini size.",
                "img_gts": [],
                "dialog_act": {}
            },
            "user": {
                "transcript": "thanks for the information. that's all i need. bye.",
                "img_gts": [],
                "turn_label": {
                    "placeholder": "bye"
                }
            },
            "bstate": {
                "open span: location": "inform",
                "venueneigh: marine parade": "inform",
                "open span: image": "inform",
                "price": "request",
                "menus: breakfast": "inform",
                "venuename: grand mercure singapore roxy": "greet | inform | request | negate | confirm | bye | others",
                "venueaddress: 50 east coast road, roxy square (opp parkway parade shopping centre) 428769 singapore": "inform",
                "open span: pool bar": "inform",
                "open span: bar": "inform",
                "open span: lounge": "inform",
                "open span: buffet": "inform",
                "open span: variety": "inform",
                "img_gts: food, food stall": "inform",
                "menus: dessert": "request"
            }
        }
    ],
    "user rating": 5,
    "user setting": "<b>**use at least three turns of question&answers to find one venue!**</b>   you plan to stay in <b>marine parade</b>. currently you are comparing two hotels <b>village hotel katong</b> and <b>grand mercure singapore roxy</b> there.",
    "goal": {
        "id": 1542,
        "type": "multiple",
        "modality": "multiple",
        "content": [
            {
                "imgs": [],
                "terms": [
                    "eateries",
                    "bargain prices",
                    "hotel",
                    "comfortable",
                    "caf\u00e9",
                    "bus stops",
                    "parades"
                ],
                "venueCat": [
                    "Hotel"
                ],
                "venueName": "Village Hotel Katong",
                "preference": {
                    "show image": 3,
                    "information about eateries": 3,
                    "whether have bargain prices": 3,
                    "ask information about location": 3
                },
                "venueNeigh": "Marine Parade",
                "venueScore": "average",
                "venueDomain": "hotel",
                "Credit Cards": "Yes"
            },
            {
                "imgs": [],
                "Wi-Fi": "Free",
                "terms": [
                    "lunch",
                    "coffee",
                    "free Wifi",
                    "desserts",
                    "tea",
                    "swimming pool",
                    "hotel",
                    "airports",
                    "friendly staff",
                    "buffet",
                    "breakfast food",
                    "pool bar",
                    "dinner",
                    "malls",
                    "durian paste",
                    "mango pudding",
                    "cake",
                    "laksa",
                    "parades",
                    "bus"
                ],
                "venueCat": [
                    "Hotel"
                ],
                "venueName": "Grand Mercure Singapore Roxy",
                "preference": {
                    "show image": 1,
                    "information about buffet": 2,
                    "information about desserts": 2,
                    "information about pool bar": 3
                },
                "venueNeigh": "Marine Parade",
                "venueScore": "average",
                "venueDomain": "hotel",
                "Credit Cards": "Yes"
            }
        ],
        "cnv_cnt": 20,
        "user_setting": "<b>**Use at least three turns of Question&Answers to find one venue!**</b>   You plan to stay in <b>Marine Parade</b>. Currently you are comparing two hotels <b>Village Hotel Katong</b> and <b>Grand Mercure Singapore Roxy</b> there.",
        "user_location": "unknown"
    }
}