{
    "id": "3367",
    "dialogue": [
        {
            "turn idx": 0,
            "agent": {
                "transcript": "",
                "img_gts": [],
                "dialog_act": {}
            },
            "user": {
                "transcript": "hi, i am looking for a restaurant that has asian food and is good for a quick meal.",
                "img_gts": [],
                "turn_label": {
                    "open span: asian food": "inform",
                    "open span: good for a quick meal": "inform",
                    "open span: place to eat": "request",
                    "placeholder": "greet"
                }
            },
            "bstate": {
                "open span: asian food": "inform",
                "open span: good for a quick meal": "inform",
                "open span: place to eat": "request"
            }
        },
        {
            "turn idx": 1,
            "agent": {
                "transcript": "okay, is there anything else you would like?",
                "img_gts": [],
                "dialog_act": {
                    "open span: anything else": "request"
                }
            },
            "user": {
                "transcript": "it would be great if they have vegetarian food like in the picture and a moderate price.",
                "img_gts": [
                    "vegetable"
                ],
                "turn_label": {
                    "price: moderate": "inform",
                    "open span: image": "inform",
                    "open span: vegetarian food": "inform",
                    "img_gts: vegetable": "inform"
                }
            },
            "bstate": {
                "open span: asian food": "inform",
                "open span: good for a quick meal": "inform",
                "open span: anything else": "request",
                "price: moderate": "inform",
                "open span: image": "inform",
                "open span: vegetarian food": "inform",
                "img_gts: vegetable": "inform"
            }
        },
        {
            "turn idx": 2,
            "agent": {
                "transcript": "that is a kangkong dish and you can find this at whole earth!",
                "img_gts": [],
                "dialog_act": {
                    "venuename: whole earth": "recommend",
                    "open span: kangkong": "inform"
                }
            },
            "user": {
                "transcript": "could i get the address of this place?",
                "img_gts": [],
                "turn_label": {
                    "venueaddress": "request"
                }
            },
            "bstate": {
                "open span: asian food": "inform",
                "open span: good for a quick meal": "inform",
                "price: moderate": "inform",
                "open span: image": "inform",
                "open span: vegetarian food": "inform",
                "img_gts: vegetable": "inform",
                "venuename: whole earth": "recommend",
                "open span: kangkong": "inform",
                "venueaddress": "request"
            }
        },
        {
            "turn idx": 3,
            "agent": {
                "transcript": "sure, it is 76 peck seah street 079331 singapore, in the financial district.",
                "img_gts": [],
                "dialog_act": {
                    "parking: street": "inform",
                    "venueaddress: 76 peck seah street 079331 singapore": "inform",
                    "venueneigh: financial district": "inform"
                }
            },
            "user": {
                "transcript": "sorry, is it okay if we find another place? i would prefer one that is in bukit timah.",
                "img_gts": [],
                "turn_label": {
                    "venueneigh: bukit timah": "inform",
                    "venuename: whole earth": "negate",
                    "open span: recommendation": "request"
                }
            },
            "bstate": {
                "open span: asian food": "inform",
                "open span: good for a quick meal": "inform",
                "price: moderate": "inform",
                "open span: image": "inform",
                "open span: vegetarian food": "inform",
                "img_gts: vegetable": "inform",
                "open span: kangkong": "inform",
                "parking: street": "inform",
                "venueaddress: 76 peck seah street 079331 singapore": "inform",
                "venueneigh: bukit timah": "inform",
                "open span: recommendation": "request"
            }
        },
        {
            "turn idx": 4,
            "agent": {
                "transcript": "sure, what kind of place are you looking for?",
                "img_gts": [],
                "dialog_act": {
                    "open span: type": "request"
                }
            },
            "user": {
                "transcript": "i am looking for a place that also has vegetarian food and good service.",
                "img_gts": [],
                "turn_label": {
                    "open span: vegetarian food": "inform",
                    "open span: good service": "inform"
                }
            },
            "bstate": {
                "open span: asian food": "inform",
                "open span: good for a quick meal": "inform",
                "price: moderate": "inform",
                "open span: image": "inform",
                "open span: vegetarian food": "inform",
                "img_gts: vegetable": "inform",
                "open span: kangkong": "inform",
                "parking: street": "inform",
                "venueaddress: 76 peck seah street 079331 singapore": "inform",
                "venueneigh: bukit timah": "inform",
                "open span: type": "request",
                "open span: good service": "inform"
            }
        },
        {
            "turn idx": 5,
            "agent": {
                "transcript": "do you have any other preferences?",
                "img_gts": [],
                "dialog_act": {
                    "open span: preference": "request"
                }
            },
            "user": {
                "transcript": "i would like to try this dish in the picture but i am not sure what it is called.",
                "img_gts": [
                    "rib/steak"
                ],
                "turn_label": {
                    "open span: image": "inform",
                    "open span: food": "inform",
                    "img_gts: rib/steak": "inform"
                }
            },
            "bstate": {
                "open span: asian food": "inform",
                "open span: good for a quick meal": "inform",
                "price: moderate": "inform",
                "open span: image": "inform",
                "open span: vegetarian food": "inform",
                "open span: kangkong": "inform",
                "parking: street": "inform",
                "venueaddress: 76 peck seah street 079331 singapore": "inform",
                "venueneigh: bukit timah": "inform",
                "open span: good service": "inform",
                "open span: preference": "request",
                "open span: food": "inform",
                "img_gts: rib/steak": "inform"
            }
        },
        {
            "turn idx": 6,
            "agent": {
                "transcript": "that is bosco misto!",
                "img_gts": [],
                "dialog_act": {
                    "open span: bosco misto": "inform"
                }
            },
            "user": {
                "transcript": "okay, i would like to find a place that serves bosco misto and has big portions.",
                "img_gts": [],
                "turn_label": {
                    "open span: big portion": "inform",
                    "open span: bosco misto": "inform"
                }
            },
            "bstate": {
                "open span: asian food": "inform",
                "open span: good for a quick meal": "inform",
                "price: moderate": "inform",
                "open span: image": "inform",
                "open span: vegetarian food": "inform",
                "open span: kangkong": "inform",
                "parking: street": "inform",
                "venueaddress: 76 peck seah street 079331 singapore": "inform",
                "venueneigh: bukit timah": "inform",
                "open span: good service": "inform",
                "open span: food": "inform",
                "img_gts: rib/steak": "inform",
                "open span: bosco misto": "inform",
                "open span: big portion": "inform"
            }
        },
        {
            "turn idx": 7,
            "agent": {
                "transcript": "you can try going to original sin!",
                "img_gts": [],
                "dialog_act": {
                    "venuename: original sin": "recommend"
                }
            },
            "user": {
                "transcript": "do you have any tips about the place?",
                "img_gts": [],
                "turn_label": {
                    "venuename: original sin": "confirm",
                    "open span: tip or suggestion": "request"
                }
            },
            "bstate": {
                "open span: asian food": "inform",
                "open span: good for a quick meal": "inform",
                "price: moderate": "inform",
                "open span: image": "inform",
                "open span: vegetarian food": "inform",
                "open span: kangkong": "inform",
                "parking: street": "inform",
                "venueaddress: 76 peck seah street 079331 singapore": "inform",
                "venueneigh: bukit timah": "inform",
                "open span: good service": "inform",
                "open span: food": "inform",
                "img_gts: rib/steak": "inform",
                "open span: bosco misto": "inform",
                "open span: big portion": "inform",
                "venuename: original sin": "confirm",
                "open span: tip or suggestion": "request"
            }
        },
        {
            "turn idx": 8,
            "agent": {
                "transcript": "someone has said: been twice & had the bosco misto, basically 2 breaded spinach tofu patties with nuts. very filling & tasty. the moussaka was delicious too, just inconsistent in serving sizes (1 too small, 1 larger).",
                "img_gts": [],
                "dialog_act": {
                    "open span: delicious": "inform",
                    "open span: tasty": "inform"
                }
            },
            "user": {
                "transcript": "great, thank you!",
                "img_gts": [],
                "turn_label": {
                    "placeholder": "bye"
                }
            },
            "bstate": {
                "open span: asian food": "inform",
                "open span: good for a quick meal": "inform",
                "price: moderate": "inform",
                "open span: image": "inform",
                "open span: vegetarian food": "inform",
                "open span: kangkong": "inform",
                "parking: street": "inform",
                "venueaddress: 76 peck seah street 079331 singapore": "inform",
                "venueneigh: bukit timah": "inform",
                "open span: good service": "inform",
                "open span: food": "inform",
                "img_gts: rib/steak": "inform",
                "open span: bosco misto": "inform",
                "open span: big portion": "inform",
                "venuename: original sin": "confirm",
                "open span: delicious": "inform",
                "open span: tasty": "inform"
            }
        }
    ],
    "user rating": 5,
    "user setting": "<b>**use at least three turns of question&answers to find one venue!**</b>   you are looking for <b>vegan restaurant</b>. based on requirements uttered, the agent found <b>whole earth</b>. however, when you check <b>location</b>, you prefer one near <b>bukit timah</b>, then the agent recommends again.",
    "goal": {
        "id": 1556,
        "type": "multiple",
        "modality": "multiple",
        "content": [
            {
                "imgs": [
                    "4bea4724ed27d3eac66d29bd0a8c697c"
                ],
                "Menus": [
                    "Brunch",
                    "Lunch",
                    "Dinner"
                ],
                "Music": "No",
                "price": "Moderate",
                "terms": [
                    "lemon grass",
                    "kangkong",
                    "vegetarian food",
                    "crispy food",
                    "lunch",
                    "curry",
                    "oats",
                    "dinner",
                    "thai and peranakan",
                    "casual",
                    "mushrooms",
                    "sambal",
                    "penang rendang",
                    "Tom Yum soup",
                    "meats",
                    "good for a quick meal",
                    "spicy food",
                    "authentic",
                    "good for groups",
                    "Asian food"
                ],
                "Parking": [
                    "Street"
                ],
                "venueCat": [
                    "Vegetarian / Vegan Restaurant"
                ],
                "venueName": "Whole Earth",
                "preference": {
                    "Asian food": 1,
                    "get address": 3,
                    "Moderate price": 1,
                    "vegetarian food": 2,
                    "good for a quick meal": 2,
                    "show kangkong dish image to user": 1
                },
                "venueNeigh": "Financial District",
                "venueScore": "average",
                "venueDomain": "food",
                "Credit Cards": "Yes",
                "Reservations": "Yes",
                "Outdoor Seating": "No"
            },
            {
                "imgs": [
                    "3ea1456acc105cbb7a1f5e1c43c74847",
                    "d90e6db62dc159dce881edf38b81480e"
                ],
                "Menus": [
                    "Brunch",
                    "Lunch",
                    "Dinner"
                ],
                "price": "Moderate",
                "terms": [
                    "vegetarian food",
                    "romantic",
                    "good for dates",
                    "quiet",
                    "soup",
                    "mushrooms",
                    "desserts",
                    "big portions",
                    "bosco misto",
                    "good for special occasions",
                    "lunch",
                    "pasta",
                    "dinner",
                    "good service",
                    "wine"
                ],
                "venueCat": [
                    "Vegetarian / Vegan Restaurant",
                    "Mediterranean Restaurant"
                ],
                "venueName": "Original Sin",
                "preference": {
                    "Bukit Timah": 2,
                    "big portions": 1,
                    "good service": 1,
                    "vegetarian food": 2,
                    "recognize bosco misto by image": 2,
                    "ask for tips or suggestions or things to take note": 3
                },
                "venueNeigh": "Bukit Timah",
                "venueScore": "average",
                "venueDomain": "food",
                "Credit Cards": "Yes",
                "Reservations": "Yes",
                "Dining Options": [
                    "Delivery"
                ],
                "Outdoor Seating": "Yes"
            }
        ],
        "cnv_cnt": 20,
        "user_setting": "<b>**Use at least three turns of Question&Answers to find one venue!**</b>   You are looking for <b>Vegan Restaurant</b>. Based on requirements uttered, the agent found <b>Whole Earth</b>. However, when you check <b>location</b>, you prefer one near <b>Bukit Timah</b>, then the agent recommends again.",
        "user_location": "unknown"
    }
}