{
    "id": "3412",
    "dialogue": [
        {
            "turn idx": 0,
            "agent": {
                "transcript": "",
                "img_gts": [],
                "dialog_act": {}
            },
            "user": {
                "transcript": "hello! i am visiting singapore on my holiday and i need some food recommendations. could you help me?",
                "img_gts": [],
                "turn_label": {
                    "open span: recommendation": "request",
                    "placeholder": "greet"
                }
            },
            "bstate": {
                "open span: recommendation": "request"
            }
        },
        {
            "turn idx": 1,
            "agent": {
                "transcript": "hello! yes of course! what kind of food are you looking for?",
                "img_gts": [],
                "dialog_act": {
                    "open span: yes": "inform",
                    "open span: food": "inform"
                }
            },
            "user": {
                "transcript": "i am thinking of having some japanese food!",
                "img_gts": [],
                "turn_label": {
                    "open span: japanese food": "inform"
                }
            },
            "bstate": {
                "open span: yes": "inform",
                "open span: food": "inform",
                "open span: japanese food": "inform"
            }
        },
        {
            "turn idx": 2,
            "agent": {
                "transcript": "great choice! there are plenty of japanese food options available in singapore. are you looking for a particular type of japanese food?",
                "img_gts": [],
                "dialog_act": {
                    "venueaddress": "request",
                    "open span: japanese food": "inform"
                }
            },
            "user": {
                "transcript": "what about this dish? my friend recommended it to me.",
                "img_gts": [
                    "tonkatsu/tempura",
                    "rice set"
                ],
                "turn_label": {
                    "open span: food": "inform",
                    "open span: image": "inform",
                    "open span: what food": "request",
                    "img_gts: tonkatsu/tempura, rice set": "inform"
                }
            },
            "bstate": {
                "open span: yes": "inform",
                "open span: food": "inform",
                "open span: japanese food": "inform",
                "venueaddress": "request",
                "open span: image": "inform",
                "open span: what food": "request",
                "img_gts: tonkatsu/tempura, rice set": "inform"
            }
        },
        {
            "turn idx": 3,
            "agent": {
                "transcript": "that's tonkatsu! a popular japanese dish consisting of fried cutlets.",
                "img_gts": [],
                "dialog_act": {
                    "open span: tonkatsu": "inform"
                }
            },
            "user": {
                "transcript": "is there a japanese restaurant serving this in singapore?",
                "img_gts": [],
                "turn_label": {
                    "venueaddress": "request"
                }
            },
            "bstate": {
                "open span: yes": "inform",
                "open span: food": "inform",
                "open span: japanese food": "inform",
                "open span: image": "inform",
                "open span: what food": "request",
                "img_gts: tonkatsu/tempura, rice set": "inform",
                "open span: tonkatsu": "inform",
                "venueaddress": "request"
            }
        },
        {
            "turn idx": 4,
            "agent": {
                "transcript": "yes there are plenty of restaurants serving tonkatsu located all around singapore. is there any area that you plan to visit? i could recommend a restaurant nearby.",
                "img_gts": [],
                "dialog_act": {
                    "venueaddress": "request",
                    "venueneigh": "request",
                    "open span: near": "inform",
                    "open span: yes": "inform",
                    "open span: tonkatsu": "inform"
                }
            },
            "user": {
                "transcript": "i am actually at orchard road now. is there a restaurant in the area?",
                "img_gts": [],
                "turn_label": {
                    "venueneigh: orchard road": "inform"
                }
            },
            "bstate": {
                "open span: yes": "inform",
                "open span: food": "inform",
                "open span: japanese food": "inform",
                "open span: image": "inform",
                "open span: what food": "request",
                "img_gts: tonkatsu/tempura, rice set": "inform",
                "open span: tonkatsu": "inform",
                "venueaddress": "request",
                "open span: near": "inform",
                "venueneigh: orchard road": "inform"
            }
        },
        {
            "turn idx": 5,
            "agent": {
                "transcript": "you can check out tonkichi. they are a japanese restaurant located in the orchard district and are known for their tonkatsu.",
                "img_gts": [],
                "dialog_act": {
                    "venuename: tonkichi": "recommend",
                    "open span: orchard": "inform",
                    "open span: tonkatsu": "inform"
                }
            },
            "user": {
                "transcript": "ok great! what is their address and phone number?",
                "img_gts": [],
                "turn_label": {
                    "venueaddress": "request",
                    "telephone": "request",
                    "venuename: tonkichi": "confirm"
                }
            },
            "bstate": {
                "open span: yes": "inform",
                "open span: food": "inform",
                "open span: japanese food": "inform",
                "open span: image": "inform",
                "open span: what food": "request",
                "img_gts: tonkatsu/tempura, rice set": "inform",
                "open span: tonkatsu": "inform",
                "open span: near": "inform",
                "venueneigh: orchard road": "inform",
                "open span: orchard": "inform",
                "venueaddress": "request",
                "telephone": "request",
                "venuename: tonkichi": "confirm"
            }
        },
        {
            "turn idx": 6,
            "agent": {
                "transcript": "the address is #04-24, tower a, ngee ann city (391 orchard road) singapore 238872. you can also reach them at +65 6735 7522.",
                "img_gts": [],
                "dialog_act": {
                    "venueneigh: orchard road": "inform",
                    "telephone: +65 6735 7522": "inform",
                    "venueaddress: #04-24, tower a, ngee ann city (391 orchard road) singapore 238872": "inform"
                }
            },
            "user": {
                "transcript": "ok thanks! after having lunch i am also planning to do some shopping nearby. is this shopping mall a good place to do some shopping?",
                "img_gts": [
                    "tall building",
                    "building"
                ],
                "turn_label": {
                    "open span: mall": "inform",
                    "open span: near": "inform",
                    "open span: image": "inform",
                    "img_gts: tall building, building": "inform"
                }
            },
            "bstate": {
                "open span: yes": "inform",
                "open span: food": "inform",
                "open span: japanese food": "inform",
                "open span: image": "inform",
                "open span: what food": "request",
                "open span: tonkatsu": "inform",
                "open span: near": "inform",
                "open span: orchard": "inform",
                "venuename: tonkichi": "confirm",
                "venueneigh: orchard road": "inform",
                "telephone: +65 67357522": "inform",
                "venueaddress: #04-24, tower a, ngee ann city (391 orchard road) singapore 238872": "inform",
                "open span: mall": "inform",
                "img_gts: tall building, building": "inform"
            }
        },
        {
            "turn idx": 7,
            "agent": {
                "transcript": "absolutely! that shopping mall is known as orchard central and is a popular shopping spot for tourists.",
                "img_gts": [],
                "dialog_act": {
                    "venuename: orchard central": "recommend",
                    "open span: mall": "inform",
                    "open span: popular": "inform"
                }
            },
            "user": {
                "transcript": "do you have any tips or suggestions before visiting the place?",
                "img_gts": [],
                "turn_label": {
                    "open span: recommendation": "request",
                    "venuename: orchard central": "confirm",
                    "open span: tip or suggestion": "request"
                }
            },
            "bstate": {
                "open span: yes": "inform",
                "open span: food": "inform",
                "open span: japanese food": "inform",
                "open span: image": "inform",
                "open span: what food": "request",
                "open span: tonkatsu": "inform",
                "open span: near": "inform",
                "open span: orchard": "inform",
                "venueneigh: orchard road": "inform",
                "telephone: +65 67357522": "inform",
                "venueaddress: #04-24, tower a, ngee ann city (391 orchard road) singapore 238872": "inform",
                "open span: mall": "inform",
                "img_gts: tall building, building": "inform",
                "open span: popular": "inform",
                "open span: recommendation": "request",
                "venuename: orchard central": "confirm",
                "open span: tip or suggestion": "request"
            }
        },
        {
            "turn idx": 8,
            "agent": {
                "transcript": "the roof garden is a must visit at orchard central. it is located at level 11 & 12 while top-rated restaurants & bars are located on level 10-12. the roof garden offers a scenic view of the orchard district.",
                "img_gts": [],
                "dialog_act": {
                    "open span: scenic view": "inform",
                    "open span: must visit": "inform",
                    "open span: roof garden": "inform"
                }
            },
            "user": {
                "transcript": "ok i will be sure to check it out! thanks for your help!",
                "img_gts": [],
                "turn_label": {
                    "placeholder": "bye"
                }
            },
            "bstate": {
                "open span: yes": "inform",
                "open span: food": "inform",
                "open span: japanese food": "inform",
                "open span: image": "inform",
                "open span: what food": "request",
                "open span: tonkatsu": "inform",
                "open span: near": "inform",
                "open span: orchard": "inform",
                "venueneigh: orchard road": "inform",
                "telephone: +65 67357522": "inform",
                "venueaddress: #04-24, tower a, ngee ann city (391 orchard road) singapore 238872": "inform",
                "open span: mall": "inform",
                "img_gts: tall building, building": "inform",
                "open span: popular": "inform",
                "venuename: orchard central": "confirm",
                "open span: scenic view": "inform",
                "open span: must visit": "inform",
                "open span: roof garden": "inform"
            }
        },
        {
            "turn idx": 9,
            "agent": {
                "transcript": "welcome and enjoy your trip!",
                "img_gts": [],
                "dialog_act": {
                    "placeholder": "bye"
                }
            },
            "user": {
                "transcript": "",
                "img_gts": [],
                "turn_label": {}
            },
            "bstate": {
                "open span: yes": "inform",
                "open span: food": "inform",
                "open span: japanese food": "inform",
                "open span: image": "inform",
                "open span: what food": "request",
                "open span: tonkatsu": "inform",
                "open span: near": "inform",
                "open span: orchard": "inform",
                "venueneigh: orchard road": "inform",
                "telephone: +65 67357522": "inform",
                "venueaddress: #04-24, tower a, ngee ann city (391 orchard road) singapore 238872": "inform",
                "open span: mall": "inform",
                "img_gts: tall building, building": "inform",
                "open span: popular": "inform",
                "venuename: orchard central": "confirm",
                "open span: scenic view": "inform",
                "open span: must visit": "inform",
                "open span: roof garden": "inform"
            }
        }
    ],
    "user rating": 5,
    "user setting": "<b>**use at least three turns of question&answers to find one venue!**</b>   you are at <b>orchard road</b>. plan to have lunch in <b>japanese restaurant</b> and do <b>shopping</b> <b>nearby</b> later.",
    "goal": {
        "id": 1550,
        "type": "multiple",
        "modality": "multiple",
        "content": [
            {
                "imgs": [
                    "2a597599d0e36e482dbd9a48f730b895",
                    "17b6d50f59e77f1b7b769707c42d6e6a"
                ],
                "Menus": [
                    "Brunch",
                    "Lunch",
                    "Dinner"
                ],
                "price": "Moderate",
                "terms": [
                    "pork",
                    "fish",
                    "beer",
                    "dinner",
                    "lunch",
                    "big portions",
                    "family-friendly",
                    "curry sauce",
                    "coffee jelly",
                    "tonkatsu",
                    "katsu"
                ],
                "Drinks": [
                    "Beer"
                ],
                "venueCat": [
                    "Japanese Restaurant"
                ],
                "venueName": "Tonkichi",
                "preference": {
                    "curry sauce": 2,
                    "big portions": 1,
                    "family-friendly": 1,
                    "Japanese Restaurant": 2,
                    "recognize tonkatsu by image": 2,
                    "ask for address and phone number": 3
                },
                "venueNeigh": "Orchard Road",
                "venueScore": "average",
                "venueDomain": "food",
                "Credit Cards": "Yes",
                "Reservations": "No",
                "Dining Options": [
                    "No Delivery"
                ],
                "Outdoor Seating": "No"
            },
            {
                "imgs": [
                    "179144446a367c08b2d030045f279123",
                    "32db0668d7d3a3929aea36f9e297e3d6"
                ],
                "terms": [
                    "coffee",
                    "sub sandwiches",
                    "rooftop",
                    "dancing",
                    "seafood",
                    "quiet",
                    "ferrata",
                    "gardens",
                    "casual",
                    "desserts",
                    "dinner",
                    "popcorn",
                    "buffet",
                    "spa",
                    "cake",
                    "orchard road",
                    "hidden gem",
                    "organic food",
                    "scenic views",
                    "ice cream"
                ],
                "venueCat": [
                    "Shopping Mall"
                ],
                "venueName": "Orchard Central",
                "preference": {
                    "spa": 1,
                    "roof garden": 2,
                    "scenic views": 1,
                    "Shopping Mall": 2,
                    "recognize place by image": 2,
                    "ask for tips or suggestions or things to take note": 3
                },
                "venueNeigh": "Orchard Road",
                "venueScore": "average",
                "venueDomain": "mall",
                "Credit Cards": "Yes"
            }
        ],
        "cnv_cnt": 20,
        "user_setting": "<b>**Use at least three turns of Question&Answers to find one venue!**</b>   You are at <b>Orchard Road</b>. Plan to have lunch in <b>Japanese Restaurant</b> and do <b>shopping</b> <b>nearby</b> later.",
        "user_location": "Orchard Road"
    }
}