{
    "id": "3465",
    "dialogue": [
        {
            "turn idx": 0,
            "agent": {
                "transcript": "",
                "img_gts": [],
                "dialog_act": {}
            },
            "user": {
                "transcript": "hi, i am visiting singapore on holiday and i need some recommendations for tourist attractions to visit. could you help?",
                "img_gts": [],
                "turn_label": {
                    "venueaddress": "request",
                    "open span: holiday": "inform",
                    "open span: recommendation": "request",
                    "placeholder": "greet"
                }
            },
            "bstate": {
                "venueaddress": "request",
                "open span: holiday": "inform",
                "open span: recommendation": "request"
            }
        },
        {
            "turn idx": 1,
            "agent": {
                "transcript": "hello! yes of course, what type of activities do you normally like to do?",
                "img_gts": [],
                "dialog_act": {
                    "open span: activity": "request"
                }
            },
            "user": {
                "transcript": "i like to visit museums and cultural or heritage sites. are there any worth visitng in singapore?",
                "img_gts": [],
                "turn_label": {
                    "open span: museum": "inform"
                }
            },
            "bstate": {
                "venueaddress": "request",
                "open span: holiday": "inform",
                "open span: activity": "request",
                "open span: museum": "inform"
            }
        },
        {
            "turn idx": 2,
            "agent": {
                "transcript": "definitely! there are many historic and cultural landmarks in singapore, i could recommend one to you if you'd like.",
                "img_gts": [],
                "dialog_act": {
                    "open span: definitely": "inform",
                    "open span: landmark": "inform"
                }
            },
            "user": {
                "transcript": "is this place an iconic historic site in singapore?",
                "img_gts": [
                    "malay heritage center",
                    "malay heritage center"
                ],
                "turn_label": {
                    "open span: historic site": "inform",
                    "open span: iconic": "inform",
                    "open span: image": "inform",
                    "img_gts: malay heritage center, malay heritage center": "inform"
                }
            },
            "bstate": {
                "venueaddress": "request",
                "open span: holiday": "inform",
                "open span: activity": "request",
                "open span: museum": "inform",
                "open span: definitely": "inform",
                "open span: landmark": "inform",
                "open span: historic site": "inform",
                "open span: iconic": "inform",
                "open span: image": "inform",
                "img_gts: malay heritage center, malay heritage center": "inform"
            }
        },
        {
            "turn idx": 3,
            "agent": {
                "transcript": "that is the sun yat sen nanyang memorial hall, a museum commemorating sun yat sen, the founding father of the republic of china who visited singapore nine times between 1900 and 1911. that would be a great place to visit if you like historic sites.",
                "img_gts": [],
                "dialog_act": {
                    "venuename: sun yat sen nanyang memorial hall": "recommend"
                }
            },
            "user": {
                "transcript": "i see. can i have the address of the place?",
                "img_gts": [],
                "turn_label": {
                    "venueaddress": "request"
                }
            },
            "bstate": {
                "open span: holiday": "inform",
                "open span: activity": "request",
                "open span: museum": "inform",
                "open span: definitely": "inform",
                "open span: landmark": "inform",
                "open span: historic site": "inform",
                "open span: iconic": "inform",
                "open span: image": "inform",
                "img_gts: malay heritage center, malay heritage center": "inform",
                "venuename: sun yat sen nanyang memorial hall": "recommend",
                "venueaddress": "request"
            }
        },
        {
            "turn idx": 4,
            "agent": {
                "transcript": "it is located at 12 tai gin road singapore 327874.",
                "img_gts": [],
                "dialog_act": {
                    "venueaddress: 12 tai gin road 327874 singapore": "inform"
                }
            },
            "user": {
                "transcript": "thank you! after my visit i would also like to try some local food. what are some popular local food amongst tourists?",
                "img_gts": [],
                "turn_label": {
                    "open span: popular": "inform",
                    "open span: local food": "inform"
                }
            },
            "bstate": {
                "open span: holiday": "inform",
                "open span: activity": "request",
                "open span: museum": "inform",
                "open span: definitely": "inform",
                "open span: landmark": "inform",
                "open span: historic site": "inform",
                "open span: iconic": "inform",
                "open span: image": "inform",
                "img_gts: malay heritage center, malay heritage center": "inform",
                "venuename: sun yat sen nanyang memorial hall": "recommend",
                "venueaddress: 12 tai gin road 327874 singapore": "inform",
                "open span: popular": "inform",
                "open span: local food": "inform"
            }
        },
        {
            "turn idx": 5,
            "agent": {
                "transcript": "singapore has many types of local food situated all over the island. is there a particular area you would like to go to for local food?",
                "img_gts": [],
                "dialog_act": {
                    "venueneigh": "request",
                    "open span: local food": "inform"
                }
            },
            "user": {
                "transcript": "since my hotel is in the central region, maybe some local food in the central region would be good.",
                "img_gts": [],
                "turn_label": {
                    "venueneigh: central region": "inform",
                    "open span: hotel": "inform"
                }
            },
            "bstate": {
                "open span: holiday": "inform",
                "open span: activity": "request",
                "open span: museum": "inform",
                "open span: definitely": "inform",
                "open span: landmark": "inform",
                "open span: historic site": "inform",
                "open span: iconic": "inform",
                "open span: image": "inform",
                "img_gts: malay heritage center, malay heritage center": "inform",
                "venuename: sun yat sen nanyang memorial hall": "recommend",
                "venueaddress: 12 tai gin road 327874 singapore": "inform",
                "open span: popular": "inform",
                "open span: local food": "inform",
                "venueneigh: central region": "inform",
                "open span: hotel": "inform"
            }
        },
        {
            "turn idx": 6,
            "agent": {
                "transcript": "ok sure. is there any type of local food you would like to try in particular?",
                "img_gts": [],
                "dialog_act": {
                    "open span: type": "request",
                    "open span: local food": "inform"
                }
            },
            "user": {
                "transcript": "i came across pictures of this dish on several food blogs in singapore. what is this?",
                "img_gts": [
                    "rice set"
                ],
                "turn_label": {
                    "open span: image": "inform",
                    "img_gts: rice set": "inform"
                }
            },
            "bstate": {
                "open span: holiday": "inform",
                "open span: activity": "request",
                "open span: museum": "inform",
                "open span: definitely": "inform",
                "open span: landmark": "inform",
                "open span: historic site": "inform",
                "open span: iconic": "inform",
                "open span: image": "inform",
                "venuename: sun yat sen nanyang memorial hall": "recommend",
                "venueaddress: 12 tai gin road 327874 singapore": "inform",
                "open span: popular": "inform",
                "open span: local food": "inform",
                "venueneigh: central region": "inform",
                "open span: hotel": "inform",
                "open span: type": "request",
                "img_gts: rice set": "inform"
            }
        },
        {
            "turn idx": 7,
            "agent": {
                "transcript": "that's chicken rice! a popular dish amongst tourists and locals alike. if you are looking for chicken rice in the central region, you can check out shuang shun chicken rice.",
                "img_gts": [],
                "dialog_act": {
                    "venueneigh: central region": "inform",
                    "venuename: shuang shun chicken rice": "recommend",
                    "open span: chicken rice": "inform"
                }
            },
            "user": {
                "transcript": "oh, i see. what should i order when i am at the restaurant?",
                "img_gts": [],
                "turn_label": {
                    "open span: order": "request"
                }
            },
            "bstate": {
                "open span: holiday": "inform",
                "open span: activity": "request",
                "open span: museum": "inform",
                "open span: definitely": "inform",
                "open span: landmark": "inform",
                "open span: historic site": "inform",
                "open span: iconic": "inform",
                "open span: image": "inform",
                "venueaddress: 12 tai gin road 327874 singapore": "inform",
                "open span: popular": "inform",
                "open span: local food": "inform",
                "open span: hotel": "inform",
                "img_gts: rice set": "inform",
                "venueneigh: central region": "inform",
                "venuename: shuang shun chicken rice": "recommend",
                "open span: chicken rice": "inform",
                "open span: order": "request"
            }
        },
        {
            "turn idx": 8,
            "agent": {
                "transcript": "you can just simply order a plate of roast chicken rice. locals would normally eat it with the chilli and black sauce to enhance the taste.",
                "img_gts": [],
                "dialog_act": {}
            },
            "user": {
                "transcript": "how are the prices like though? is it expensive?",
                "img_gts": [],
                "turn_label": {
                    "price": "request"
                }
            },
            "bstate": {
                "open span: holiday": "inform",
                "open span: activity": "request",
                "open span: museum": "inform",
                "open span: definitely": "inform",
                "open span: landmark": "inform",
                "open span: historic site": "inform",
                "open span: iconic": "inform",
                "open span: image": "inform",
                "venueaddress: 12 tai gin road 327874 singapore": "inform",
                "open span: popular": "inform",
                "open span: local food": "inform",
                "open span: hotel": "inform",
                "img_gts: rice set": "inform",
                "venueneigh: central region": "inform",
                "venuename: shuang shun chicken rice": "recommend",
                "open span: chicken rice": "inform",
                "open span: order": "request",
                "price": "request"
            }
        },
        {
            "turn idx": 9,
            "agent": {
                "transcript": "definitely not! the chicken rice there is of moderate price.",
                "img_gts": [],
                "dialog_act": {
                    "price: moderate": "inform"
                }
            },
            "user": {
                "transcript": "ok, i will be sure to check it out. thanks for your help!",
                "img_gts": [],
                "turn_label": {
                    "venuename: shuang shun chicken rice": "confirm",
                    "placeholder": "bye"
                }
            },
            "bstate": {
                "open span: holiday": "inform",
                "open span: activity": "request",
                "open span: museum": "inform",
                "open span: definitely": "inform",
                "open span: landmark": "inform",
                "open span: historic site": "inform",
                "open span: iconic": "inform",
                "open span: image": "inform",
                "venueaddress: 12 tai gin road 327874 singapore": "inform",
                "open span: popular": "inform",
                "open span: local food": "inform",
                "open span: hotel": "inform",
                "img_gts: rice set": "inform",
                "venueneigh: central region": "inform",
                "open span: chicken rice": "inform",
                "open span: order": "request",
                "price: moderate": "inform",
                "venuename: shuang shun chicken rice": "confirm"
            }
        },
        {
            "turn idx": 10,
            "agent": {
                "transcript": "no problem, enjoy your trip!",
                "img_gts": [],
                "dialog_act": {
                    "placeholder": "bye"
                }
            },
            "user": {
                "transcript": "",
                "img_gts": [],
                "turn_label": {}
            },
            "bstate": {
                "open span: holiday": "inform",
                "open span: activity": "request",
                "open span: museum": "inform",
                "open span: definitely": "inform",
                "open span: landmark": "inform",
                "open span: historic site": "inform",
                "open span: iconic": "inform",
                "open span: image": "inform",
                "venueaddress: 12 tai gin road 327874 singapore": "inform",
                "open span: popular": "inform",
                "open span: local food": "inform",
                "open span: hotel": "inform",
                "img_gts: rice set": "inform",
                "venueneigh: central region": "inform",
                "open span: chicken rice": "inform",
                "open span: order": "request",
                "price: moderate": "inform",
                "venuename: shuang shun chicken rice": "confirm"
            }
        }
    ],
    "user rating": 5,
    "user setting": "<b>**use at least three turns of question&answers to find one venue!**</b>   you are looking for a <b>historic site</b> and hope to try <b>local food</b> as in <b>picture</b>.",
    "goal": {
        "id": 1569,
        "type": "multiple",
        "modality": "multiple",
        "content": [
            {
                "imgs": [
                    "309433eccdcd5d4b650550ad193a3a1b",
                    "78385d06ed25ed5be1aaf9af0e3f6936"
                ],
                "terms": [
                    "free admission",
                    "dr sun yat sen s"
                ],
                "venueCat": [
                    "Monument / Landmark",
                    "History Museum",
                    "Historic Site"
                ],
                "venueName": "Sun Yat Sen Nanyang Memorial Hall",
                "preference": {
                    "Historic Site": 2,
                    "ask for address": 3,
                    "recognize by image": 2,
                    "memorize sun yat sen": 1
                },
                "venueNeigh": "Novena",
                "venueScore": "average",
                "venueDomain": "sightseeing"
            },
            {
                "imgs": [
                    "cee4c8d34057a809709c4b9bbab10d48",
                    "b5cad64ae5bc986bc3a64e9d0d8779ac"
                ],
                "price": "Moderate",
                "terms": [
                    "soup",
                    "roasted chicken",
                    "rice",
                    "chili",
                    "black sauce"
                ],
                "venueCat": [
                    "Asian Restaurant"
                ],
                "venueName": "Shuang Shun Chicken Rice",
                "preference": {
                    "chicken soup": 1,
                    "Central Region": 2,
                    "moderate price": 1,
                    "roasted chicken": 1,
                    "recognize chicken rice dish by image": 2,
                    "ask for tips or suggestions or things to take note": 3
                },
                "venueNeigh": "Central Region",
                "venueScore": "average",
                "venueDomain": "food",
                "Outdoor Seating": "Yes"
            }
        ],
        "cnv_cnt": 20,
        "user_setting": "<b>**Use at least three turns of Question&Answers to find one venue!**</b>   You are looking for a <b>Historic Site</b> and hope to try <b>local food</b> as in <b>picture</b>.",
        "user_location": "unknown"
    }
}