{
    "id": "3486",
    "dialogue": [
        {
            "turn idx": 0,
            "agent": {
                "transcript": "",
                "img_gts": [],
                "dialog_act": {}
            },
            "user": {
                "transcript": "hi there, i am looking for a place to stay in little india. do you have a recommendation for me?",
                "img_gts": [],
                "turn_label": {
                    "venueneigh: little india": "inform",
                    "open span: place to stay": "request",
                    "open span: recommendation": "request",
                    "placeholder": "greet"
                }
            },
            "bstate": {
                "venueneigh: little india": "inform",
                "open span: place to stay": "request",
                "open span: recommendation": "request"
            }
        },
        {
            "turn idx": 1,
            "agent": {
                "transcript": "what kind of place would you like to stay at?",
                "img_gts": [],
                "dialog_act": {
                    "open span: type": "request"
                }
            },
            "user": {
                "transcript": "well, i would like to stay at a motel that is clean and comfortable.",
                "img_gts": [],
                "turn_label": {
                    "open span: comfortable": "inform",
                    "open span: clean": "inform",
                    "open span: motel": "inform"
                }
            },
            "bstate": {
                "venueneigh: little india": "inform",
                "open span: type": "request",
                "open span: comfortable": "inform",
                "open span: clean": "inform",
                "open span: motel": "inform"
            }
        },
        {
            "turn idx": 2,
            "agent": {
                "transcript": "i have 2 places which you may like: vintage inn and footprints hostel.",
                "img_gts": [],
                "dialog_act": {
                    "venuename: vintage inn": "recommend"
                }
            },
            "user": {
                "transcript": "can you show me some pictures for each location?",
                "img_gts": [],
                "turn_label": {
                    "open span: location": "inform",
                    "open span: image": "request"
                }
            },
            "bstate": {
                "venueneigh: little india": "inform",
                "open span: comfortable": "inform",
                "open span: clean": "inform",
                "open span: motel": "inform",
                "venuename: vintage inn": "recommend",
                "open span: location": "inform",
                "open span: image": "request"
            }
        },
        {
            "turn idx": 3,
            "agent": {
                "transcript": "vintage inn is known for their friendly and helpful staff. you can take a look at the interior in this picture. this is a room picture of footprints hostel. it's clean and nice.",
                "img_gts": [
                    "food center",
                    "bunk bed"
                ],
                "dialog_act": {
                    "venuename: footprints hostel": "recommend",
                    "open span: image": "inform",
                    "open span: room": "inform",
                    "img_gts: food center, bunk bed": "inform"
                }
            },
            "user": {
                "transcript": "then what should i take note of for each location?",
                "img_gts": [],
                "turn_label": {
                    "venuename: footprints hostel": "confirm",
                    "open span: tip or suggestion": "request"
                }
            },
            "bstate": {
                "venueneigh: little india": "inform",
                "open span: comfortable": "inform",
                "open span: clean": "inform",
                "open span: motel": "inform",
                "open span: location": "inform",
                "open span: image": "inform",
                "open span: room": "inform",
                "img_gts: food center, bunk bed": "inform",
                "venuename: footprints hostel": "confirm",
                "open span: tip or suggestion": "request"
            }
        },
        {
            "turn idx": 4,
            "agent": {
                "transcript": "vintage inn is an ideal place to stay in with free wifi and it is a 5 minute walk from little india mrt. as for footprints hostel, it has everything you need -- free wifi, free breakfast, free use of computer desktop, have a huge led tv at the lobby, comfortable sofas, among other things.",
                "img_gts": [],
                "dialog_act": {
                    "venuename: footprints hostel": "recommend",
                    "wi-fi": "",
                    "venueneigh: little india": "inform"
                }
            },
            "user": {
                "transcript": "then i would need to have a deeper consideration on where i should stay. thanks for the information!",
                "img_gts": [],
                "turn_label": {
                    "venuename: footprints hostel": "confirm",
                    "placeholder": "bye"
                }
            },
            "bstate": {
                "open span: comfortable": "inform",
                "open span: clean": "inform",
                "open span: motel": "inform",
                "open span: location": "inform",
                "open span: image": "inform",
                "open span: room": "inform",
                "img_gts: food center, bunk bed": "inform",
                "venueneigh: little india": "inform",
                "venuename: footprints hostel": "confirm"
            }
        }
    ],
    "user rating": 5,
    "user setting": "<b>**use at least three turns of question&answers to find one venue!**</b>   you are looking for a <b>place to stay</b> near <b>little india</b>. hope the agent recommend two <b>places</b> for consideration.",
    "goal": {
        "id": 1551,
        "type": "multiple",
        "modality": "multiple",
        "content": [
            {
                "imgs": [
                    "02b911f268aeec3a1df1c91209cb22bb",
                    "efc63836f5d2143c77106bdcd30434f3"
                ],
                "terms": [
                    "capsules",
                    "friendly staff",
                    "clean",
                    "comfortable"
                ],
                "venueCat": [
                    "Motel"
                ],
                "venueName": "Vintage Inn",
                "preference": {
                    "clean": 2,
                    "motel": 1,
                    "comfortable": 1,
                    "Little India": 2,
                    "friendly staff": 1,
                    "show room pictures to user": 1,
                    "ask for tips or suggestions or things to take note": 3
                },
                "venueNeigh": "Little India",
                "venueScore": "average",
                "venueDomain": "hotel",
                "Credit Cards": "No",
                "Reservations": "Yes"
            },
            {
                "imgs": [
                    "8c5bfe11d0e549268f68261a17e2127b",
                    "e31f5508f4b32ce88a6e9ec1831a9c9e"
                ],
                "Wi-Fi": "Yes",
                "terms": [
                    "surfing",
                    "free Wifi",
                    "showers",
                    "comfortable seats",
                    "breakfast food",
                    "friendly staff",
                    "TVs",
                    "bugis",
                    "Indian food",
                    "movies",
                    "clean",
                    "comfortable",
                    "curry",
                    "budget travelers"
                ],
                "venueCat": [
                    "Hostel"
                ],
                "venueName": "Footprints Hostel",
                "preference": {
                    "clean": 1,
                    "Hostel": 1,
                    "showers": 1,
                    "Little India": 2,
                    "friendly staff": 1,
                    "good for budget travelers": 2,
                    "show bed pictures to user": 2,
                    "ask for tips or suggestions or things to take note": 3
                },
                "venueNeigh": "Little India",
                "venueScore": "average",
                "venueDomain": "hotel",
                "Credit Cards": "Yes"
            }
        ],
        "cnv_cnt": 20,
        "user_setting": "<b>**Use at least three turns of Question&Answers to find one venue!**</b>   You are looking for a <b>place to stay</b> near <b>Little India</b>. Hope the agent recommend two <b>places</b> for consideration.",
        "user_location": "unknown"
    }
}