{
    "id": "3541",
    "dialogue": [
        {
            "turn idx": 0,
            "agent": {
                "transcript": "",
                "img_gts": [],
                "dialog_act": {}
            },
            "user": {
                "transcript": "hi there, i am a vegan looking for a vegan restaurant to eat at. where should i go?",
                "img_gts": [],
                "turn_label": {
                    "open span: type": "request",
                    "placeholder": "greet"
                }
            },
            "bstate": {
                "open span: type": "request"
            }
        },
        {
            "turn idx": 1,
            "agent": {
                "transcript": "what kind of vegan restaurant do you like?",
                "img_gts": [],
                "dialog_act": {
                    "open span: type": "request"
                }
            },
            "user": {
                "transcript": "i like a place that has asian food and good for a quick meal.",
                "img_gts": [],
                "turn_label": {
                    "open span: good for a quick meal": "inform",
                    "open span: asian food": "inform"
                }
            },
            "bstate": {
                "open span: good for a quick meal": "inform",
                "open span: asian food": "inform"
            }
        },
        {
            "turn idx": 2,
            "agent": {
                "transcript": "then you should try whole earth.",
                "img_gts": [],
                "dialog_act": {
                    "venuename: whole earth": "recommend"
                }
            },
            "user": {
                "transcript": "can i get the address for this place?",
                "img_gts": [],
                "turn_label": {
                    "venueaddress": "request"
                }
            },
            "bstate": {
                "open span: good for a quick meal": "inform",
                "open span: asian food": "inform",
                "venuename: whole earth": "recommend",
                "venueaddress": "request"
            }
        },
        {
            "turn idx": 3,
            "agent": {
                "transcript": "they are located at 76 peck seah street 079331 singapore at the financial district.",
                "img_gts": [],
                "dialog_act": {
                    "parking: street": "inform",
                    "venueaddress: 76 peck seah street 079331 singapore": "inform",
                    "venueneigh: financial district": "inform"
                }
            },
            "user": {
                "transcript": "that's too far for me. i prefer one near bukit timah. can you give me another place?",
                "img_gts": [],
                "turn_label": {
                    "venueneigh: bukit timah": "inform",
                    "venuename: whole earth": "negate",
                    "open span: recommendation": "request"
                }
            },
            "bstate": {
                "open span: good for a quick meal": "inform",
                "open span: asian food": "inform",
                "parking: street": "inform",
                "venueaddress: 76 peck seah street 079331 singapore": "inform",
                "venueneigh: bukit timah": "inform",
                "open span: recommendation": "request"
            }
        },
        {
            "turn idx": 4,
            "agent": {
                "transcript": "then do you have any other requirements?",
                "img_gts": [],
                "dialog_act": {
                    "open span: preference": "request"
                }
            },
            "user": {
                "transcript": "i would like to try this dish in the picture.also, a place with big portions would be nice.",
                "img_gts": [
                    "roasted pork"
                ],
                "turn_label": {
                    "open span: food": "inform",
                    "open span: big portion": "inform",
                    "venuename: whole earth": "confirm",
                    "open span: image": "inform",
                    "img_gts: roasted pork": "inform"
                }
            },
            "bstate": {
                "open span: good for a quick meal": "inform",
                "open span: asian food": "inform",
                "parking: street": "inform",
                "venueaddress: 76 peck seah street 079331 singapore": "inform",
                "venueneigh: bukit timah": "inform",
                "open span: preference": "request",
                "open span: food": "inform",
                "open span: big portion": "inform",
                "venuename: whole earth": "confirm",
                "open span: image": "inform",
                "img_gts: roasted pork": "inform"
            }
        },
        {
            "turn idx": 5,
            "agent": {
                "transcript": "you can get this dish at original sin. it's the bosco misto.",
                "img_gts": [],
                "dialog_act": {
                    "venuename: original sin": "recommend",
                    "open span: bosco misto": "inform"
                }
            },
            "user": {
                "transcript": "nice! what do you suggest i order there?",
                "img_gts": [],
                "turn_label": {
                    "venuename: original sin": "confirm"
                }
            },
            "bstate": {
                "open span: good for a quick meal": "inform",
                "open span: asian food": "inform",
                "parking: street": "inform",
                "venueaddress: 76 peck seah street 079331 singapore": "inform",
                "venueneigh: bukit timah": "inform",
                "open span: food": "inform",
                "open span: big portion": "inform",
                "open span: image": "inform",
                "img_gts: roasted pork": "inform",
                "open span: bosco misto": "inform",
                "venuename: original sin": "confirm"
            }
        },
        {
            "turn idx": 6,
            "agent": {
                "transcript": "yogurt bread w/ mushroom & onions is very tasty. tiramisu and the chocolate cake are a real treat.",
                "img_gts": [],
                "dialog_act": {}
            },
            "user": {
                "transcript": "sounds yummy! i will try that.",
                "img_gts": [],
                "turn_label": {
                    "placeholder": "bye"
                }
            },
            "bstate": {
                "open span: good for a quick meal": "inform",
                "open span: asian food": "inform",
                "parking: street": "inform",
                "venueaddress: 76 peck seah street 079331 singapore": "inform",
                "venueneigh: bukit timah": "inform",
                "open span: food": "inform",
                "open span: big portion": "inform",
                "open span: image": "inform",
                "img_gts: roasted pork": "inform",
                "open span: bosco misto": "inform",
                "venuename: original sin": "confirm"
            }
        }
    ],
    "user rating": 5,
    "user setting": "<b>**use at least three turns of question&answers to find one venue!**</b>   you are looking for <b>vegan restaurant</b>. based on requirements uttered, the agent found <b>whole earth</b>. however, when you check <b>location</b>, you prefer one near <b>bukit timah</b>, then the agent recommends again.",
    "goal": {
        "id": 1556,
        "type": "multiple",
        "modality": "multiple",
        "content": [
            {
                "imgs": [
                    "4bea4724ed27d3eac66d29bd0a8c697c"
                ],
                "Menus": [
                    "Brunch",
                    "Lunch",
                    "Dinner"
                ],
                "Music": "No",
                "price": "Moderate",
                "terms": [
                    "lemon grass",
                    "kangkong",
                    "vegetarian food",
                    "crispy food",
                    "lunch",
                    "curry",
                    "oats",
                    "dinner",
                    "thai and peranakan",
                    "casual",
                    "mushrooms",
                    "sambal",
                    "penang rendang",
                    "Tom Yum soup",
                    "meats",
                    "good for a quick meal",
                    "spicy food",
                    "authentic",
                    "good for groups",
                    "Asian food"
                ],
                "Parking": [
                    "Street"
                ],
                "venueCat": [
                    "Vegetarian / Vegan Restaurant"
                ],
                "venueName": "Whole Earth",
                "preference": {
                    "Asian food": 1,
                    "get address": 3,
                    "Moderate price": 1,
                    "vegetarian food": 2,
                    "good for a quick meal": 2,
                    "show kangkong dish image to user": 1
                },
                "venueNeigh": "Financial District",
                "venueScore": "average",
                "venueDomain": "food",
                "Credit Cards": "Yes",
                "Reservations": "Yes",
                "Outdoor Seating": "No"
            },
            {
                "imgs": [
                    "3ea1456acc105cbb7a1f5e1c43c74847",
                    "d90e6db62dc159dce881edf38b81480e"
                ],
                "Menus": [
                    "Brunch",
                    "Lunch",
                    "Dinner"
                ],
                "price": "Moderate",
                "terms": [
                    "vegetarian food",
                    "romantic",
                    "good for dates",
                    "quiet",
                    "soup",
                    "mushrooms",
                    "desserts",
                    "big portions",
                    "bosco misto",
                    "good for special occasions",
                    "lunch",
                    "pasta",
                    "dinner",
                    "good service",
                    "wine"
                ],
                "venueCat": [
                    "Vegetarian / Vegan Restaurant",
                    "Mediterranean Restaurant"
                ],
                "venueName": "Original Sin",
                "preference": {
                    "Bukit Timah": 2,
                    "big portions": 1,
                    "good service": 1,
                    "vegetarian food": 2,
                    "recognize bosco misto by image": 2,
                    "ask for tips or suggestions or things to take note": 3
                },
                "venueNeigh": "Bukit Timah",
                "venueScore": "average",
                "venueDomain": "food",
                "Credit Cards": "Yes",
                "Reservations": "Yes",
                "Dining Options": [
                    "Delivery"
                ],
                "Outdoor Seating": "Yes"
            }
        ],
        "cnv_cnt": 20,
        "user_setting": "<b>**Use at least three turns of Question&Answers to find one venue!**</b>   You are looking for <b>Vegan Restaurant</b>. Based on requirements uttered, the agent found <b>Whole Earth</b>. However, when you check <b>location</b>, you prefer one near <b>Bukit Timah</b>, then the agent recommends again.",
        "user_location": "unknown"
    }
}