{
    "id": "363",
    "dialogue": [
        {
            "turn idx": 0,
            "agent": {
                "transcript": "",
                "img_gts": [],
                "dialog_act": {}
            },
            "user": {
                "transcript": "hi, i am looking for a hotel in financial district.",
                "img_gts": [],
                "turn_label": {
                    "venueneigh: financial district": "inform",
                    "open span: hotel": "inform",
                    "placeholder": "greet"
                }
            },
            "bstate": {
                "venueneigh: financial district": "inform",
                "open span: hotel": "inform"
            }
        },
        {
            "turn idx": 1,
            "agent": {
                "transcript": "sure, do you have any other specific requirement?",
                "img_gts": [],
                "dialog_act": {
                    "open span: preference": "request"
                }
            },
            "user": {
                "transcript": "please find me one with excellent score and scenic views. oh, and infinity pool if possible.",
                "img_gts": [],
                "turn_label": {
                    "venuescore: good": "inform",
                    "open span: scenic view": "inform",
                    "open span: infinity pool": "inform"
                }
            },
            "bstate": {
                "venueneigh: financial district": "inform",
                "open span: hotel": "inform",
                "open span: preference": "request",
                "venuescore: good": "inform",
                "open span: scenic view": "inform",
                "open span: infinity pool": "inform"
            }
        },
        {
            "turn idx": 2,
            "agent": {
                "transcript": "you might want to come to marina bay sands then. they also have casinos there.",
                "img_gts": [
                    "casino"
                ],
                "dialog_act": {
                    "venuename: marina bay sands": "recommend",
                    "open span: casino": "inform",
                    "open span: image": "inform",
                    "img_gts: casino": "inform"
                }
            },
            "user": {
                "transcript": "great! can you give me some tips?",
                "img_gts": [],
                "turn_label": {
                    "venuename: marina bay sands": "confirm",
                    "open span: tip or suggestion": "request"
                }
            },
            "bstate": {
                "venueneigh: financial district": "inform",
                "open span: hotel": "inform",
                "venuescore: good": "inform",
                "open span: scenic view": "inform",
                "open span: infinity pool": "inform",
                "open span: casino": "inform",
                "open span: image": "inform",
                "img_gts: casino": "inform",
                "venuename: marina bay sands": "confirm",
                "open span: tip or suggestion": "request"
            }
        },
        {
            "turn idx": 3,
            "agent": {
                "transcript": "a dip in the marina bay sands' 150-meter infinity pool, touted as the world's largest for its height, comes with a truly stunning singapore view.",
                "img_gts": [],
                "dialog_act": {
                    "open span: infinity pool": "inform",
                    "open span: good view": "inform"
                }
            },
            "user": {
                "transcript": "thanks! and i want to try some beer in a night life shopping plaza nearby too. please find me one that accepts credit cards.",
                "img_gts": [],
                "turn_label": {
                    "drinks: beer": "inform",
                    "credit cards: yes": "inform",
                    "open span: nightlife": "inform",
                    "open span: mall": "inform"
                }
            },
            "bstate": {
                "venueneigh: financial district": "inform",
                "open span: hotel": "inform",
                "venuescore: good": "inform",
                "open span: scenic view": "inform",
                "open span: infinity pool": "inform",
                "open span: casino": "inform",
                "open span: image": "inform",
                "img_gts: casino": "inform",
                "venuename: marina bay sands": "confirm",
                "open span: good view": "inform",
                "drinks: beer": "inform",
                "credit cards: yes": "inform",
                "open span: nightlife": "inform",
                "open span: mall": "inform"
            }
        },
        {
            "turn idx": 4,
            "agent": {
                "transcript": "i would recommend clarke quay then.",
                "img_gts": [
                    "clarke quay"
                ],
                "dialog_act": {
                    "venuename: clarke quay": "recommend",
                    "img_gts: clarke quay": "inform"
                }
            },
            "user": {
                "transcript": "perfect! thanks for your time.",
                "img_gts": [],
                "turn_label": {
                    "venuename: clarke quay": "confirm",
                    "placeholder": "bye"
                }
            },
            "bstate": {
                "venueneigh: financial district": "inform",
                "open span: hotel": "inform",
                "venuescore: good": "inform",
                "open span: scenic view": "inform",
                "open span: infinity pool": "inform",
                "open span: casino": "inform",
                "open span: image": "inform",
                "open span: good view": "inform",
                "drinks: beer": "inform",
                "credit cards: yes": "inform",
                "open span: nightlife": "inform",
                "open span: mall": "inform",
                "img_gts: clarke quay": "inform",
                "venuename: clarke quay": "confirm"
            }
        }
    ],
    "user rating": 5,
    "user setting": "you are looking for a <b>hotel</b> in <b>financial district</b>. then you plan to have a good night life, hope to try <b>beer</b>.\n",
    "goal": {
        "id": 1413,
        "type": "multiple",
        "modality": "multiple",
        "content": [
            {
                "imgs": [
                    "fccfc8e03725d64e7a3d9552e9e42c72",
                    "7eb1dfee1be4e28eebbe1141f16cca94",
                    "cbcedac2e09ebd94da1752ed7aaab785",
                    "8a8942bfec18ae8de12bb957d1f980c4"
                ],
                "terms": [
                    "56th floor",
                    "breakfast food",
                    "scenic views",
                    "casual",
                    "landmarks",
                    "science museums",
                    "desserts",
                    "architecture",
                    "infinity pool",
                    "tours",
                    "music",
                    "casinos",
                    "rooftop bar",
                    "malls",
                    "gardens",
                    "skypark",
                    "marinas",
                    "coffee",
                    "hotel"
                ],
                "venueCat": [
                    "Resort"
                ],
                "venueName": "Marina Bay Sands",
                "preference": {
                    "get tips": 3,
                    "56th floor": 1,
                    "scenic views": 2,
                    "breakfast food": 1,
                    "Credit Cards: Yes": 1,
                    "venueScore: excellent": 2
                },
                "venueNeigh": "Financial District",
                "venueScore": "excellent",
                "Credit Cards": "Yes"
            },
            {
                "imgs": [
                    "c2d9b02e09eed8aea992256937908163",
                    "56dad34b6d521c4a12590ae928215e72",
                    "3008cdbfd42c91bad490f4dc88efadaf",
                    "3dc8b071a7fb0167fa1b547d5c476fe9"
                ],
                "terms": [
                    "beer",
                    "caf\u00e9",
                    "tours",
                    "beef quesadillas",
                    "chili crabs",
                    "lively",
                    "dinner",
                    "music",
                    "hookah",
                    "wine",
                    "seafood",
                    "scenic views",
                    "ice cream",
                    "casual",
                    "night life",
                    "happy hour",
                    "tacos",
                    "reverse bungy",
                    "dancing",
                    "mojitos"
                ],
                "venueCat": [
                    "Shopping Plaza"
                ],
                "venueName": "Clarke Quay",
                "preference": {
                    "beer": 2,
                    "reverse bungy": 1,
                    "beef quesadillas": 1,
                    "Credit Cards: Yes": 2
                },
                "venueNeigh": "Singapore River",
                "venueScore": "good",
                "Credit Cards": "Yes"
            }
        ],
        "cnv_cnt": 20,
        "user_setting": "You are looking for a <b>hotel</b> in <b>Financial District</b>. Then you plan to have a good night life, hope to try <b>beer</b>.\n",
        "user_location": "unknown"
    }
}