{
    "id": "3633",
    "dialogue": [
        {
            "turn idx": 0,
            "agent": {
                "transcript": "hi, how may i help you?",
                "img_gts": [],
                "dialog_act": {
                    "placeholder": "greet"
                }
            },
            "user": {
                "transcript": "hi, i am looking for a nice place to relax, do you know anywhere?",
                "img_gts": [],
                "turn_label": {
                    "open span: relax": "inform",
                    "open span: recommendation": "request",
                    "open span: place": "request",
                    "placeholder": "greet"
                }
            },
            "bstate": {
                "open span: relax": "inform",
                "open span: recommendation": "request",
                "open span: place": "request"
            }
        },
        {
            "turn idx": 1,
            "agent": {
                "transcript": "what kind of scenery do you enjoy?",
                "img_gts": [],
                "dialog_act": {
                    "open span: scenery": "request"
                }
            },
            "user": {
                "transcript": "i enjoy looking at nature, such as going to a park or a garden.",
                "img_gts": [],
                "turn_label": {
                    "open span: nature": "inform",
                    "open span: garden": "inform",
                    "open span: park": "inform"
                }
            },
            "bstate": {
                "open span: relax": "inform",
                "open span: scenery": "request",
                "open span: nature": "inform",
                "open span: garden": "inform",
                "open span: park": "inform"
            }
        },
        {
            "turn idx": 2,
            "agent": {
                "transcript": "i see, where would you like to go?",
                "img_gts": [],
                "dialog_act": {
                    "venueneigh": "request"
                }
            },
            "user": {
                "transcript": "i am at the west side now, so somewhere near jurong east would be good. i actually saw this online, do you know where this is?",
                "img_gts": [
                    "pagoda/temple"
                ],
                "turn_label": {
                    "venueneigh: jurong east": "inform",
                    "open span: image": "inform",
                    "img_gts: pagoda/temple": "inform"
                }
            },
            "bstate": {
                "open span: relax": "inform",
                "open span: scenery": "request",
                "open span: nature": "inform",
                "open span: garden": "inform",
                "open span: park": "inform",
                "venueneigh: jurong east": "inform",
                "open span: image": "inform",
                "img_gts: pagoda/temple": "inform"
            }
        },
        {
            "turn idx": 3,
            "agent": {
                "transcript": "these are  the pagodas that are located in the chinese & japanese gardens!",
                "img_gts": [],
                "dialog_act": {
                    "venuename: chinese & japanese gardens": "recommend",
                    "open span: pagoda": "inform"
                }
            },
            "user": {
                "transcript": "i see, what else is there to see in these gardens?",
                "img_gts": [],
                "turn_label": {
                    "open span: garden": "inform"
                }
            },
            "bstate": {
                "open span: relax": "inform",
                "open span: scenery": "request",
                "open span: nature": "inform",
                "open span: garden": "inform",
                "open span: park": "inform",
                "venueneigh: jurong east": "inform",
                "open span: image": "inform",
                "img_gts: pagoda/temple": "inform",
                "venuename: chinese & japanese gardens": "recommend",
                "open span: pagoda": "inform"
            }
        },
        {
            "turn idx": 4,
            "agent": {
                "transcript": "these gardens are modeled after typical chinese and japanese gardens. at the japanese garden side, you can find bonsai and statues that resemble a japanese garden. while at the chinese side, there are pagodas and ponds that mimic a real chinese garden. there is also a tortoise museum where would can learn more about tortoises!",
                "img_gts": [],
                "dialog_act": {
                    "open span: statue": "inform",
                    "open span: pagoda": "inform",
                    "open span: bonsai": "inform"
                }
            },
            "user": {
                "transcript": "i see, i will be sure to check that out! i would also like to visit a temple later, do you know where i can do so?",
                "img_gts": [],
                "turn_label": {
                    "open span: temple": "inform",
                    "venuename: chinese & japanese gardens": "confirm"
                }
            },
            "bstate": {
                "open span: relax": "inform",
                "open span: scenery": "request",
                "open span: nature": "inform",
                "open span: garden": "inform",
                "open span: park": "inform",
                "venueneigh: jurong east": "inform",
                "open span: image": "inform",
                "img_gts: pagoda/temple": "inform",
                "open span: pagoda": "inform",
                "open span: statue": "inform",
                "open span: bonsai": "inform",
                "open span: temple": "inform",
                "venuename: chinese & japanese gardens": "confirm"
            }
        },
        {
            "turn idx": 5,
            "agent": {
                "transcript": "i see, what kind of temple would you like to visit?",
                "img_gts": [],
                "dialog_act": {
                    "open span: temple": "inform",
                    "open span: type": "request"
                }
            },
            "user": {
                "transcript": "i would like to visit a buddhist temple.",
                "img_gts": [],
                "turn_label": {}
            },
            "bstate": {
                "open span: relax": "inform",
                "open span: scenery": "request",
                "open span: nature": "inform",
                "open span: garden": "inform",
                "open span: park": "inform",
                "venueneigh: jurong east": "inform",
                "open span: image": "inform",
                "img_gts: pagoda/temple": "inform",
                "open span: pagoda": "inform",
                "open span: statue": "inform",
                "open span: bonsai": "inform",
                "open span: temple": "inform",
                "venuename: chinese & japanese gardens": "confirm",
                "open span: type": "request"
            }
        },
        {
            "turn idx": 6,
            "agent": {
                "transcript": "i see, is there anywhere you prefer to go?",
                "img_gts": [],
                "dialog_act": {
                    "venueneigh": "request"
                }
            },
            "user": {
                "transcript": "i think around novena would be better for me as i have stuff to do later.",
                "img_gts": [],
                "turn_label": {
                    "venueneigh: novena": "inform"
                }
            },
            "bstate": {
                "open span: relax": "inform",
                "open span: scenery": "request",
                "open span: nature": "inform",
                "open span: garden": "inform",
                "open span: park": "inform",
                "open span: image": "inform",
                "img_gts: pagoda/temple": "inform",
                "open span: pagoda": "inform",
                "open span: statue": "inform",
                "open span: bonsai": "inform",
                "open span: temple": "inform",
                "venuename: chinese & japanese gardens": "confirm",
                "venueneigh: novena": "inform"
            }
        },
        {
            "turn idx": 7,
            "agent": {
                "transcript": "i see, what do you enjoy doing at the temple?",
                "img_gts": [],
                "dialog_act": {}
            },
            "user": {
                "transcript": "i enjoy going to the temple for meditation.",
                "img_gts": [],
                "turn_label": {
                    "open span: temple": "inform"
                }
            },
            "bstate": {
                "open span: relax": "inform",
                "open span: scenery": "request",
                "open span: nature": "inform",
                "open span: garden": "inform",
                "open span: park": "inform",
                "open span: image": "inform",
                "img_gts: pagoda/temple": "inform",
                "open span: pagoda": "inform",
                "open span: statue": "inform",
                "open span: bonsai": "inform",
                "open span: temple": "inform",
                "venuename: chinese & japanese gardens": "confirm",
                "venueneigh: novena": "inform"
            }
        },
        {
            "turn idx": 8,
            "agent": {
                "transcript": "i see, i would recommend the burmese buddhist temple. it is situated in novena and it is a quiet and tranquil temple.",
                "img_gts": [],
                "dialog_act": {
                    "venuename: burmese buddhist temple": "recommend",
                    "venueneigh: novena": "inform",
                    "open span: quiet": "inform"
                }
            },
            "user": {
                "transcript": "i see, what can i do there?",
                "img_gts": [],
                "turn_label": {}
            },
            "bstate": {
                "open span: relax": "inform",
                "open span: scenery": "request",
                "open span: nature": "inform",
                "open span: garden": "inform",
                "open span: park": "inform",
                "open span: image": "inform",
                "img_gts: pagoda/temple": "inform",
                "open span: pagoda": "inform",
                "open span: statue": "inform",
                "open span: bonsai": "inform",
                "open span: temple": "inform",
                "venuename: burmese buddhist temple": "recommend",
                "venueneigh: novena": "inform",
                "open span: quiet": "inform"
            }
        },
        {
            "turn idx": 9,
            "agent": {
                "transcript": "i would suggest going for their adult meditation classes that are held every friday evening since you mentioned that you enjoy meditation. please.",
                "img_gts": [],
                "dialog_act": {
                    "open span: what": "request"
                }
            },
            "user": {
                "transcript": "okay, that sounds good. i'll be sure to do that.",
                "img_gts": [],
                "turn_label": {
                    "venuename: burmese buddhist temple": "confirm"
                }
            },
            "bstate": {
                "open span: relax": "inform",
                "open span: scenery": "request",
                "open span: nature": "inform",
                "open span: garden": "inform",
                "open span: park": "inform",
                "open span: image": "inform",
                "img_gts: pagoda/temple": "inform",
                "open span: pagoda": "inform",
                "open span: statue": "inform",
                "open span: bonsai": "inform",
                "open span: temple": "inform",
                "venueneigh: novena": "inform",
                "open span: quiet": "inform",
                "open span: what": "request",
                "venuename: burmese buddhist temple": "confirm"
            }
        },
        {
            "turn idx": 10,
            "agent": {
                "transcript": "okay, have a nice day!",
                "img_gts": [],
                "dialog_act": {
                    "placeholder": "bye"
                }
            },
            "user": {
                "transcript": "",
                "img_gts": [],
                "turn_label": {}
            },
            "bstate": {
                "open span: relax": "inform",
                "open span: scenery": "request",
                "open span: nature": "inform",
                "open span: garden": "inform",
                "open span: park": "inform",
                "open span: image": "inform",
                "img_gts: pagoda/temple": "inform",
                "open span: pagoda": "inform",
                "open span: statue": "inform",
                "open span: bonsai": "inform",
                "open span: temple": "inform",
                "venueneigh: novena": "inform",
                "open span: quiet": "inform",
                "open span: what": "request",
                "venuename: burmese buddhist temple": "confirm"
            }
        }
    ],
    "user rating": 5,
    "user setting": "<b>**use at least three turns of question&answers to find one venue!**</b>   you like to visit a <b>garden</b> with <b>lake</b>, and visit a <b>temple</b>.",
    "goal": {
        "id": 1565,
        "type": "multiple",
        "modality": "multiple",
        "content": [
            {
                "imgs": [
                    "23a51a05ff3f3009cfd11c690c1898c6",
                    "fbd014c0f3b831c64b353e6d3d92bdb5",
                    "da4472773387bcb865f150cc8dd2c33d"
                ],
                "terms": [
                    "bonsai",
                    "ponds",
                    "statues",
                    "turtles",
                    "tortoise museum",
                    "fish",
                    "lakes",
                    "scenic views",
                    "pagoda",
                    "casual",
                    "clean",
                    "gardens"
                ],
                "venueCat": [
                    "Garden",
                    "Park",
                    "Lake"
                ],
                "venueName": "Chinese & Japanese Gardens",
                "preference": {
                    "lakes": 1,
                    "bonsai": 1,
                    "pagoda": 2,
                    "statues": 2,
                    "recognize place by image": 2,
                    "ask for tips or suggestions or things to take note": 3
                },
                "venueNeigh": "Jurong East",
                "venueScore": "average",
                "venueDomain": "sightseeing"
            },
            {
                "imgs": [
                    "798de38c3618b200d04a04533e0b8d09",
                    "505826a9bce3a40d13b4dff84210de70"
                ],
                "terms": [
                    "meditation",
                    "quiet",
                    "friendly staff"
                ],
                "venueCat": [
                    "Temple"
                ],
                "venueName": "Burmese Buddhist Temple",
                "preference": {
                    "quiet": 1,
                    "Novena": 1,
                    "for meditation": 2,
                    "friendly staff": 1,
                    "recognize place by image": 2,
                    "ask for tips or suggestions or things to take note": 3
                },
                "venueNeigh": "Novena",
                "venueScore": "average",
                "venueDomain": "sightseeing"
            }
        ],
        "cnv_cnt": 20,
        "user_setting": "<b>**Use at least three turns of Question&Answers to find one venue!**</b>   You like to visit a <b>Garden</b> with <b>lake</b>, and visit a <b>Temple</b>.",
        "user_location": "unknown"
    }
}