{
    "id": "3648",
    "dialogue": [
        {
            "turn idx": 0,
            "agent": {
                "transcript": "",
                "img_gts": [],
                "dialog_act": {}
            },
            "user": {
                "transcript": "hi there, i am looking for a bakery where i can get this dish in the picture for breakfast. can you tell me where i can find it?",
                "img_gts": [
                    "beancurd/pudding"
                ],
                "turn_label": {
                    "open span: image": "inform",
                    "open span: food": "inform",
                    "open span: bakery": "inform",
                    "venuename": "request",
                    "placeholder": "greet",
                    "menus: breakfast": "inform",
                    "img_gts: beancurd/pudding": "inform"
                }
            },
            "bstate": {
                "open span: image": "inform",
                "open span: food": "inform",
                "open span: bakery": "inform",
                "venuename": "request",
                "menus: breakfast": "inform",
                "img_gts: beancurd/pudding": "inform"
            }
        },
        {
            "turn idx": 1,
            "agent": {
                "transcript": "you can get that pudding in the picture at paris baguette.",
                "img_gts": [],
                "dialog_act": {
                    "venuename: paris baguette": "recommend",
                    "open span: image": "inform",
                    "open span: pudding": "inform"
                }
            },
            "user": {
                "transcript": "can you tell me more about that place?",
                "img_gts": [],
                "turn_label": {}
            },
            "bstate": {
                "open span: image": "inform",
                "open span: food": "inform",
                "open span: bakery": "inform",
                "menus: breakfast": "inform",
                "img_gts: beancurd/pudding": "inform",
                "venuename: paris baguette": "recommend",
                "open span: pudding": "inform"
            }
        },
        {
            "turn idx": 2,
            "agent": {
                "transcript": "paris baguette has good service and is good for a quick meal. try the lattes while there too.",
                "img_gts": [],
                "dialog_act": {
                    "open span: good for a quick meal": "inform",
                    "open span: latte": "inform",
                    "open span: good service": "inform"
                }
            },
            "user": {
                "transcript": "sounds lovely! can i get the address for this place?",
                "img_gts": [],
                "turn_label": {
                    "venueaddress": "request",
                    "venuename: paris baguette": "confirm"
                }
            },
            "bstate": {
                "open span: image": "inform",
                "open span: food": "inform",
                "open span: bakery": "inform",
                "menus: breakfast": "inform",
                "img_gts: beancurd/pudding": "inform",
                "open span: pudding": "inform",
                "open span: good for a quick meal": "inform",
                "open span: latte": "inform",
                "open span: good service": "inform",
                "venueaddress": "request",
                "venuename: paris baguette": "confirm"
            }
        },
        {
            "turn idx": 3,
            "agent": {
                "transcript": "they are located at #02-20, jem (50 jurong gateway rd) 608549 singapore.",
                "img_gts": [],
                "dialog_act": {
                    "venueaddress: #02-20, jem (50 jurong gateway rd) 608549 singapore": "inform"
                }
            },
            "user": {
                "transcript": "after breakfast, i'm looking for a place to go bird watching. do you have a park to recommend?",
                "img_gts": [],
                "turn_label": {
                    "open span: bird watch": "inform",
                    "open span: park": "inform"
                }
            },
            "bstate": {
                "open span: image": "inform",
                "open span: food": "inform",
                "open span: bakery": "inform",
                "menus: breakfast": "inform",
                "img_gts: beancurd/pudding": "inform",
                "open span: pudding": "inform",
                "open span: good for a quick meal": "inform",
                "open span: latte": "inform",
                "open span: good service": "inform",
                "venuename: paris baguette": "confirm",
                "venueaddress: #02-20, jem (50 jurong gateway rd) 608549 singapore": "inform",
                "open span: bird watch": "inform",
                "open span: park": "inform"
            }
        },
        {
            "turn idx": 4,
            "agent": {
                "transcript": "which part of singapore is convenient for you?",
                "img_gts": [],
                "dialog_act": {
                    "open span: convenient": "inform",
                    "venueneigh": "request"
                }
            },
            "user": {
                "transcript": "i will be at the west region of singapore.",
                "img_gts": [],
                "turn_label": {
                    "venueneigh: west region": "inform"
                }
            },
            "bstate": {
                "open span: image": "inform",
                "open span: food": "inform",
                "open span: bakery": "inform",
                "menus: breakfast": "inform",
                "img_gts: beancurd/pudding": "inform",
                "open span: pudding": "inform",
                "open span: good for a quick meal": "inform",
                "open span: latte": "inform",
                "open span: good service": "inform",
                "venuename: paris baguette": "confirm",
                "venueaddress: #02-20, jem (50 jurong gateway rd) 608549 singapore": "inform",
                "open span: bird watch": "inform",
                "open span: park": "inform",
                "open span: convenient": "inform",
                "venueneigh: west region": "inform"
            }
        },
        {
            "turn idx": 5,
            "agent": {
                "transcript": "then you should visit jurong bird park.",
                "img_gts": [],
                "dialog_act": {
                    "venuename: jurong bird park": "recommend"
                }
            },
            "user": {
                "transcript": "cool! what should i note when i am there?",
                "img_gts": [],
                "turn_label": {
                    "venuename: jurong bird park": "confirm"
                }
            },
            "bstate": {
                "open span: image": "inform",
                "open span: food": "inform",
                "open span: bakery": "inform",
                "menus: breakfast": "inform",
                "img_gts: beancurd/pudding": "inform",
                "open span: pudding": "inform",
                "open span: good for a quick meal": "inform",
                "open span: latte": "inform",
                "open span: good service": "inform",
                "venueaddress: #02-20, jem (50 jurong gateway rd) 608549 singapore": "inform",
                "open span: bird watch": "inform",
                "open span: park": "inform",
                "open span: convenient": "inform",
                "venueneigh: west region": "inform",
                "venuename: jurong bird park": "confirm"
            }
        },
        {
            "turn idx": 6,
            "agent": {
                "transcript": "you must watch high flyers! you will be amazed how intelligent birds can be. don't they look smart in this picture?",
                "img_gts": [
                    "bird"
                ],
                "dialog_act": {
                    "open span: image": "inform",
                    "open span: bird": "inform",
                    "img_gts: bird": "inform"
                }
            },
            "user": {
                "transcript": "the birds look so lovely! thanks for your tips.",
                "img_gts": [],
                "turn_label": {
                    "placeholder": "bye"
                }
            },
            "bstate": {
                "open span: image": "inform",
                "open span: food": "inform",
                "open span: bakery": "inform",
                "menus: breakfast": "inform",
                "open span: pudding": "inform",
                "open span: good for a quick meal": "inform",
                "open span: latte": "inform",
                "open span: good service": "inform",
                "venueaddress: #02-20, jem (50 jurong gateway rd) 608549 singapore": "inform",
                "open span: bird watch": "inform",
                "open span: park": "inform",
                "open span: convenient": "inform",
                "venueneigh: west region": "inform",
                "venuename: jurong bird park": "confirm",
                "open span: bird": "inform",
                "img_gts: bird": "inform"
            }
        }
    ],
    "user rating": 5,
    "user setting": "<b>**use at least three turns of question&answers to find one venue!**</b>   you are looking for a <b>bakery</b> for <b>breakfast</b>. later you plan to go to a <b>park</b> for <b>bird watching</b>.",
    "goal": {
        "id": 1554,
        "type": "multiple",
        "modality": "multiple",
        "content": [
            {
                "imgs": [
                    "fb4289b7e6550365eaf0df798fe49391",
                    "10adf2421676a0779e0851bdb5b5b5ff"
                ],
                "Menus": [
                    "Brunch",
                    "Lunch"
                ],
                "price": "Cheap",
                "terms": [
                    "baguettes",
                    "coffee",
                    "brunch food",
                    "ham",
                    "lunch",
                    "tea",
                    "trendy",
                    "lattes",
                    "bacon",
                    "desserts",
                    "pudding",
                    "sandwiches",
                    "good for a quick meal",
                    "cake",
                    "muffins",
                    "good service",
                    "pad Thai",
                    "salads",
                    "condensed milk",
                    "pastries"
                ],
                "venueCat": [
                    "Bakery",
                    "Asian Restaurant"
                ],
                "venueName": "Paris Baguette",
                "preference": {
                    "Bakery": 2,
                    "lattes": 1,
                    "brunch food": 2,
                    "get address": 3,
                    "good service": 1,
                    "good for a quick meal": 1,
                    "recognize pudding by image": 2
                },
                "venueNeigh": "Jurong East",
                "venueScore": "average",
                "venueDomain": "food",
                "Credit Cards": "Yes",
                "Dining Options": [
                    "No Delivery"
                ],
                "Outdoor Seating": "No"
            },
            {
                "imgs": [
                    "9ac19d2ded0ea7982df2c14ec58f0c0b",
                    "7333aa91b7ee16d7443d04233975148d",
                    "b4895d00832947a13f5ad5dbdd199137"
                ],
                "Wi-Fi": "Yes",
                "terms": [
                    "wildlife",
                    "booths",
                    "lory loft",
                    "trails",
                    "park",
                    "breakfast food",
                    "trams",
                    "session",
                    "playground",
                    "bird watching",
                    "waterfall aviary",
                    "staff"
                ],
                "venueCat": [
                    "Zoo",
                    "Park",
                    "Other Great Outdoors"
                ],
                "venueName": "Jurong Bird Park",
                "preference": {
                    "Zoo": 1,
                    "wildlife": 2,
                    "West Region": 1,
                    "bird watching": 2,
                    "show birds image to user": 1,
                    "ask for tips or suggestions or things to take note": 3
                },
                "venueNeigh": "West Region",
                "venueScore": "good",
                "venueDomain": "sightseeing",
                "Credit Cards": "Yes"
            }
        ],
        "cnv_cnt": 20,
        "user_setting": "<b>**Use at least three turns of Question&Answers to find one venue!**</b>   You are looking for a <b>Bakery</b> for <b>breakfast</b>. Later you plan to go to a <b>park</b> for <b>bird watching</b>.",
        "user_location": "unknown"
    }
}