{
    "id": "3668",
    "dialogue": [
        {
            "turn idx": 0,
            "agent": {
                "transcript": "",
                "img_gts": [],
                "dialog_act": {}
            },
            "user": {
                "transcript": "hi, i am looking for a place to eat at along orchard road and i also want to check if there is a shopping mall nearby. would you be able to help me?",
                "img_gts": [],
                "turn_label": {
                    "open span: place to eat": "request",
                    "venueneigh: orchard road": "inform",
                    "open span: mall": "inform",
                    "placeholder": "greet"
                }
            },
            "bstate": {
                "open span: place to eat": "request",
                "venueneigh: orchard road": "inform",
                "open span: mall": "inform"
            }
        },
        {
            "turn idx": 1,
            "agent": {
                "transcript": "sure, what kinds of places are you looking for?",
                "img_gts": [],
                "dialog_act": {
                    "open span: type": "request"
                }
            },
            "user": {
                "transcript": "i am looking for a cantonese restaurant to eat at. for the shopping mall, is there one with din tai fung that is nearby?",
                "img_gts": [],
                "turn_label": {
                    "venuename": "request",
                    "open span: mall": "inform"
                }
            },
            "bstate": {
                "venueneigh: orchard road": "inform",
                "open span: mall": "inform",
                "open span: type": "request",
                "venuename": "request"
            }
        },
        {
            "turn idx": 2,
            "agent": {
                "transcript": "do you have any other preferences?",
                "img_gts": [],
                "dialog_act": {
                    "open span: preference": "request",
                    "open span: any other": "request"
                }
            },
            "user": {
                "transcript": "it would be great if the restaurant is family-friendly and if the shopping mall also has liho tea.",
                "img_gts": [],
                "turn_label": {
                    "open span: limo tea": "inform",
                    "open span: mall": "inform",
                    "open span: family friendly": "inform"
                }
            },
            "bstate": {
                "venueneigh: orchard road": "inform",
                "open span: mall": "inform",
                "venuename": "request",
                "open span: preference": "request",
                "open span: any other": "request",
                "open span: limo tea": "inform",
                "open span: family friendly": "inform"
            }
        },
        {
            "turn idx": 3,
            "agent": {
                "transcript": "you can go to hua ting restaurant and then head to wisma atria.",
                "img_gts": [],
                "dialog_act": {
                    "venuename: hua ting restaurant": "recommend"
                }
            },
            "user": {
                "transcript": "what kind of food do they have at the restaurant? and can i get their phone number? and can i get the address of the shopping mall?",
                "img_gts": [],
                "turn_label": {
                    "telephone": "request",
                    "venueaddress": "request",
                    "open span: mall": "inform",
                    "open span: food": "inform"
                }
            },
            "bstate": {
                "venueneigh: orchard road": "inform",
                "open span: mall": "inform",
                "open span: limo tea": "inform",
                "open span: family friendly": "inform",
                "venuename: hua ting restaurant": "recommend",
                "telephone": "request",
                "venueaddress": "request",
                "open span: food": "inform"
            }
        },
        {
            "turn idx": 4,
            "agent": {
                "transcript": "they have dim sum like in the picture and their phone number is +65 6739 6666. the address of the shopping mall is 435 orchard rd. 238877 singapore.",
                "img_gts": [
                    "steamed bun (xiao long bao)"
                ],
                "dialog_act": {
                    "telephone: +65 6235 8177": "inform",
                    "venueaddress: 435 orchard rd. 238877 singapore": "inform",
                    "open span: image": "inform",
                    "open span: dim sum": "inform",
                    "img_gts: steamed bun (xiao long bao)": "inform"
                }
            },
            "user": {
                "transcript": "okay, great!",
                "img_gts": [],
                "turn_label": {
                    "venuename: hua ting restaurant": "confirm"
                }
            },
            "bstate": {
                "venueneigh: orchard road": "inform",
                "open span: mall": "inform",
                "open span: limo tea": "inform",
                "open span: family friendly": "inform",
                "open span: food": "inform",
                "telephone: +65 62358177": "inform",
                "venueaddress: 435 orchard rd. 238877 singapore": "inform",
                "open span: image": "inform",
                "open span: dim sum": "inform",
                "img_gts: steamed bun (xiao long bao)": "inform",
                "venuename: hua ting restaurant": "confirm"
            }
        },
        {
            "turn idx": 5,
            "agent": {
                "transcript": "is there anything else i can help with?",
                "img_gts": [],
                "dialog_act": {
                    "open span: anything else": "request"
                }
            },
            "user": {
                "transcript": "nope, that's all, thank you!",
                "img_gts": [],
                "turn_label": {
                    "open span: anything else": "negate",
                    "placeholder": "bye"
                }
            },
            "bstate": {
                "venueneigh: orchard road": "inform",
                "open span: mall": "inform",
                "open span: limo tea": "inform",
                "open span: family friendly": "inform",
                "open span: food": "inform",
                "telephone: +65 62358177": "inform",
                "venueaddress: 435 orchard rd. 238877 singapore": "inform",
                "open span: image": "inform",
                "open span: dim sum": "inform",
                "img_gts: steamed bun (xiao long bao)": "inform",
                "venuename: hua ting restaurant": "confirm"
            }
        }
    ],
    "user rating": 5,
    "user setting": "<b>**use at least three turns of question&answers to find one venue!**</b>   you are looking for <b>cantonese restaurant</b>. also would like to check whether there is a <b>shooping mall</b> <b>nearby</b> with <b>din tai fung</b>.",
    "goal": {
        "id": 1548,
        "type": "multiple",
        "modality": "multiple",
        "content": [
            {
                "imgs": [
                    "5f62c39dfd134cd7da9077ba24e38079",
                    "0da8c209447d470b86a9b5aea0267a9e",
                    "6987b03360668f4ffd2d5602809bf72f"
                ],
                "Menus": [
                    "Brunch",
                    "Lunch",
                    "Dinner"
                ],
                "price": "Moderate",
                "terms": [
                    "pork",
                    "rice",
                    "chicken and mango",
                    "lunch",
                    "dim sum",
                    "mango pie",
                    "shrimp",
                    "dumplings",
                    "buns",
                    "family-friendly",
                    "chives",
                    "deep fried mushrooms",
                    "dinner",
                    "noodles",
                    "good for groups"
                ],
                "venueCat": [
                    "Dim Sum Restaurant",
                    "Cantonese Restaurant",
                    "Hong Kong Restaurant"
                ],
                "venueName": "Hua Ting Restaurant",
                "preference": {
                    "Orchard Road": 2,
                    "family-friendly": 1,
                    "get phone number": 3,
                    "Cantonese Restaurant": 2,
                    "show dim sum image to user": 2
                },
                "venueNeigh": "Orchard Road",
                "venueScore": "average",
                "venueDomain": "food",
                "Credit Cards": "Yes",
                "Reservations": "Yes",
                "Dining Options": [
                    "No Delivery"
                ],
                "Outdoor Seating": "No"
            },
            {
                "imgs": [],
                "terms": [
                    "cookies",
                    "cappuccinos",
                    "food republic",
                    "Plaza",
                    "food courts",
                    "tea",
                    "crowded",
                    "accessories",
                    "hokkien mee",
                    "fried tofu",
                    "frozen yogurt",
                    "dinner",
                    "lunch",
                    "basement",
                    "popcorn",
                    "noodles",
                    "sally",
                    "Christmas",
                    "ice cream",
                    "shoes"
                ],
                "stores": [
                    "Chalone",
                    "Coach",
                    "Cotton On Body",
                    "Cotton On Kids",
                    "Forever New",
                    "Future State",
                    "Lacoste",
                    "Nana Reve De La",
                    "OSMOSE",
                    "Seafolly",
                    "Sixties",
                    "A Tory Burch",
                    "Seed Heritage",
                    "Sans & Sans",
                    "Southaven Boutique",
                    "Vivre Activewear",
                    "The Underground",
                    "iORA*",
                    "MANGO* Basement 1 BOLON",
                    "Shadori",
                    "Excluniqueeee",
                    "Love & Bravery",
                    "Burger+",
                    "Din Tai Fung Level 4 Famous Amos",
                    "Food Republic Level 4 Garrett Popcorn shops \u00ae",
                    "Mr Bean",
                    "Paris Baguette",
                    "Starbucks Coffee",
                    "Subway Niche",
                    "Ben's Cookies",
                    "R&B Tea",
                    "Samurice",
                    "Fruce",
                    "LiHO TEA \u91cc\u559d",
                    "Japan Food Town*",
                    "EAT.",
                    "Fragrance",
                    "Fun Toast",
                    "Old Chang Kee",
                    "SF",
                    "Wonderland Savour",
                    "Boost Juice",
                    "Paradise Dynasty",
                    "Krispy Kreme",
                    "A llaollao",
                    "Etude House",
                    "GNC",
                    "Lush",
                    "Sasa",
                    "THEFACESHOP",
                    "Lionesse Beauty Bar",
                    "Gene \u2013 By Ginrich",
                    "Lionesse Exclusive\u200b",
                    "Qoosh Nail Spa",
                    "Renaza Facial Spa*",
                    "amika",
                    "Salon Vim*",
                    "YANN BEYRIE SALON*",
                    "FashionTV Cosmetics",
                    "Kristals",
                    "Botanifique",
                    "The Body Shop",
                    "prettyFIT",
                    "B*dazzle",
                    "A CHARLES & KEITH",
                    "HELEN",
                    "Lovisa",
                    "PAZZION",
                    "Pedro",
                    "Porter International",
                    "Elisa Litz",
                    "FitFlop",
                    "KIMOJ",
                    "MUJOSH Lab",
                    "AW LAB",
                    "All Watches",
                    "Masterpiece Time & Jewels",
                    "Rado",
                    "TAG Heuer",
                    "Emperor Watch & Jewellery",
                    "MAUBOUSSIN",
                    "Franck Muller*",
                    "World of Watches 2*",
                    "Longines*",
                    "A By Invite Only",
                    "UCHINO MYMY*",
                    "That CD Shop",
                    "Invisalign",
                    "Smiggle",
                    "TYPO",
                    "Gadget Mix",
                    "Sony Store*",
                    "Gifts Greetings",
                    "7-Eleven",
                    "Capital City Trading"
                ],
                "venueCat": [
                    "Shopping Mall"
                ],
                "venueName": "Wisma Atria",
                "preference": {
                    "get address": 3,
                    "Orchard Road": 2,
                    "Shopping Mall": 1,
                    "have LiHO TEA": 1,
                    "have Din Tai Fung": 2
                },
                "venueNeigh": "Orchard Road",
                "venueScore": "average",
                "venueDomain": "mall",
                "Credit Cards": "Yes"
            }
        ],
        "cnv_cnt": 20,
        "user_setting": "<b>**Use at least three turns of Question&Answers to find one venue!**</b>   You are looking for <b>Cantonese Restaurant</b>. Also would like to check whether there is a <b>shooping mall</b> <b>nearby</b> with <b>Din Tai Fung</b>.",
        "user_location": "Orchard Road"
    }
}