{
    "id": "3824",
    "dialogue": [
        {
            "turn idx": 0,
            "agent": {
                "transcript": "",
                "img_gts": [],
                "dialog_act": {}
            },
            "user": {
                "transcript": "hi i trying to find a bakery for brunch food.",
                "img_gts": [],
                "turn_label": {
                    "menus: brunch": "inform",
                    "open span: bakery": "inform",
                    "placeholder": "greet"
                }
            },
            "bstate": {
                "menus: brunch": "inform",
                "open span: bakery": "inform"
            }
        },
        {
            "turn idx": 1,
            "agent": {
                "transcript": "hello! i have a couple of places to recommend. do you have any specific requests?",
                "img_gts": [],
                "dialog_act": {
                    "open span: specific request": "request"
                }
            },
            "user": {
                "transcript": "somewhere with good service and is good for a quick meal.",
                "img_gts": [],
                "turn_label": {
                    "open span: good for a quick meal": "inform",
                    "open span: good service": "inform"
                }
            },
            "bstate": {
                "menus: brunch": "inform",
                "open span: bakery": "inform",
                "open span: specific request": "request",
                "open span: good for a quick meal": "inform",
                "open span: good service": "inform"
            }
        },
        {
            "turn idx": 2,
            "agent": {
                "transcript": "i see. and is there anything specific you would like to eat?",
                "img_gts": [],
                "dialog_act": {
                    "open span: specific": "request"
                }
            },
            "user": {
                "transcript": "i want to try this thing in the photo.",
                "img_gts": [
                    "beancurd/pudding"
                ],
                "turn_label": {
                    "open span: image": "inform",
                    "img_gts: beancurd/pudding": "inform"
                }
            },
            "bstate": {
                "menus: brunch": "inform",
                "open span: bakery": "inform",
                "open span: good for a quick meal": "inform",
                "open span: good service": "inform",
                "open span: specific": "request",
                "open span: image": "inform",
                "img_gts: beancurd/pudding": "inform"
            }
        },
        {
            "turn idx": 3,
            "agent": {
                "transcript": "ah, pudding! i would recommend paris baguette's one. their pudding is quite nice and tastes like cream - very soft and sweet!",
                "img_gts": [],
                "dialog_act": {
                    "venuename: paris baguette": "recommend",
                    "open span: pudding": "inform"
                }
            },
            "user": {
                "transcript": "what is their address?",
                "img_gts": [],
                "turn_label": {
                    "venueaddress": "request"
                }
            },
            "bstate": {
                "menus: brunch": "inform",
                "open span: bakery": "inform",
                "open span: good for a quick meal": "inform",
                "open span: good service": "inform",
                "open span: image": "inform",
                "img_gts: beancurd/pudding": "inform",
                "venuename: paris baguette": "recommend",
                "open span: pudding": "inform",
                "venueaddress": "request"
            }
        },
        {
            "turn idx": 4,
            "agent": {
                "transcript": "you can find them at jem #02-20 (50 jurong gateway road singapore 608549).",
                "img_gts": [],
                "dialog_act": {
                    "venueaddress: #02-20, jem (50 jurong gateway rd) 608549 singapore": "inform"
                }
            },
            "user": {
                "transcript": "ok. i want to visit a park later also.",
                "img_gts": [],
                "turn_label": {
                    "open span: park": "inform",
                    "venuename: paris baguette": "confirm"
                }
            },
            "bstate": {
                "menus: brunch": "inform",
                "open span: bakery": "inform",
                "open span: good for a quick meal": "inform",
                "open span: good service": "inform",
                "open span: image": "inform",
                "img_gts: beancurd/pudding": "inform",
                "open span: pudding": "inform",
                "venueaddress: #02-20, jem (50 jurong gateway rd) 608549 singapore": "inform",
                "open span: park": "inform",
                "venuename: paris baguette": "confirm"
            }
        },
        {
            "turn idx": 5,
            "agent": {
                "transcript": "have you got a preferred location?",
                "img_gts": [],
                "dialog_act": {
                    "venueneigh": "request"
                }
            },
            "user": {
                "transcript": "west reigon.",
                "img_gts": [],
                "turn_label": {
                    "venueneigh: west region": "inform"
                }
            },
            "bstate": {
                "menus: brunch": "inform",
                "open span: bakery": "inform",
                "open span: good for a quick meal": "inform",
                "open span: good service": "inform",
                "open span: image": "inform",
                "img_gts: beancurd/pudding": "inform",
                "open span: pudding": "inform",
                "venueaddress: #02-20, jem (50 jurong gateway rd) 608549 singapore": "inform",
                "open span: park": "inform",
                "venuename: paris baguette": "confirm",
                "venueneigh: west region": "inform"
            }
        },
        {
            "turn idx": 6,
            "agent": {
                "transcript": "got it. and is there any specific activity you would like to do there?",
                "img_gts": [],
                "dialog_act": {}
            },
            "user": {
                "transcript": "bird watching. so need a lot of wildlife.",
                "img_gts": [],
                "turn_label": {
                    "open span: wildlife": "inform",
                    "open span: bird watch": "inform"
                }
            },
            "bstate": {
                "menus: brunch": "inform",
                "open span: bakery": "inform",
                "open span: good for a quick meal": "inform",
                "open span: good service": "inform",
                "open span: image": "inform",
                "img_gts: beancurd/pudding": "inform",
                "open span: pudding": "inform",
                "venueaddress: #02-20, jem (50 jurong gateway rd) 608549 singapore": "inform",
                "open span: park": "inform",
                "venuename: paris baguette": "confirm",
                "venueneigh: west region": "inform",
                "open span: wildlife": "inform",
                "open span: bird watch": "inform"
            }
        },
        {
            "turn idx": 7,
            "agent": {
                "transcript": "i would recommend jurong bird park then. this bird park is home to flamingoes, parrots, pelicans, swans, owls, and dozens more. highlights include the african waterfall aviary and lory loft.",
                "img_gts": [],
                "dialog_act": {
                    "venuename: jurong bird park": "recommend"
                }
            },
            "user": {
                "transcript": "anything to take note of?",
                "img_gts": [],
                "turn_label": {
                    "venuename: jurong bird park": "confirm",
                    "open span: tip or suggestion": "request"
                }
            },
            "bstate": {
                "menus: brunch": "inform",
                "open span: bakery": "inform",
                "open span: good for a quick meal": "inform",
                "open span: good service": "inform",
                "open span: image": "inform",
                "img_gts: beancurd/pudding": "inform",
                "open span: pudding": "inform",
                "venueaddress: #02-20, jem (50 jurong gateway rd) 608549 singapore": "inform",
                "open span: park": "inform",
                "venueneigh: west region": "inform",
                "open span: wildlife": "inform",
                "open span: bird watch": "inform",
                "venuename: jurong bird park": "confirm",
                "open span: tip or suggestion": "request"
            }
        },
        {
            "turn idx": 8,
            "agent": {
                "transcript": "definitely check the weather forecast before your visit. and as with other attractions, buy your tickets online to skip the queue. also, if you must only catch one show, do go for the king of the skies!",
                "img_gts": [],
                "dialog_act": {}
            },
            "user": {
                "transcript": "ok thanks.",
                "img_gts": [],
                "turn_label": {
                    "placeholder": "bye"
                }
            },
            "bstate": {
                "menus: brunch": "inform",
                "open span: bakery": "inform",
                "open span: good for a quick meal": "inform",
                "open span: good service": "inform",
                "open span: image": "inform",
                "img_gts: beancurd/pudding": "inform",
                "open span: pudding": "inform",
                "venueaddress: #02-20, jem (50 jurong gateway rd) 608549 singapore": "inform",
                "open span: park": "inform",
                "venueneigh: west region": "inform",
                "open span: wildlife": "inform",
                "open span: bird watch": "inform",
                "venuename: jurong bird park": "confirm"
            }
        },
        {
            "turn idx": 9,
            "agent": {
                "transcript": "you're welcome! hope you have a great day ahead.",
                "img_gts": [],
                "dialog_act": {
                    "placeholder": "bye"
                }
            },
            "user": {
                "transcript": "",
                "img_gts": [],
                "turn_label": {}
            },
            "bstate": {
                "menus: brunch": "inform",
                "open span: bakery": "inform",
                "open span: good for a quick meal": "inform",
                "open span: good service": "inform",
                "open span: image": "inform",
                "img_gts: beancurd/pudding": "inform",
                "open span: pudding": "inform",
                "venueaddress: #02-20, jem (50 jurong gateway rd) 608549 singapore": "inform",
                "open span: park": "inform",
                "venueneigh: west region": "inform",
                "open span: wildlife": "inform",
                "open span: bird watch": "inform",
                "venuename: jurong bird park": "confirm"
            }
        }
    ],
    "user rating": 4,
    "user setting": "<b>**use at least three turns of question&answers to find one venue!**</b>   you are looking for a <b>bakery</b> for <b>breakfast</b>. later you plan to go to a <b>park</b> for <b>bird watching</b>.",
    "goal": {
        "id": 1554,
        "type": "multiple",
        "modality": "multiple",
        "content": [
            {
                "imgs": [
                    "fb4289b7e6550365eaf0df798fe49391",
                    "10adf2421676a0779e0851bdb5b5b5ff"
                ],
                "Menus": [
                    "Brunch",
                    "Lunch"
                ],
                "price": "Cheap",
                "terms": [
                    "baguettes",
                    "coffee",
                    "brunch food",
                    "ham",
                    "lunch",
                    "tea",
                    "trendy",
                    "lattes",
                    "bacon",
                    "desserts",
                    "pudding",
                    "sandwiches",
                    "good for a quick meal",
                    "cake",
                    "muffins",
                    "good service",
                    "pad Thai",
                    "salads",
                    "condensed milk",
                    "pastries"
                ],
                "venueCat": [
                    "Bakery",
                    "Asian Restaurant"
                ],
                "venueName": "Paris Baguette",
                "preference": {
                    "Bakery": 2,
                    "lattes": 1,
                    "brunch food": 2,
                    "get address": 3,
                    "good service": 1,
                    "good for a quick meal": 1,
                    "recognize pudding by image": 2
                },
                "venueNeigh": "Jurong East",
                "venueScore": "average",
                "venueDomain": "food",
                "Credit Cards": "Yes",
                "Dining Options": [
                    "No Delivery"
                ],
                "Outdoor Seating": "No"
            },
            {
                "imgs": [
                    "9ac19d2ded0ea7982df2c14ec58f0c0b",
                    "7333aa91b7ee16d7443d04233975148d",
                    "b4895d00832947a13f5ad5dbdd199137"
                ],
                "Wi-Fi": "Yes",
                "terms": [
                    "wildlife",
                    "booths",
                    "lory loft",
                    "trails",
                    "park",
                    "breakfast food",
                    "trams",
                    "session",
                    "playground",
                    "bird watching",
                    "waterfall aviary",
                    "staff"
                ],
                "venueCat": [
                    "Zoo",
                    "Park",
                    "Other Great Outdoors"
                ],
                "venueName": "Jurong Bird Park",
                "preference": {
                    "Zoo": 1,
                    "wildlife": 2,
                    "West Region": 1,
                    "bird watching": 2,
                    "show birds image to user": 1,
                    "ask for tips or suggestions or things to take note": 3
                },
                "venueNeigh": "West Region",
                "venueScore": "good",
                "venueDomain": "sightseeing",
                "Credit Cards": "Yes"
            }
        ],
        "cnv_cnt": 20,
        "user_setting": "<b>**Use at least three turns of Question&Answers to find one venue!**</b>   You are looking for a <b>Bakery</b> for <b>breakfast</b>. Later you plan to go to a <b>park</b> for <b>bird watching</b>.",
        "user_location": "unknown"
    }
}