{
    "id": "3832",
    "dialogue": [
        {
            "turn idx": 0,
            "agent": {
                "transcript": "",
                "img_gts": [],
                "dialog_act": {}
            },
            "user": {
                "transcript": "hi, i am looking for the address of a historic site that is in the novena area.",
                "img_gts": [],
                "turn_label": {
                    "venueneigh: novena": "inform",
                    "open span: historic site": "inform",
                    "placeholder": "greet"
                }
            },
            "bstate": {
                "venueneigh: novena": "inform",
                "open span: historic site": "inform"
            }
        },
        {
            "turn idx": 1,
            "agent": {
                "transcript": "can you tell me more about the historic site?",
                "img_gts": [],
                "dialog_act": {
                    "open span: more information": "request"
                }
            },
            "user": {
                "transcript": "it is a memorial of sun yat sen and i have a picture like this.",
                "img_gts": [
                    "malay heritage center"
                ],
                "turn_label": {
                    "open span: image": "inform",
                    "open span: sun yat sen": "inform",
                    "img_gts: malay heritage center": "inform"
                }
            },
            "bstate": {
                "venueneigh: novena": "inform",
                "open span: historic site": "inform",
                "open span: more information": "request",
                "open span: image": "inform",
                "open span: sun yat sen": "inform",
                "img_gts: malay heritage center": "inform"
            }
        },
        {
            "turn idx": 2,
            "agent": {
                "transcript": "that is the sun yat sen nanyang memorial hall located at 12 tai gin road 327874 singapore.",
                "img_gts": [],
                "dialog_act": {
                    "venuename: sun yat sen nanyang memorial hall": "recommend",
                    "venueaddress: 12 tai gin road 327874 singapore": "inform"
                }
            },
            "user": {
                "transcript": "okay! after visiting this place, i would like to try some local food.",
                "img_gts": [],
                "turn_label": {
                    "open span: local food": "inform",
                    "venuename: sun yat sen nanyang memorial hall": "confirm"
                }
            },
            "bstate": {
                "venueneigh: novena": "inform",
                "open span: historic site": "inform",
                "open span: image": "inform",
                "open span: sun yat sen": "inform",
                "img_gts: malay heritage center": "inform",
                "venueaddress: 12 tai gin road 327874 singapore": "inform",
                "open span: local food": "inform",
                "venuename: sun yat sen nanyang memorial hall": "confirm"
            }
        },
        {
            "turn idx": 3,
            "agent": {
                "transcript": "what kind of local food are you thinking of having?",
                "img_gts": [],
                "dialog_act": {}
            },
            "user": {
                "transcript": "i would like to try this roasted chicken dish with chicken soup like in the picture. i heard that it is nice with rice, chilli and black sauce.",
                "img_gts": [
                    "rice set"
                ],
                "turn_label": {
                    "open span: image": "inform",
                    "open span: chicken soup": "inform",
                    "open span: roast chicken": "inform",
                    "img_gts: rice set": "inform"
                }
            },
            "bstate": {
                "venueneigh: novena": "inform",
                "open span: historic site": "inform",
                "open span: image": "inform",
                "open span: sun yat sen": "inform",
                "venueaddress: 12 tai gin road 327874 singapore": "inform",
                "open span: local food": "inform",
                "venuename: sun yat sen nanyang memorial hall": "confirm",
                "open span: chicken soup": "inform",
                "open span: roast chicken": "inform",
                "img_gts: rice set": "inform"
            }
        },
        {
            "turn idx": 4,
            "agent": {
                "transcript": "that is chicken rice. do you have any other preferences for the place?",
                "img_gts": [],
                "dialog_act": {
                    "open span: preference": "request",
                    "open span: any other": "request",
                    "open span: chicken rice": "inform"
                }
            },
            "user": {
                "transcript": "i would like the place to be somewhere in the central region and have moderate prices.",
                "img_gts": [],
                "turn_label": {
                    "venueneigh: central region": "inform",
                    "price: moderate": "inform"
                }
            },
            "bstate": {
                "open span: historic site": "inform",
                "open span: image": "inform",
                "open span: sun yat sen": "inform",
                "venueaddress: 12 tai gin road 327874 singapore": "inform",
                "open span: local food": "inform",
                "venuename: sun yat sen nanyang memorial hall": "confirm",
                "open span: chicken soup": "inform",
                "open span: roast chicken": "inform",
                "img_gts: rice set": "inform",
                "open span: preference": "request",
                "open span: any other": "request",
                "open span: chicken rice": "inform",
                "venueneigh: central region": "inform",
                "price: moderate": "inform"
            }
        },
        {
            "turn idx": 5,
            "agent": {
                "transcript": "shuang shun chicken rice would be just the place for you!",
                "img_gts": [],
                "dialog_act": {
                    "venuename: shuang shun chicken rice": "recommend"
                }
            },
            "user": {
                "transcript": "do you have any tips about the place?",
                "img_gts": [],
                "turn_label": {
                    "venuename: shuang shun chicken rice": "confirm",
                    "open span: tip or suggestion": "request"
                }
            },
            "bstate": {
                "open span: historic site": "inform",
                "open span: image": "inform",
                "open span: sun yat sen": "inform",
                "venueaddress: 12 tai gin road 327874 singapore": "inform",
                "open span: local food": "inform",
                "open span: chicken soup": "inform",
                "open span: roast chicken": "inform",
                "img_gts: rice set": "inform",
                "open span: chicken rice": "inform",
                "venueneigh: central region": "inform",
                "price: moderate": "inform",
                "venuename: shuang shun chicken rice": "confirm",
                "open span: tip or suggestion": "request"
            }
        },
        {
            "turn idx": 6,
            "agent": {
                "transcript": "someone has said: this place is a hidden gem. the rice is tasty and the roast chicken delicious!",
                "img_gts": [],
                "dialog_act": {
                    "open span: delicious": "inform",
                    "open span: tasty": "inform",
                    "open span: hidden gem": "inform"
                }
            },
            "user": {
                "transcript": "great, thank you!",
                "img_gts": [],
                "turn_label": {
                    "placeholder": "bye"
                }
            },
            "bstate": {
                "open span: historic site": "inform",
                "open span: image": "inform",
                "open span: sun yat sen": "inform",
                "venueaddress: 12 tai gin road 327874 singapore": "inform",
                "open span: local food": "inform",
                "open span: chicken soup": "inform",
                "open span: roast chicken": "inform",
                "img_gts: rice set": "inform",
                "open span: chicken rice": "inform",
                "venueneigh: central region": "inform",
                "price: moderate": "inform",
                "venuename: shuang shun chicken rice": "confirm",
                "open span: delicious": "inform",
                "open span: tasty": "inform",
                "open span: hidden gem": "inform"
            }
        }
    ],
    "user rating": 5,
    "user setting": "<b>**use at least three turns of question&answers to find one venue!**</b>   you are looking for a <b>historic site</b> and hope to try <b>local food</b> as in <b>picture</b>.",
    "goal": {
        "id": 1569,
        "type": "multiple",
        "modality": "multiple",
        "content": [
            {
                "imgs": [
                    "309433eccdcd5d4b650550ad193a3a1b",
                    "78385d06ed25ed5be1aaf9af0e3f6936"
                ],
                "terms": [
                    "free admission",
                    "dr sun yat sen s"
                ],
                "venueCat": [
                    "Monument / Landmark",
                    "History Museum",
                    "Historic Site"
                ],
                "venueName": "Sun Yat Sen Nanyang Memorial Hall",
                "preference": {
                    "Historic Site": 2,
                    "ask for address": 3,
                    "recognize by image": 2,
                    "memorize sun yat sen": 1
                },
                "venueNeigh": "Novena",
                "venueScore": "average",
                "venueDomain": "sightseeing"
            },
            {
                "imgs": [
                    "cee4c8d34057a809709c4b9bbab10d48",
                    "b5cad64ae5bc986bc3a64e9d0d8779ac"
                ],
                "price": "Moderate",
                "terms": [
                    "soup",
                    "roasted chicken",
                    "rice",
                    "chili",
                    "black sauce"
                ],
                "venueCat": [
                    "Asian Restaurant"
                ],
                "venueName": "Shuang Shun Chicken Rice",
                "preference": {
                    "chicken soup": 1,
                    "Central Region": 2,
                    "moderate price": 1,
                    "roasted chicken": 1,
                    "recognize chicken rice dish by image": 2,
                    "ask for tips or suggestions or things to take note": 3
                },
                "venueNeigh": "Central Region",
                "venueScore": "average",
                "venueDomain": "food",
                "Outdoor Seating": "Yes"
            }
        ],
        "cnv_cnt": 20,
        "user_setting": "<b>**Use at least three turns of Question&Answers to find one venue!**</b>   You are looking for a <b>Historic Site</b> and hope to try <b>local food</b> as in <b>picture</b>.",
        "user_location": "unknown"
    }
}