{
    "id": "3845",
    "dialogue": [
        {
            "turn idx": 0,
            "agent": {
                "transcript": "",
                "img_gts": [],
                "dialog_act": {}
            },
            "user": {
                "transcript": "hi, i'm looking for a place to eat in toa payoh that has great value.",
                "img_gts": [],
                "turn_label": {
                    "venueneigh: toa payoh": "inform",
                    "open span: place to eat": "request",
                    "placeholder": "greet"
                }
            },
            "bstate": {
                "venueneigh: toa payoh": "inform",
                "open span: place to eat": "request"
            }
        },
        {
            "turn idx": 1,
            "agent": {
                "transcript": "is there anything else you would like?",
                "img_gts": [],
                "dialog_act": {
                    "open span: anything else": "request"
                }
            },
            "user": {
                "transcript": "i would want to go somewhere good for groups as i'm with a group of people.",
                "img_gts": [],
                "turn_label": {
                    "open span: good for group": "inform"
                }
            },
            "bstate": {
                "venueneigh: toa payoh": "inform",
                "open span: anything else": "request",
                "open span: good for group": "inform"
            }
        },
        {
            "turn idx": 2,
            "agent": {
                "transcript": "do you have any other preferences?",
                "img_gts": [],
                "dialog_act": {
                    "open span: preference": "request",
                    "open span: any other": "request"
                }
            },
            "user": {
                "transcript": "we were thinking of trying homemade food like in the picture. and we heard that there is a place with this and other dishes like chicken and fritters.",
                "img_gts": [
                    "food"
                ],
                "turn_label": {
                    "open span: image": "inform",
                    "open span: chicken": "inform",
                    "img_gts: food": "inform"
                }
            },
            "bstate": {
                "venueneigh: toa payoh": "inform",
                "open span: good for group": "inform",
                "open span: preference": "request",
                "open span: any other": "request",
                "open span: image": "inform",
                "open span: chicken": "inform",
                "img_gts: food": "inform"
            }
        },
        {
            "turn idx": 3,
            "agent": {
                "transcript": "i think lao zhong zhong eating house (tai ying) would be just the place for you!",
                "img_gts": [],
                "dialog_act": {
                    "venuename: lao zhong zhong eating house (tai ying)": "recommend"
                }
            },
            "user": {
                "transcript": "could i get the address, please?",
                "img_gts": [],
                "turn_label": {
                    "venueaddress": "request"
                }
            },
            "bstate": {
                "venueneigh: toa payoh": "inform",
                "open span: good for group": "inform",
                "open span: image": "inform",
                "open span: chicken": "inform",
                "img_gts: food": "inform",
                "venuename: lao zhong zhong eating house (tai ying)": "recommend",
                "venueaddress": "request"
            }
        },
        {
            "turn idx": 4,
            "agent": {
                "transcript": "29 tai thong crescent (at siang kuang avenue) singapore.",
                "img_gts": [],
                "dialog_act": {
                    "venueaddress: 29 tai thong crescent (at siang kuang avenue) singapore": "inform"
                }
            },
            "user": {
                "transcript": "great, thank you!",
                "img_gts": [],
                "turn_label": {
                    "placeholder": "bye"
                }
            },
            "bstate": {
                "venueneigh: toa payoh": "inform",
                "open span: good for group": "inform",
                "open span: image": "inform",
                "open span: chicken": "inform",
                "img_gts: food": "inform",
                "venuename: lao zhong zhong eating house (tai ying)": "recommend",
                "venueaddress: 29 tai thong crescent (at siang kuang avenue) singapore": "inform"
            }
        }
    ],
    "user rating": 5,
    "user setting": "<b>**use at least three turns of question&answers to find one venue!**</b>   you are at <b>toa payoh</b> with a <b>group of people</b>, hope to try some <b>local food</b> as in <b>picture</b>.",
    "goal": {
        "id": 1567,
        "type": "single",
        "modality": "multiple",
        "content": [
            {
                "imgs": [
                    "7c301de6198dbdc6361f998b670a1445"
                ],
                "Menus": [
                    "Breakfast",
                    "Brunch",
                    "Lunch",
                    "Dinner"
                ],
                "Wi-Fi": "No",
                "terms": [
                    "porridge",
                    "lunch",
                    "egg rolls",
                    "kway chap",
                    "wu xiang",
                    "homemade food",
                    "dinner",
                    "breakfast food",
                    "soup",
                    "chicken",
                    "fritters",
                    "century egg",
                    "ngoh hiang",
                    "good for a quick meal",
                    "great value",
                    "cake",
                    "chili",
                    "shrimp",
                    "curry",
                    "good for groups"
                ],
                "venueCat": [
                    "Food Court",
                    "Coffee Shop"
                ],
                "venueName": "Lao Zhong Zhong Eating House (Tai Ying)",
                "preference": {
                    "get address": 3,
                    "great value": 1,
                    "homemade food": 2,
                    "good for groups": 1,
                    "recognize ngoh hiang by image": 2
                },
                "venueNeigh": "Toa Payoh",
                "venueScore": "average",
                "venueDomain": "food",
                "Credit Cards": "No",
                "Outdoor Seating": "No"
            }
        ],
        "cnv_cnt": 20,
        "user_setting": "<b>**Use at least three turns of Question&Answers to find one venue!**</b>   You are at <b>Toa Payoh</b> with a <b>group of people</b>, hope to try some <b>local food</b> as in <b>picture</b>.",
        "user_location": "unknown"
    }
}