{
    "id": "3920",
    "dialogue": [
        {
            "turn idx": 0,
            "agent": {
                "transcript": "",
                "img_gts": [],
                "dialog_act": {}
            },
            "user": {
                "transcript": "hello.",
                "img_gts": [],
                "turn_label": {
                    "placeholder": "greet"
                }
            },
            "bstate": {}
        },
        {
            "turn idx": 1,
            "agent": {
                "transcript": "hello! feel free to ask me about hotels, restaurants and places to visit!",
                "img_gts": [],
                "dialog_act": {}
            },
            "user": {
                "transcript": "i am currently at little india right now and i am looking for a restaurant to have lunch. i need 2 recommendations for comparison.",
                "img_gts": [],
                "turn_label": {
                    "venueneigh: little india": "inform",
                    "menus:  lunch": "inform",
                    "menus: lunch": "inform"
                }
            },
            "bstate": {
                "venueneigh: little india": "inform",
                "menus: lunch": "inform"
            }
        },
        {
            "turn idx": 2,
            "agent": {
                "transcript": "sure, may i know kind of restaurant, location and food are you looking for?",
                "img_gts": [],
                "dialog_act": {}
            },
            "user": {
                "transcript": "i am looking for a place that is good for quick meal and sells authentic indian food. preferably, vegetarian food.",
                "img_gts": [],
                "turn_label": {
                    "open span: vegetarian food": "inform"
                }
            },
            "bstate": {
                "venueneigh: little india": "inform",
                "menus: lunch": "inform",
                "open span: vegetarian food": "inform"
            }
        },
        {
            "turn idx": 3,
            "agent": {
                "transcript": "location wise, near little india, am i right?",
                "img_gts": [],
                "dialog_act": {
                    "venueneigh: little india": "inform"
                }
            },
            "user": {
                "transcript": "yes.",
                "img_gts": [],
                "turn_label": {}
            },
            "bstate": {
                "menus: lunch": "inform",
                "open span: vegetarian food": "inform",
                "venueneigh: little india": "inform"
            }
        },
        {
            "turn idx": 4,
            "agent": {
                "transcript": "i will recommend gokul vegetarian restaurant.",
                "img_gts": [],
                "dialog_act": {
                    "venuename: gokul vegetarian restaurant": "recommend"
                }
            },
            "user": {
                "transcript": "may i know what is the price range of the restaurant?",
                "img_gts": [],
                "turn_label": {
                    "price": "request"
                }
            },
            "bstate": {
                "menus: lunch": "inform",
                "open span: vegetarian food": "inform",
                "venueneigh: little india": "inform",
                "venuename: gokul vegetarian restaurant": "recommend",
                "price": "request"
            }
        },
        {
            "turn idx": 5,
            "agent": {
                "transcript": "it is moderate price.",
                "img_gts": [],
                "dialog_act": {
                    "price: moderate": "inform"
                }
            },
            "user": {
                "transcript": "i see. there is also a food that i would like to try.",
                "img_gts": [
                    "seafood noodle"
                ],
                "turn_label": {
                    "open span: image": "inform",
                    "img_gts: seafood noodle": "inform"
                }
            },
            "bstate": {
                "menus: lunch": "inform",
                "open span: vegetarian food": "inform",
                "venueneigh: little india": "inform",
                "venuename: gokul vegetarian restaurant": "recommend",
                "price: moderate": "inform",
                "open span: image": "inform",
                "img_gts: seafood noodle": "inform"
            }
        },
        {
            "turn idx": 6,
            "agent": {
                "transcript": "based on the picture, i believe the food is called mee sua gor. i know a good chinese restaurant that sells this.",
                "img_gts": [],
                "dialog_act": {
                    "open span: image": "inform",
                    "open span: mee sua gor": "inform"
                }
            },
            "user": {
                "transcript": "may i know what is the restaurant called and what else is there?",
                "img_gts": [],
                "turn_label": {}
            },
            "bstate": {
                "menus: lunch": "inform",
                "open span: vegetarian food": "inform",
                "venueneigh: little india": "inform",
                "venuename: gokul vegetarian restaurant": "recommend",
                "price: moderate": "inform",
                "open span: image": "inform",
                "img_gts: seafood noodle": "inform",
                "open span: mee sua gor": "inform"
            }
        },
        {
            "turn idx": 7,
            "agent": {
                "transcript": "the restaurant is called yong kee seafood restaurant. it sells crispy vermicelli, chau tar bee hoon, thai style pork knuckle, san xian tofu , salt steamed kampong chicken and many more.",
                "img_gts": [],
                "dialog_act": {
                    "venuename: yong kee seafood restaurant": "recommend",
                    "open span: chau tar bee hoon": "inform"
                }
            },
            "user": {
                "transcript": "you listed quite a lot of food, can you recommend me one of them for me to try?",
                "img_gts": [],
                "turn_label": {}
            },
            "bstate": {
                "menus: lunch": "inform",
                "open span: vegetarian food": "inform",
                "venueneigh: little india": "inform",
                "price: moderate": "inform",
                "open span: image": "inform",
                "img_gts: seafood noodle": "inform",
                "open span: mee sua gor": "inform",
                "venuename: yong kee seafood restaurant": "recommend",
                "open span: chau tar bee hoon": "inform"
            }
        },
        {
            "turn idx": 8,
            "agent": {
                "transcript": "i would recommend you to try the chau tar bee hoon. it is pretty rare dish to find in singapore and it had an amazing crunch as it is crispy.",
                "img_gts": [
                    "laksa"
                ],
                "dialog_act": {
                    "open span: chau tar bee hoon": "inform",
                    "open span: image": "inform",
                    "img_gts: laksa": "inform"
                }
            },
            "user": {
                "transcript": "nice, i like this recommendation better. there is more variety of food options and the food looks unique. can you send me the address and phone number? thanks!",
                "img_gts": [],
                "turn_label": {
                    "telephone": "request",
                    "venueaddress": "request",
                    "venuename: yong kee seafood restaurant": "confirm"
                }
            },
            "bstate": {
                "menus: lunch": "inform",
                "open span: vegetarian food": "inform",
                "venueneigh: little india": "inform",
                "price: moderate": "inform",
                "open span: image": "inform",
                "open span: mee sua gor": "inform",
                "open span: chau tar bee hoon": "inform",
                "img_gts: laksa": "inform",
                "telephone": "request",
                "venueaddress": "request",
                "venuename: yong kee seafood restaurant": "confirm"
            }
        },
        {
            "turn idx": 9,
            "agent": {
                "transcript": "the phone number is +65 6396 539 and the address is shing boon hwa food centre (43 jalan besar (dickson road)) singapore.",
                "img_gts": [],
                "dialog_act": {
                    "telephone: +65 6396 5390": "inform",
                    "venueaddress: shing boon hwa food centre (43 jalan besar (dickson road)) singapore": "inform"
                }
            },
            "user": {
                "transcript": "thanks and bye!",
                "img_gts": [],
                "turn_label": {
                    "placeholder": "bye"
                }
            },
            "bstate": {
                "menus: lunch": "inform",
                "open span: vegetarian food": "inform",
                "venueneigh: little india": "inform",
                "price: moderate": "inform",
                "open span: image": "inform",
                "open span: mee sua gor": "inform",
                "open span: chau tar bee hoon": "inform",
                "img_gts: laksa": "inform",
                "venuename: yong kee seafood restaurant": "confirm",
                "telephone: +65 63965390": "inform",
                "venueaddress: shing boon hwa food centre (43 jalan besar (dickson road)) singapore": "inform"
            }
        },
        {
            "turn idx": 10,
            "agent": {
                "transcript": "bye!",
                "img_gts": [],
                "dialog_act": {
                    "placeholder": "bye"
                }
            },
            "user": {
                "transcript": "",
                "img_gts": [],
                "turn_label": {}
            },
            "bstate": {
                "menus: lunch": "inform",
                "open span: vegetarian food": "inform",
                "venueneigh: little india": "inform",
                "price: moderate": "inform",
                "open span: image": "inform",
                "open span: mee sua gor": "inform",
                "open span: chau tar bee hoon": "inform",
                "img_gts: laksa": "inform",
                "venuename: yong kee seafood restaurant": "confirm",
                "telephone: +65 63965390": "inform",
                "venueaddress: shing boon hwa food centre (43 jalan besar (dickson road)) singapore": "inform"
            }
        }
    ],
    "user rating": 5,
    "user setting": "<b>**use at least three turns of question&answers to find one venue!**</b>   you are at <b>little india</b>, looking for a <b>restaurant</b> for <b>dinner</b>. you need <b>two recommendations</b> for comparision.",
    "goal": {
        "id": 1578,
        "type": "multiple",
        "modality": "multiple",
        "content": [
            {
                "imgs": [
                    "bbeae4841d21cae28e16f852a44af888",
                    "41e46a5f03fc6239b1a5bbac65437615"
                ],
                "Menus": [
                    "Breakfast",
                    "Brunch",
                    "Lunch",
                    "Dinner",
                    "Dessert"
                ],
                "Wi-Fi": "Free",
                "price": "Moderate",
                "terms": [
                    "carrot cake",
                    "Malai Kofta",
                    "mutton",
                    "keema",
                    "mango lassi",
                    "butter naan",
                    "sizzlers",
                    "paneer",
                    "Indian food",
                    "lunch",
                    "dinner",
                    "vegetarian food",
                    "brunch food",
                    "good for a quick meal",
                    "masala dosa",
                    "laksa",
                    "palak",
                    "authentic",
                    "good for groups"
                ],
                "venueCat": [
                    "Vegetarian / Vegan Restaurant",
                    "Asian Restaurant"
                ],
                "venueName": "Gokul Vegetarian Restaurant",
                "preference": {
                    "dinner": 1,
                    "vegetarian food": 1,
                    "check price range": 3,
                    "authentic Indian food": 2,
                    "good for a quick meal": 2
                },
                "venueNeigh": "Little India",
                "venueScore": "average",
                "venueDomain": "food",
                "Credit Cards": "Yes",
                "Reservations": "Yes",
                "Dining Options": [
                    "Delivery"
                ],
                "Outdoor Seating": "No"
            },
            {
                "imgs": [
                    "6af2e63a766af297c20ebc8f890a0f92",
                    "4a8e9bab12b95238022c0dbe6d53a97c",
                    "474884072cdf72d778b1824df034dfe3",
                    "92a12f9f6d392d9d95896f933b70c842"
                ],
                "Menus": [
                    "Dinner"
                ],
                "Wi-Fi": "No",
                "price": "Cheap",
                "terms": [
                    "crispy food",
                    "spinach",
                    "eggs",
                    "mee sua gor",
                    "dinner",
                    "bee hoon",
                    "great value",
                    "salad prawn",
                    "tar bee",
                    "casual"
                ],
                "venueCat": [
                    "Chinese Restaurant",
                    "Seafood Restaurant",
                    "Coffee Shop"
                ],
                "venueName": "Yong Kee Seafood Restaurant",
                "preference": {
                    "casual": 2,
                    "dinner": 1,
                    "great value": 1,
                    "get address and phone number": 3,
                    "recognize mee sua gor by image": 2,
                    "recommend Chau Tar Bee Hoon by image": 2
                },
                "venueNeigh": "Little India",
                "venueScore": "average",
                "venueDomain": "food",
                "Credit Cards": "No",
                "Reservations": "No",
                "Dining Options": [
                    "No Delivery"
                ],
                "Outdoor Seating": "Yes"
            }
        ],
        "cnv_cnt": 20,
        "user_setting": "<b>**Use at least three turns of Question&Answers to find one venue!**</b>   You are at <b>Little India</b>, looking for a <b>restaurant</b> for <b>dinner</b>. You need <b>two recommendations</b> for comparision.",
        "user_location": "Little India"
    }
}