{
    "id": "3957",
    "dialogue": [
        {
            "turn idx": 0,
            "agent": {
                "transcript": "",
                "img_gts": [],
                "dialog_act": {}
            },
            "user": {
                "transcript": "hi, i am looking for a place to have dinner at. would you be able to help me?",
                "img_gts": [],
                "turn_label": {
                    "menus: dinner": "inform",
                    "placeholder": "greet"
                }
            },
            "bstate": {
                "menus: dinner": "inform"
            }
        },
        {
            "turn idx": 1,
            "agent": {
                "transcript": "sure, what kind of place are you looking for?",
                "img_gts": [],
                "dialog_act": {
                    "open span: type": "request"
                }
            },
            "user": {
                "transcript": "i am looking for somewhere that has mexican food and drinks like magarita tequila.",
                "img_gts": [],
                "turn_label": {
                    "drinks": "request",
                    "open span: mexican food": "inform"
                }
            },
            "bstate": {
                "menus: dinner": "inform",
                "open span: type": "request",
                "drinks": "request",
                "open span: mexican food": "inform"
            }
        },
        {
            "turn idx": 2,
            "agent": {
                "transcript": "is there anything else you would like?",
                "img_gts": [],
                "dialog_act": {
                    "open span: anything else": "request"
                }
            },
            "user": {
                "transcript": "it would be nice if they have cheap prices and also scenic views.",
                "img_gts": [],
                "turn_label": {
                    "price: cheap": "inform",
                    "open span: scenic view": "inform"
                }
            },
            "bstate": {
                "menus: dinner": "inform",
                "drinks": "request",
                "open span: mexican food": "inform",
                "open span: anything else": "request",
                "price: cheap": "inform",
                "open span: scenic view": "inform"
            }
        },
        {
            "turn idx": 3,
            "agent": {
                "transcript": "you can try going to cafe iguana!",
                "img_gts": [],
                "dialog_act": {
                    "venuename: cafe iguana": "recommend"
                }
            },
            "user": {
                "transcript": "could i check if they have outdoor seating?",
                "img_gts": [],
                "turn_label": {
                    "outdoor seating": "request"
                }
            },
            "bstate": {
                "menus: dinner": "inform",
                "drinks": "request",
                "open span: mexican food": "inform",
                "price: cheap": "inform",
                "open span: scenic view": "inform",
                "venuename: cafe iguana": "recommend",
                "outdoor seating": "request"
            }
        },
        {
            "turn idx": 4,
            "agent": {
                "transcript": "yes, they do!",
                "img_gts": [],
                "dialog_act": {
                    "outdoor seating: yes": "inform",
                    "open span: yes": "inform"
                }
            },
            "user": {
                "transcript": "okay! i am also looking for a landmark bridge that is along the singapore river where it is breezy.",
                "img_gts": [],
                "turn_label": {
                    "venueneigh: singapore river": "inform",
                    "venueaddress: across singapore river (read st.) singapore": "inform",
                    "open span: breezy": "inform",
                    "venuename: cafe iguana": "confirm"
                }
            },
            "bstate": {
                "menus: dinner": "inform",
                "drinks": "request",
                "open span: mexican food": "inform",
                "price: cheap": "inform",
                "open span: scenic view": "inform",
                "outdoor seating: yes": "inform",
                "open span: yes": "inform",
                "venueneigh: singapore river": "inform",
                "venueaddress: across singapore river (read st.) singapore": "inform",
                "open span: breezy": "inform",
                "venuename: cafe iguana": "confirm"
            }
        },
        {
            "turn idx": 5,
            "agent": {
                "transcript": "that would be read bridge!",
                "img_gts": [],
                "dialog_act": {
                    "venuename: read bridge": "recommend"
                }
            },
            "user": {
                "transcript": "could i get a picture of the bridge as well as some tips?",
                "img_gts": [],
                "turn_label": {
                    "open span: image": "request",
                    "open span: bridge": "inform",
                    "venuename: read bridge": "confirm",
                    "open span: tip or suggestion": "request"
                }
            },
            "bstate": {
                "menus: dinner": "inform",
                "drinks": "request",
                "open span: mexican food": "inform",
                "price: cheap": "inform",
                "open span: scenic view": "inform",
                "outdoor seating: yes": "inform",
                "open span: yes": "inform",
                "venueneigh: singapore river": "inform",
                "venueaddress: across singapore river (read st.) singapore": "inform",
                "open span: breezy": "inform",
                "open span: image": "request",
                "open span: bridge": "inform",
                "venuename: read bridge": "confirm",
                "open span: tip or suggestion": "request"
            }
        },
        {
            "turn idx": 6,
            "agent": {
                "transcript": "here is a picture of the bridge. someone has said: nice place for evenings. lots of restaurants. original architecture. go there when it's dark! during the day it's a little bit boring.",
                "img_gts": [
                    "clarke quay riverside"
                ],
                "dialog_act": {
                    "open span: image": "inform",
                    "open span: bridge": "inform",
                    "open span: evening": "inform",
                    "img_gts: clarke quay riverside": "inform"
                }
            },
            "user": {
                "transcript": "okay, great!",
                "img_gts": [],
                "turn_label": {}
            },
            "bstate": {
                "menus: dinner": "inform",
                "drinks": "request",
                "open span: mexican food": "inform",
                "price: cheap": "inform",
                "open span: scenic view": "inform",
                "outdoor seating: yes": "inform",
                "open span: yes": "inform",
                "venueneigh: singapore river": "inform",
                "venueaddress: across singapore river (read st.) singapore": "inform",
                "open span: breezy": "inform",
                "open span: image": "inform",
                "open span: bridge": "inform",
                "venuename: read bridge": "confirm",
                "open span: evening": "inform",
                "img_gts: clarke quay riverside": "inform"
            }
        },
        {
            "turn idx": 7,
            "agent": {
                "transcript": "is there anything else i can help with?",
                "img_gts": [],
                "dialog_act": {
                    "open span: anything else": "request"
                }
            },
            "user": {
                "transcript": "nope, thank you!",
                "img_gts": [],
                "turn_label": {
                    "open span: anything else": "negate",
                    "placeholder": "bye"
                }
            },
            "bstate": {
                "menus: dinner": "inform",
                "drinks": "request",
                "open span: mexican food": "inform",
                "price: cheap": "inform",
                "open span: scenic view": "inform",
                "outdoor seating: yes": "inform",
                "open span: yes": "inform",
                "venueneigh: singapore river": "inform",
                "venueaddress: across singapore river (read st.) singapore": "inform",
                "open span: breezy": "inform",
                "open span: image": "inform",
                "open span: bridge": "inform",
                "venuename: read bridge": "confirm",
                "open span: evening": "inform",
                "img_gts: clarke quay riverside": "inform"
            }
        }
    ],
    "user rating": 5,
    "user setting": "<b>**use at least three turns of question&answers to find one venue!**</b>   you are looking for a place for <b>mexican food</b> and <b>drinks</b>. later plan to wonder around to see some <b>landmark</b> <b>nearby</b>.",
    "goal": {
        "id": 1574,
        "type": "multiple",
        "modality": "multiple",
        "content": [
            {
                "imgs": [],
                "Menus": [
                    "Dinner",
                    "Happy Hour"
                ],
                "Wi-Fi": "Yes",
                "price": "Cheap",
                "terms": [
                    "snapper",
                    "chimichangas",
                    "cozy",
                    "margherita pizza",
                    "quesadillas",
                    "tequila",
                    "burritos",
                    "calamari",
                    "tacos",
                    "casual",
                    "happy hour",
                    "fajitas",
                    "lively",
                    "chicken",
                    "good for groups",
                    "nachos",
                    "margaritas",
                    "magarita",
                    "Mexican food",
                    "scenic views"
                ],
                "Drinks": [
                    "Beer",
                    "Full Bar",
                    "Cocktails"
                ],
                "venueCat": [
                    "Mexican Restaurant"
                ],
                "venueName": "Cafe Iguana",
                "preference": {
                    "dinner": 1,
                    "cheap price": 2,
                    "Mexican food": 2,
                    "scenic views": 1,
                    "magarita tequila": 1,
                    "check outdoor seating": 3
                },
                "venueNeigh": "Singapore River",
                "venueScore": "average",
                "venueDomain": "food",
                "Credit Cards": "Yes",
                "Reservations": "Yes",
                "Dining Options": [
                    "Delivery"
                ],
                "Outdoor Seating": "Yes"
            },
            {
                "imgs": [
                    "10177bcfc5d7b3bfdf0fa592659e26d8",
                    "cdf786a4dcfc71f1d3f451198ae203d6"
                ],
                "terms": [
                    "BYOB",
                    "chilled beer",
                    "breezy"
                ],
                "venueCat": [
                    "Bridge",
                    "Monument / Landmark"
                ],
                "venueName": "Read Bridge",
                "preference": {
                    "breezy": 1,
                    "Landmark Bridge": 2,
                    "Singapore River": 2,
                    "show bridge image to user": 1,
                    "ask for tips or suggestions or things to take note": 3
                },
                "venueNeigh": "Singapore River",
                "venueScore": "average",
                "venueDomain": "sightseeing"
            }
        ],
        "cnv_cnt": 20,
        "user_setting": "<b>**Use at least three turns of Question&Answers to find one venue!**</b>   You are looking for a place for <b>Mexican food</b> and <b>drinks</b>. Later plan to wonder around to see some <b>Landmark</b> <b>nearby</b>.",
        "user_location": "Singapore River"
    }
}