{
    "id": "3961",
    "dialogue": [
        {
            "turn idx": 0,
            "agent": {
                "transcript": "",
                "img_gts": [],
                "dialog_act": {}
            },
            "user": {
                "transcript": "hi, i am planning a date and looking for somewhere for dinner that would be good for dates.",
                "img_gts": [],
                "turn_label": {
                    "menus: dinner": "inform",
                    "open span: good for date": "inform",
                    "open span: place": "request",
                    "placeholder": "greet"
                }
            },
            "bstate": {
                "menus: dinner": "inform",
                "open span: good for date": "inform",
                "open span: place": "request"
            }
        },
        {
            "turn idx": 1,
            "agent": {
                "transcript": "can you tell me more about the place you're looking for?",
                "img_gts": [],
                "dialog_act": {
                    "open span: more information": "request"
                }
            },
            "user": {
                "transcript": "i would like to go somewhere romantic with professional services.",
                "img_gts": [],
                "turn_label": {
                    "open span: romantic": "inform"
                }
            },
            "bstate": {
                "menus: dinner": "inform",
                "open span: good for date": "inform",
                "open span: more information": "request",
                "open span: romantic": "inform"
            }
        },
        {
            "turn idx": 2,
            "agent": {
                "transcript": "is there anything else you would like?",
                "img_gts": [],
                "dialog_act": {
                    "open span: anything else": "request"
                }
            },
            "user": {
                "transcript": "definitely somewhere with cocktails would be nice.",
                "img_gts": [],
                "turn_label": {
                    "drinks:  cocktails": "inform",
                    "drinks: cocktails": "inform"
                }
            },
            "bstate": {
                "menus: dinner": "inform",
                "open span: good for date": "inform",
                "open span: romantic": "inform",
                "open span: anything else": "request",
                "drinks: cocktails": "inform"
            }
        },
        {
            "turn idx": 3,
            "agent": {
                "transcript": "colony would be just the place for you!",
                "img_gts": [],
                "dialog_act": {
                    "venuename: colony": "recommend"
                }
            },
            "user": {
                "transcript": "do they have parking there?",
                "img_gts": [],
                "turn_label": {
                    "parking": "request"
                }
            },
            "bstate": {
                "menus: dinner": "inform",
                "open span: good for date": "inform",
                "open span: romantic": "inform",
                "drinks: cocktails": "inform",
                "venuename: colony": "recommend",
                "parking": "request"
            }
        },
        {
            "turn idx": 4,
            "agent": {
                "transcript": "they are located at lv 3, the ritz-carlton, millenia singapore (7 raffles avenue) 039799 singapore and there is a valet service there.",
                "img_gts": [],
                "dialog_act": {
                    "venueaddress: lv 3, the ritz-carlton, millenia singapore (7 raffles avenue) 039799 singapore": "inform",
                    "parking: valet": "inform"
                }
            },
            "user": {
                "transcript": "could i also get a picture of one of the types of food that they have there?",
                "img_gts": [],
                "turn_label": {
                    "open span: image": "request",
                    "open span: food": "inform"
                }
            },
            "bstate": {
                "menus: dinner": "inform",
                "open span: good for date": "inform",
                "open span: romantic": "inform",
                "drinks: cocktails": "inform",
                "venuename: colony": "recommend",
                "venueaddress: lv 3, the ritz-carlton, millenia singapore (7 raffles avenue) 039799 singapore": "inform",
                "parking: valet": "inform",
                "open span: image": "request",
                "open span: food": "inform"
            }
        },
        {
            "turn idx": 5,
            "agent": {
                "transcript": "here is a picture of some fresh oysters.",
                "img_gts": [
                    "oyster"
                ],
                "dialog_act": {
                    "open span: image": "inform",
                    "open span: fresh oyster": "inform",
                    "img_gts: oyster": "inform"
                }
            },
            "user": {
                "transcript": "okay! i am also looking for a place for us to have a casual and relaxing walk.",
                "img_gts": [],
                "turn_label": {
                    "open span: relax": "inform",
                    "open span: casual": "inform",
                    "venuename: colony": "confirm"
                }
            },
            "bstate": {
                "menus: dinner": "inform",
                "open span: good for date": "inform",
                "open span: romantic": "inform",
                "drinks: cocktails": "inform",
                "venueaddress: lv 3, the ritz-carlton, millenia singapore (7 raffles avenue) 039799 singapore": "inform",
                "parking: valet": "inform",
                "open span: image": "inform",
                "open span: food": "inform",
                "open span: fresh oyster": "inform",
                "img_gts: oyster": "inform",
                "open span: relax": "inform",
                "open span: casual": "inform",
                "venuename: colony": "confirm"
            }
        },
        {
            "turn idx": 6,
            "agent": {
                "transcript": "is there anything else you can tell me about the kind of place you're looking for?",
                "img_gts": [],
                "dialog_act": {
                    "open span: anything else": "request"
                }
            },
            "user": {
                "transcript": "i heard that there is a place on sentosa island that is excellent and has scenic views for sightseeing.",
                "img_gts": [],
                "turn_label": {
                    "venueneigh: sentosa island": "inform",
                    "open span: scenic view": "inform",
                    "open span: sightseeing": "inform"
                }
            },
            "bstate": {
                "menus: dinner": "inform",
                "open span: good for date": "inform",
                "open span: romantic": "inform",
                "drinks: cocktails": "inform",
                "venueaddress: lv 3, the ritz-carlton, millenia singapore (7 raffles avenue) 039799 singapore": "inform",
                "parking: valet": "inform",
                "open span: image": "inform",
                "open span: food": "inform",
                "open span: fresh oyster": "inform",
                "img_gts: oyster": "inform",
                "open span: relax": "inform",
                "open span: casual": "inform",
                "venuename: colony": "confirm",
                "open span: anything else": "request",
                "venueneigh: sentosa island": "inform",
                "open span: scenic view": "inform",
                "open span: sightseeing": "inform"
            }
        },
        {
            "turn idx": 7,
            "agent": {
                "transcript": "you can try going to quayside isle!",
                "img_gts": [],
                "dialog_act": {
                    "venuename: quayside isle": "recommend"
                }
            },
            "user": {
                "transcript": "do you have any tips about the place?",
                "img_gts": [],
                "turn_label": {
                    "venuename: quayside isle": "confirm",
                    "open span: tip or suggestion": "request"
                }
            },
            "bstate": {
                "menus: dinner": "inform",
                "open span: good for date": "inform",
                "open span: romantic": "inform",
                "drinks: cocktails": "inform",
                "venueaddress: lv 3, the ritz-carlton, millenia singapore (7 raffles avenue) 039799 singapore": "inform",
                "parking: valet": "inform",
                "open span: image": "inform",
                "open span: food": "inform",
                "open span: fresh oyster": "inform",
                "img_gts: oyster": "inform",
                "open span: relax": "inform",
                "open span: casual": "inform",
                "venueneigh: sentosa island": "inform",
                "open span: scenic view": "inform",
                "open span: sightseeing": "inform",
                "venuename: quayside isle": "confirm",
                "open span: tip or suggestion": "request"
            }
        },
        {
            "turn idx": 8,
            "agent": {
                "transcript": "someone has said: relaxation venue: yacht viewing before sunset, after that then have pleasant ambience dinner at one of the restaurants along quayside isle @ sentosa cove.",
                "img_gts": [],
                "dialog_act": {}
            },
            "user": {
                "transcript": "sounds great!",
                "img_gts": [],
                "turn_label": {}
            },
            "bstate": {
                "menus: dinner": "inform",
                "open span: good for date": "inform",
                "open span: romantic": "inform",
                "drinks: cocktails": "inform",
                "venueaddress: lv 3, the ritz-carlton, millenia singapore (7 raffles avenue) 039799 singapore": "inform",
                "parking: valet": "inform",
                "open span: image": "inform",
                "open span: food": "inform",
                "open span: fresh oyster": "inform",
                "img_gts: oyster": "inform",
                "open span: relax": "inform",
                "open span: casual": "inform",
                "venueneigh: sentosa island": "inform",
                "open span: scenic view": "inform",
                "open span: sightseeing": "inform",
                "venuename: quayside isle": "confirm"
            }
        },
        {
            "turn idx": 9,
            "agent": {
                "transcript": "is there anything else i can help with?",
                "img_gts": [],
                "dialog_act": {
                    "open span: anything else": "request"
                }
            },
            "user": {
                "transcript": "nope, thank you!",
                "img_gts": [],
                "turn_label": {
                    "open span: anything else": "negate",
                    "placeholder": "bye"
                }
            },
            "bstate": {
                "menus: dinner": "inform",
                "open span: good for date": "inform",
                "open span: romantic": "inform",
                "drinks: cocktails": "inform",
                "venueaddress: lv 3, the ritz-carlton, millenia singapore (7 raffles avenue) 039799 singapore": "inform",
                "parking: valet": "inform",
                "open span: image": "inform",
                "open span: food": "inform",
                "open span: fresh oyster": "inform",
                "img_gts: oyster": "inform",
                "open span: relax": "inform",
                "open span: casual": "inform",
                "venueneigh: sentosa island": "inform",
                "open span: scenic view": "inform",
                "open span: sightseeing": "inform",
                "venuename: quayside isle": "confirm"
            }
        }
    ],
    "user rating": 5,
    "user setting": "<b>**use at least three turns of question&answers to find one venue!**</b>   you are planning <b>a date</b>. hope to have a <b>romantic dinner</b> and enjoy a <b>relaxing walk</b>.",
    "goal": {
        "id": 1575,
        "type": "multiple",
        "modality": "multiple",
        "content": [
            {
                "imgs": [
                    "9d19f8e3ad17e31cde0ca6b7d0110ebd"
                ],
                "Menus": [
                    "Breakfast",
                    "Brunch",
                    "Lunch",
                    "Dinner"
                ],
                "terms": [
                    "Hainanese chicken rice",
                    "cozy",
                    "good for dates",
                    "buffet",
                    "good for special occasions",
                    "brunch food",
                    "fancy",
                    "breakfast food",
                    "cocktails",
                    "lunch",
                    "dinner",
                    "family-friendly",
                    "lobster",
                    "spacious",
                    "trendy",
                    "laksa",
                    "professional services",
                    "good for groups",
                    "romantic"
                ],
                "Drinks": [
                    "Wine",
                    "Full Bar",
                    "Cocktails"
                ],
                "Parking": [
                    "Valet"
                ],
                "Restroom": "Yes",
                "venueCat": [
                    "Buffet"
                ],
                "venueName": "Colony",
                "preference": {
                    "romantic": 1,
                    "cocktails": 2,
                    "check parking": 3,
                    "good for dates": 2,
                    "professional services": 1,
                    "show fresh oyster image to user": 1
                },
                "venueNeigh": "Downtown Core",
                "venueScore": "good",
                "venueDomain": "food",
                "Credit Cards": "Yes",
                "Reservations": "Yes",
                "Dining Options": [
                    "No Delivery"
                ]
            },
            {
                "imgs": [],
                "terms": [
                    "bistros",
                    "brunch food",
                    "marinas",
                    "scenic views",
                    "dinner",
                    "al fresco",
                    "caf\u00e9",
                    "casual",
                    "quayside fish bar"
                ],
                "venueCat": [
                    "Plaza"
                ],
                "venueName": "Quayside Isle",
                "preference": {
                    "casual": 2,
                    "sightseeing": 1,
                    "scenic views": 2,
                    "Sentosa Island": 1,
                    "excellent venueScore": 1,
                    "ask for tips or suggestions or things to take note": 3
                },
                "venueNeigh": "Sentosa Island",
                "venueScore": "excellent",
                "venueDomain": "sightseeing",
                "Credit Cards": "Yes"
            }
        ],
        "cnv_cnt": 20,
        "user_setting": "<b>**Use at least three turns of Question&Answers to find one venue!**</b>   You are planning <b>a date</b>. Hope to have a <b>romantic dinner</b> and enjoy a <b>relaxing walk</b>.",
        "user_location": "unknown"
    }
}