{
    "id": "3998",
    "dialogue": [
        {
            "turn idx": 0,
            "agent": {
                "transcript": "",
                "img_gts": [],
                "dialog_act": {}
            },
            "user": {
                "transcript": "hi, i am looking for a place to rest as i'm feeling quite tired.",
                "img_gts": [],
                "turn_label": {
                    "open span: tired": "inform",
                    "open span: place": "request",
                    "open span: rest": "inform",
                    "placeholder": "greet"
                }
            },
            "bstate": {
                "open span: tired": "inform",
                "open span: place": "request",
                "open span: rest": "inform"
            }
        },
        {
            "turn idx": 1,
            "agent": {
                "transcript": "okay, where would you like to go?",
                "img_gts": [],
                "dialog_act": {
                    "venueneigh": "request"
                }
            },
            "user": {
                "transcript": "i'm in the downtown core area so hopefully just somewhere around here.",
                "img_gts": [],
                "turn_label": {
                    "venueneigh: downtown core": "inform"
                }
            },
            "bstate": {
                "open span: tired": "inform",
                "open span: rest": "inform",
                "venueneigh: downtown core": "inform"
            }
        },
        {
            "turn idx": 2,
            "agent": {
                "transcript": "is there anything you would like?",
                "img_gts": [],
                "dialog_act": {
                    "open span: any particular": "request"
                }
            },
            "user": {
                "transcript": "i was thinking of going to a dessert shop to have some cookies and earl grey tea.",
                "img_gts": [],
                "turn_label": {
                    "menus: dessert": "inform",
                    "open span: cookie": "inform",
                    "open span: earl grey tea": "inform"
                }
            },
            "bstate": {
                "open span: tired": "inform",
                "open span: rest": "inform",
                "venueneigh: downtown core": "inform",
                "open span: any particular": "request",
                "menus: dessert": "inform",
                "open span: cookie": "inform",
                "open span: earl grey tea": "inform"
            }
        },
        {
            "turn idx": 3,
            "agent": {
                "transcript": "i think royce would be just the place for you!",
                "img_gts": [],
                "dialog_act": {
                    "venuename: royce": "recommend"
                }
            },
            "user": {
                "transcript": "do you know if they accept credit cards? and could i get their address and phone number too?",
                "img_gts": [],
                "turn_label": {
                    "credit cards": "request",
                    "venueaddress": "request",
                    "telephone": "request"
                }
            },
            "bstate": {
                "open span: tired": "inform",
                "open span: rest": "inform",
                "venueneigh: downtown core": "inform",
                "menus: dessert": "inform",
                "open span: cookie": "inform",
                "open span: earl grey tea": "inform",
                "venuename: royce": "recommend",
                "credit cards": "request",
                "venueaddress": "request",
                "telephone": "request"
            }
        },
        {
            "turn idx": 4,
            "agent": {
                "transcript": "they do accept credit cards. you can find them at 252 north bridge road #b1-34/35 raffles city shopping centre 179103 singapore and their phone number is +65 6336 4811.",
                "img_gts": [],
                "dialog_act": {
                    "credit cards: yes": "inform",
                    "venueaddress: 252 north bridge road #b1-34/35 raffles city shopping centre 179103 singapore": "inform",
                    "telephone: +65 6336 4811": "inform",
                    "credit cards: no": "inform"
                }
            },
            "user": {
                "transcript": "okay, great!",
                "img_gts": [],
                "turn_label": {
                    "venuename: royce": "confirm"
                }
            },
            "bstate": {
                "open span: tired": "inform",
                "open span: rest": "inform",
                "venueneigh: downtown core": "inform",
                "menus: dessert": "inform",
                "open span: cookie": "inform",
                "open span: earl grey tea": "inform",
                "venueaddress: 252 north bridge road #b1-34/35 raffles city shopping centre 179103 singapore": "inform",
                "telephone: +65 63364811": "inform",
                "credit cards: no": "inform",
                "venuename: royce": "confirm"
            }
        },
        {
            "turn idx": 5,
            "agent": {
                "transcript": "is there anything else i can help you with?",
                "img_gts": [],
                "dialog_act": {
                    "open span: anything else": "request"
                }
            },
            "user": {
                "transcript": "nope, thank you!",
                "img_gts": [],
                "turn_label": {
                    "open span: anything else": "negate",
                    "placeholder": "bye"
                }
            },
            "bstate": {
                "open span: tired": "inform",
                "open span: rest": "inform",
                "venueneigh: downtown core": "inform",
                "menus: dessert": "inform",
                "open span: cookie": "inform",
                "open span: earl grey tea": "inform",
                "venueaddress: 252 north bridge road #b1-34/35 raffles city shopping centre 179103 singapore": "inform",
                "telephone: +65 63364811": "inform",
                "credit cards: no": "inform",
                "venuename: royce": "confirm"
            }
        }
    ],
    "user rating": 5,
    "user setting": "you are at <b>downtown core</b> and very <b>tired</b>. hope to find a <b>dessert shop</b> to have some rest. <b>**use at least three turns of question&answers to find one venue!**</b>",
    "goal": {
        "id": 1580,
        "type": "single",
        "modality": "multiple",
        "content": [
            {
                "imgs": [],
                "Menus": [
                    "Dessert"
                ],
                "price": "Cheap",
                "terms": [
                    "gifts",
                    "cookies",
                    "potato chips",
                    "earl grey tea",
                    "chocolate"
                ],
                "venueCat": [
                    "Dessert Shop",
                    "Food & Drink Shop"
                ],
                "venueName": "Royce",
                "preference": {
                    "cookies": 1,
                    "Dessert Shop": 2,
                    "Downtown Core": 1,
                    "earl grey tea": 1,
                    "check Credit Card acception": 2,
                    "get address and phone number": 3
                },
                "venueNeigh": "Downtown Core",
                "venueScore": "average",
                "venueDomain": "food",
                "Credit Cards": "Yes",
                "Dining Options": [
                    "No Delivery"
                ],
                "Outdoor Seating": "No"
            }
        ],
        "cnv_cnt": 20,
        "user_setting": "You are at <b>Downtown Core</b> and very <b>tired</b>. Hope to find a <b>Dessert Shop</b> to have some rest. <b>**Use at least three turns of Question&Answers to find one venue!**</b>",
        "user_location": "Downtown Core"
    }
}