{
    "id": "4011",
    "dialogue": [
        {
            "turn idx": 0,
            "agent": {
                "transcript": "hi, how may i help you?",
                "img_gts": [],
                "dialog_act": {
                    "placeholder": "greet"
                }
            },
            "user": {
                "transcript": "hi, i am hoping to get some recommendations on a good place for lunch.",
                "img_gts": [],
                "turn_label": {
                    "menus:  lunch": "inform",
                    "menus: lunch": "inform",
                    "open span: recommendation": "request",
                    "placeholder": "greet"
                }
            },
            "bstate": {
                "menus: lunch": "inform",
                "open span: recommendation": "request"
            }
        },
        {
            "turn idx": 1,
            "agent": {
                "transcript": "i see, where would you prefer to have lunch?",
                "img_gts": [],
                "dialog_act": {
                    "menus:  lunch": "inform",
                    "menus: lunch": "inform",
                    "venueneigh": "request"
                }
            },
            "user": {
                "transcript": "i am currently at tanglin, somewhere nearby would be good.",
                "img_gts": [],
                "turn_label": {
                    "venueneigh: tanglin": "inform"
                }
            },
            "bstate": {
                "menus: lunch": "inform",
                "venueneigh: tanglin": "inform"
            }
        },
        {
            "turn idx": 2,
            "agent": {
                "transcript": "i see, what kind of food do you like?",
                "img_gts": [],
                "dialog_act": {
                    "open span: type": "request"
                }
            },
            "user": {
                "transcript": "i want to try some authentic local food!",
                "img_gts": [],
                "turn_label": {
                    "open span: authentic": "inform",
                    "open span: local food": "inform"
                }
            },
            "bstate": {
                "menus: lunch": "inform",
                "venueneigh: tanglin": "inform",
                "open span: type": "request",
                "open span: authentic": "inform",
                "open span: local food": "inform"
            }
        },
        {
            "turn idx": 3,
            "agent": {
                "transcript": "i see, what is your budget?",
                "img_gts": [],
                "dialog_act": {
                    "open span: budget": "request"
                }
            },
            "user": {
                "transcript": "i have no preference!",
                "img_gts": [],
                "turn_label": {}
            },
            "bstate": {
                "menus: lunch": "inform",
                "venueneigh: tanglin": "inform",
                "open span: authentic": "inform",
                "open span: local food": "inform",
                "open span: budget": "request"
            }
        },
        {
            "turn idx": 4,
            "agent": {
                "transcript": "ok! if so i will recommend one cheaper and one more expensive option so that you can make a choice!",
                "img_gts": [],
                "dialog_act": {}
            },
            "user": {
                "transcript": "sure.",
                "img_gts": [],
                "turn_label": {}
            },
            "bstate": {
                "menus: lunch": "inform",
                "venueneigh: tanglin": "inform",
                "open span: authentic": "inform",
                "open span: local food": "inform",
                "open span: budget": "request"
            }
        },
        {
            "turn idx": 5,
            "agent": {
                "transcript": "the first place i would recommend is halia restaurant! they are known for selling local cuisine with a modern twist and also for their healthy food!",
                "img_gts": [],
                "dialog_act": {
                    "venuename: halia restaurant": "recommend"
                }
            },
            "user": {
                "transcript": "i see, what dishes would you recommend?",
                "img_gts": [],
                "turn_label": {
                    "open span: what food": "request"
                }
            },
            "bstate": {
                "menus: lunch": "inform",
                "venueneigh: tanglin": "inform",
                "open span: authentic": "inform",
                "open span: local food": "inform",
                "open span: budget": "request",
                "venuename: halia restaurant": "recommend",
                "open span: what food": "request"
            }
        },
        {
            "turn idx": 6,
            "agent": {
                "transcript": "i would recommend trying the chili crab spaghetti, as seen in this picture! it is a modern take on the chili crab dish, but it is just as delicious! they also sell other local dishes like hainanese chicken rice, fried kway teow and laksa!",
                "img_gts": [
                    "dry noodle"
                ],
                "dialog_act": {
                    "open span: laksa": "inform",
                    "open span: delicious": "inform",
                    "open span: image": "inform",
                    "img_gts: dry noodle": "inform"
                }
            },
            "user": {
                "transcript": "okay thanks! what is their address?",
                "img_gts": [],
                "turn_label": {
                    "venueaddress": "request",
                    "venuename: halia restaurant": "confirm"
                }
            },
            "bstate": {
                "menus: lunch": "inform",
                "venueneigh: tanglin": "inform",
                "open span: authentic": "inform",
                "open span: local food": "inform",
                "open span: budget": "request",
                "open span: what food": "request",
                "open span: laksa": "inform",
                "open span: delicious": "inform",
                "open span: image": "inform",
                "img_gts: dry noodle": "inform",
                "venueaddress": "request",
                "venuename: halia restaurant": "confirm"
            }
        },
        {
            "turn idx": 7,
            "agent": {
                "transcript": "their address is 1 cluny road, ginger garden singapore botanic garden, 259569!",
                "img_gts": [],
                "dialog_act": {
                    "venueaddress: 1 cluny rd 259569 singapore": "inform"
                }
            },
            "user": {
                "transcript": "okay, also i want to check if they take reservations?",
                "img_gts": [],
                "turn_label": {
                    "reservations": "request"
                }
            },
            "bstate": {
                "menus: lunch": "inform",
                "venueneigh: tanglin": "inform",
                "open span: authentic": "inform",
                "open span: local food": "inform",
                "open span: budget": "request",
                "open span: what food": "request",
                "open span: laksa": "inform",
                "open span: delicious": "inform",
                "open span: image": "inform",
                "img_gts: dry noodle": "inform",
                "venuename: halia restaurant": "confirm",
                "venueaddress: 1 cluny rd 259569 singapore": "inform",
                "reservations": "request"
            }
        },
        {
            "turn idx": 8,
            "agent": {
                "transcript": "yes they do!",
                "img_gts": [],
                "dialog_act": {
                    "reservations: yes": "inform"
                }
            },
            "user": {
                "transcript": "ok great! can i have another recommendation?",
                "img_gts": [],
                "turn_label": {
                    "open span: recommendation": "request"
                }
            },
            "bstate": {
                "menus: lunch": "inform",
                "venueneigh: tanglin": "inform",
                "open span: authentic": "inform",
                "open span: local food": "inform",
                "open span: budget": "request",
                "open span: what food": "request",
                "open span: laksa": "inform",
                "open span: delicious": "inform",
                "open span: image": "inform",
                "img_gts: dry noodle": "inform",
                "venuename: halia restaurant": "confirm",
                "venueaddress: 1 cluny rd 259569 singapore": "inform",
                "reservations: yes": "inform",
                "open span: recommendation": "request"
            }
        },
        {
            "turn idx": 9,
            "agent": {
                "transcript": "a cheaper option would be to dine at zion riverside food centre! it is a food court that sells a large variety of authentic local fare!",
                "img_gts": [],
                "dialog_act": {
                    "venuename: zion riverside food centre": "recommend"
                }
            },
            "user": {
                "transcript": "i see, what food would you suggest i try?",
                "img_gts": [],
                "turn_label": {
                    "open span: what food": "request",
                    "open span: tip or suggestion": "request"
                }
            },
            "bstate": {
                "menus: lunch": "inform",
                "venueneigh: tanglin": "inform",
                "open span: authentic": "inform",
                "open span: local food": "inform",
                "open span: budget": "request",
                "open span: what food": "request",
                "open span: laksa": "inform",
                "open span: delicious": "inform",
                "open span: image": "inform",
                "img_gts: dry noodle": "inform",
                "venueaddress: 1 cluny rd 259569 singapore": "inform",
                "reservations: yes": "inform",
                "venuename: zion riverside food centre": "recommend",
                "open span: tip or suggestion": "request"
            }
        },
        {
            "turn idx": 10,
            "agent": {
                "transcript": "i would recommend trying the oyster omelette like the one in the picture! other popular local dishes include satay and carrot cake.",
                "img_gts": [
                    "seafood"
                ],
                "dialog_act": {
                    "open span: carrot cake": "inform",
                    "open span: satay": "inform",
                    "open span: oyster omelette": "inform",
                    "open span: image": "inform",
                    "img_gts: seafood": "inform"
                }
            },
            "user": {
                "transcript": "ok thanks for the recommendations! i will think about it.",
                "img_gts": [],
                "turn_label": {
                    "venuename: zion riverside food centre": "confirm",
                    "placeholder": "bye"
                }
            },
            "bstate": {
                "menus: lunch": "inform",
                "venueneigh: tanglin": "inform",
                "open span: authentic": "inform",
                "open span: local food": "inform",
                "open span: budget": "request",
                "open span: what food": "request",
                "open span: laksa": "inform",
                "open span: delicious": "inform",
                "open span: image": "inform",
                "venueaddress: 1 cluny rd 259569 singapore": "inform",
                "reservations: yes": "inform",
                "open span: carrot cake": "inform",
                "open span: satay": "inform",
                "open span: oyster omelette": "inform",
                "img_gts: seafood": "inform",
                "venuename: zion riverside food centre": "confirm"
            }
        },
        {
            "turn idx": 11,
            "agent": {
                "transcript": "no problem, have a nice day!",
                "img_gts": [],
                "dialog_act": {
                    "placeholder": "bye"
                }
            },
            "user": {
                "transcript": "",
                "img_gts": [],
                "turn_label": {}
            },
            "bstate": {
                "menus: lunch": "inform",
                "venueneigh: tanglin": "inform",
                "open span: authentic": "inform",
                "open span: local food": "inform",
                "open span: budget": "request",
                "open span: what food": "request",
                "open span: laksa": "inform",
                "open span: delicious": "inform",
                "open span: image": "inform",
                "venueaddress: 1 cluny rd 259569 singapore": "inform",
                "reservations: yes": "inform",
                "open span: carrot cake": "inform",
                "open span: satay": "inform",
                "open span: oyster omelette": "inform",
                "img_gts: seafood": "inform",
                "venuename: zion riverside food centre": "confirm"
            }
        }
    ],
    "user rating": 5,
    "user setting": "you are at <b>tanglin</b>, hope to seek advices for <b>lunch choices</b>. <b>**use at least three turns of question&answers to find one venue!**</b>",
    "goal": {
        "id": 1584,
        "type": "multiple",
        "modality": "multiple",
        "content": [
            {
                "imgs": [
                    "0519ea5f4cc441ad471e62d9717b392e",
                    "4936d709b83288eb5c9d9ed42e8e81f5",
                    "32665b7777a3bb40916303f4172d958b"
                ],
                "Menus": [
                    "Brunch",
                    "Lunch",
                    "Dinner"
                ],
                "Music": "Live Music",
                "terms": [
                    "coffee",
                    "romantic",
                    "high tea",
                    "intimate",
                    "healthy food",
                    "brunch food",
                    "french fries",
                    "quiet",
                    "fancy",
                    "scenic views",
                    "wagyu beef",
                    "chili crabs",
                    "family-friendly",
                    "outdoor seating",
                    "yellowfin tuna",
                    "tomato basil soup",
                    "steak",
                    "authentic",
                    "gardens",
                    "cozy"
                ],
                "Drinks": [
                    "Cocktails"
                ],
                "venueCat": [
                    "Halal Restaurant"
                ],
                "venueName": "Halia Restaurant",
                "preference": {
                    "Tanglin": 2,
                    "authenticc": 1,
                    "healthy food": 1,
                    "good venue score": 1,
                    "get address and check reservation": 3,
                    "recommend Chilli Crab Spaghetti by image to user": 2
                },
                "venueNeigh": "Tanglin",
                "venueScore": "good",
                "venueDomain": "food",
                "Credit Cards": "Yes",
                "Reservations": "Yes",
                "Dining Options": [
                    "No Delivery"
                ],
                "Outdoor Seating": "Yes"
            },
            {
                "imgs": [
                    "c6d3edafdc13135e2526d2992b0adc96",
                    "8a401f7bd2ce2329c4fb1c6be9e24625",
                    "1f6ac31ed5f1846502672419f7d68f9e"
                ],
                "Menus": [
                    "Breakfast",
                    "Brunch",
                    "Lunch",
                    "Dinner",
                    "Dessert"
                ],
                "Music": "No",
                "terms": [
                    "carrot cake",
                    "lunch",
                    "pork",
                    "satay",
                    "desserts",
                    "dumplings",
                    "oyster omelette",
                    "shrimp",
                    "rice",
                    "soup",
                    "dinner",
                    "stall",
                    "meats",
                    "good for a quick meal",
                    "family-friendly",
                    "chicken",
                    "breakfast food",
                    "authentic",
                    "casual",
                    "lively"
                ],
                "Parking": [
                    "Street",
                    "Public Lot"
                ],
                "Restroom": "Yes",
                "venueCat": [
                    "Food Court"
                ],
                "venueName": "Zion Riverside Food Centre",
                "preference": {
                    "casual": 1,
                    "Food Court": 1,
                    "authentic local food": 2,
                    "recommend oyster omelette by image to user": 2,
                    "ask for tips or suggestions or things to take note": 3
                },
                "venueNeigh": "Tanglin",
                "venueScore": "average",
                "venueDomain": "food",
                "Credit Cards": "No",
                "Dining Options": [
                    "Take-out"
                ],
                "Wheelchair Accessible": "Yes"
            }
        ],
        "cnv_cnt": 20,
        "user_setting": "You are at <b>Tanglin</b>, hope to seek advices for <b>lunch choices</b>. <b>**Use at least three turns of Question&Answers to find one venue!**</b>",
        "user_location": "Tanglin"
    }
}