{
    "id": "4046",
    "dialogue": [
        {
            "turn idx": 0,
            "agent": {
                "transcript": "",
                "img_gts": [],
                "dialog_act": {}
            },
            "user": {
                "transcript": "hi, i am looking for a family-friendly restaurant to have lunch with my family. do you know a suitable place?",
                "img_gts": [],
                "turn_label": {
                    "open span: place": "request",
                    "menus: lunch": "inform",
                    "open span: family friendly": "inform",
                    "placeholder": "greet"
                }
            },
            "bstate": {
                "open span: place": "request",
                "menus: lunch": "inform",
                "open span: family friendly": "inform"
            }
        },
        {
            "turn idx": 1,
            "agent": {
                "transcript": "can you tell me more about the place you're looking for?",
                "img_gts": [],
                "dialog_act": {
                    "open span: more information": "request"
                }
            },
            "user": {
                "transcript": "i am looking for somewhere to eat in the downtown core.",
                "img_gts": [],
                "turn_label": {
                    "venueneigh: downtown core": "inform"
                }
            },
            "bstate": {
                "menus: lunch": "inform",
                "open span: family friendly": "inform",
                "open span: more information": "request",
                "venueneigh: downtown core": "inform"
            }
        },
        {
            "turn idx": 2,
            "agent": {
                "transcript": "is there anything else you would like?",
                "img_gts": [],
                "dialog_act": {
                    "open span: anything else": "request"
                }
            },
            "user": {
                "transcript": "i was thinking of having some cantonese food like dim sum. could you let me know if there is anything else that is nice to eat at the place?",
                "img_gts": [],
                "turn_label": {
                    "open span: dim sum": "inform",
                    "open span: nice": "inform",
                    "open span: anything else": "request",
                    "open span: cantonese food": "inform"
                }
            },
            "bstate": {
                "menus: lunch": "inform",
                "open span: family friendly": "inform",
                "venueneigh: downtown core": "inform",
                "open span: anything else": "request",
                "open span: dim sum": "inform",
                "open span: nice": "inform",
                "open span: cantonese food": "inform"
            }
        },
        {
            "turn idx": 3,
            "agent": {
                "transcript": "you can try going to peach blossoms and they have roast pork like in the picture that you can try as well!",
                "img_gts": [
                    "food"
                ],
                "dialog_act": {
                    "venuename: peach blossoms": "recommend",
                    "open span: image": "inform",
                    "open span: roast pork": "inform",
                    "img_gts: food": "inform"
                }
            },
            "user": {
                "transcript": "could i get their address too?",
                "img_gts": [],
                "turn_label": {
                    "venueaddress": "request"
                }
            },
            "bstate": {
                "menus: lunch": "inform",
                "open span: family friendly": "inform",
                "venueneigh: downtown core": "inform",
                "open span: dim sum": "inform",
                "open span: nice": "inform",
                "open span: cantonese food": "inform",
                "venuename: peach blossoms": "recommend",
                "open span: image": "inform",
                "open span: roast pork": "inform",
                "img_gts: food": "inform",
                "venueaddress": "request"
            }
        },
        {
            "turn idx": 4,
            "agent": {
                "transcript": "sure, it is marina mandarin singapore (5/6 raffles blvd.) 039594 singapore.",
                "img_gts": [],
                "dialog_act": {
                    "venueaddress: marina mandarin singapore (5/6 raffles blvd.) 039594 singapore": "inform"
                }
            },
            "user": {
                "transcript": "thanks! i am also looking for the address of a shopping mall in orchard road. could you help me with this?",
                "img_gts": [],
                "turn_label": {
                    "venueaddress": "request",
                    "venueneigh: orchard road": "inform",
                    "open span: mall": "inform",
                    "venuename: peach blossoms": "confirm"
                }
            },
            "bstate": {
                "menus: lunch": "inform",
                "open span: family friendly": "inform",
                "open span: dim sum": "inform",
                "open span: nice": "inform",
                "open span: cantonese food": "inform",
                "open span: image": "inform",
                "open span: roast pork": "inform",
                "img_gts: food": "inform",
                "venueaddress": "request",
                "venueneigh: orchard road": "inform",
                "open span: mall": "inform",
                "venuename: peach blossoms": "confirm"
            }
        },
        {
            "turn idx": 5,
            "agent": {
                "transcript": "can you tell me more about the place?",
                "img_gts": [],
                "dialog_act": {
                    "open span: more information": "request"
                }
            },
            "user": {
                "transcript": "i am planning to do a facial there!",
                "img_gts": [],
                "turn_label": {
                    "open span: facial": "inform"
                }
            },
            "bstate": {
                "menus: lunch": "inform",
                "open span: family friendly": "inform",
                "open span: dim sum": "inform",
                "open span: nice": "inform",
                "open span: cantonese food": "inform",
                "open span: image": "inform",
                "open span: roast pork": "inform",
                "img_gts: food": "inform",
                "venueaddress": "request",
                "venueneigh: orchard road": "inform",
                "open span: mall": "inform",
                "venuename: peach blossoms": "confirm",
                "open span: more information": "request",
                "open span: facial": "inform"
            }
        },
        {
            "turn idx": 6,
            "agent": {
                "transcript": "that would be orchard plaza at 150 orchard rd 238841 singapore.",
                "img_gts": [],
                "dialog_act": {
                    "venuename: orchard plaza": "recommend",
                    "venueaddress: 150 orchard rd 238841 singapore": "inform"
                }
            },
            "user": {
                "transcript": "do you also have a picture of the building that i can use as guidance?",
                "img_gts": [],
                "turn_label": {
                    "open span: image": "request",
                    "open span: building": "inform"
                }
            },
            "bstate": {
                "menus: lunch": "inform",
                "open span: family friendly": "inform",
                "open span: dim sum": "inform",
                "open span: nice": "inform",
                "open span: cantonese food": "inform",
                "open span: roast pork": "inform",
                "img_gts: food": "inform",
                "venueneigh: orchard road": "inform",
                "open span: mall": "inform",
                "open span: facial": "inform",
                "venuename: orchard plaza": "recommend",
                "venueaddress: 150 orchard rd 238841 singapore": "inform",
                "open span: building": "inform"
            }
        },
        {
            "turn idx": 7,
            "agent": {
                "transcript": "i have a picture that is like this.",
                "img_gts": [
                    "building"
                ],
                "dialog_act": {
                    "open span: image": "inform",
                    "img_gts: building": "inform"
                }
            },
            "user": {
                "transcript": "great, thank you!",
                "img_gts": [],
                "turn_label": {
                    "placeholder": "bye"
                }
            },
            "bstate": {
                "menus: lunch": "inform",
                "open span: family friendly": "inform",
                "open span: dim sum": "inform",
                "open span: nice": "inform",
                "open span: cantonese food": "inform",
                "open span: roast pork": "inform",
                "venueneigh: orchard road": "inform",
                "open span: mall": "inform",
                "open span: facial": "inform",
                "venuename: orchard plaza": "recommend",
                "venueaddress: 150 orchard rd 238841 singapore": "inform",
                "open span: building": "inform",
                "open span: image": "inform",
                "img_gts: building": "inform"
            }
        }
    ],
    "user rating": 5,
    "user setting": "you are at <b>downtown core</b> looking for a <b>dim sum restaurant</b> for <b>lunch</b> with <b>family</b>. later plan to do <b>facial</b> in <b>orchard road</b>. <b>**use at least three turns of question&answers to find one venue!**</b>",
    "goal": {
        "id": 1581,
        "type": "multiple",
        "modality": "multiple",
        "content": [
            {
                "imgs": [
                    "21f88cb76249e386d8c40866d04aa207",
                    "fa2c915e47f593b88b0530decedd39f6"
                ],
                "Menus": [
                    "Brunch",
                    "Lunch",
                    "Dinner"
                ],
                "price": "Moderate",
                "terms": [
                    "porridge",
                    "tasting menu",
                    "desserts",
                    "dim sum",
                    "sherbet",
                    "quiet",
                    "shrimp",
                    "chili crabs",
                    "lobster",
                    "family-friendly",
                    "Cantonese food",
                    "abalone",
                    "lunch",
                    "scallops",
                    "dinner",
                    "roast pork",
                    "good service",
                    "fried noodles",
                    "Mango Pomelo",
                    "lime"
                ],
                "venueCat": [
                    "Dim Sum Restaurant",
                    "Asian Restaurant",
                    "Chinese Restaurant"
                ],
                "venueName": "Peach Blossoms",
                "preference": {
                    "dim sum": 2,
                    "Downtown Core": 2,
                    "Cantonese food": 2,
                    "family-friendly": 1,
                    "show roast pork image to user": 2,
                    "get address and ask for suggestions": 3
                },
                "venueNeigh": "Downtown Core",
                "venueScore": "good",
                "venueDomain": "food",
                "Credit Cards": "Yes",
                "Reservations": "Yes",
                "Dining Options": [
                    "Delivery"
                ],
                "Outdoor Seating": "No"
            },
            {
                "imgs": [
                    "cf28971ebae26d9c656e4073fad88305",
                    "0d190058b640904901ebbe66913c1687"
                ],
                "terms": [
                    "arts",
                    "dinner",
                    "rice",
                    "massage",
                    "tuxedos",
                    "facials"
                ],
                "venueCat": [
                    "Shopping Mall",
                    "Boutique",
                    "Clothing Store"
                ],
                "venueName": "Orchard Plaza",
                "preference": {
                    "facials": 2,
                    "get address": 3,
                    "Orchard Road": 2,
                    "Shopping Mall": 1,
                    "show building image to user for guidance": 2
                },
                "venueNeigh": "Orchard Road",
                "venueScore": "fair",
                "venueDomain": "mall",
                "Credit Cards": "Yes"
            }
        ],
        "cnv_cnt": 20,
        "user_setting": "You are at <b>Downtown Core</b> looking for a <b>Dim Sum Restaurant</b> for <b>lunch</b> with <b>family</b>. Later plan to do <b>facial</b> in <b>Orchard Road</b>. <b>**Use at least three turns of Question&Answers to find one venue!**</b>",
        "user_location": "Downtown Core"
    }
}