{
    "id": "4066",
    "dialogue": [
        {
            "turn idx": 0,
            "agent": {
                "transcript": "",
                "img_gts": [],
                "dialog_act": {}
            },
            "user": {
                "transcript": "hello. i am currently at tanglin and i have no idea what to eat for lunch.",
                "img_gts": [],
                "turn_label": {
                    "venueneigh: tanglin": "inform",
                    "menus:  lunch": "inform",
                    "menus: lunch": "inform",
                    "placeholder": "greet"
                }
            },
            "bstate": {
                "venueneigh: tanglin": "inform",
                "menus: lunch": "inform"
            }
        },
        {
            "turn idx": 1,
            "agent": {
                "transcript": "hello. don't worry, i am here to help! may i ask what do you feel like eating right now?",
                "img_gts": [],
                "dialog_act": {}
            },
            "user": {
                "transcript": "i have no idea, maybe healthy food prehaps??? i hope to eat something authentic and good.",
                "img_gts": [],
                "turn_label": {
                    "open span: authentic": "inform"
                }
            },
            "bstate": {
                "venueneigh: tanglin": "inform",
                "menus: lunch": "inform",
                "open span: authentic": "inform"
            }
        },
        {
            "turn idx": 2,
            "agent": {
                "transcript": "i would highly recommend you to eat at halia restaurant.",
                "img_gts": [],
                "dialog_act": {
                    "venuename: halia restaurant": "recommend"
                }
            },
            "user": {
                "transcript": "i see, can you recommend me what to eat?",
                "img_gts": [],
                "turn_label": {
                    "open span: recommendation": "request"
                }
            },
            "bstate": {
                "venueneigh: tanglin": "inform",
                "menus: lunch": "inform",
                "open span: authentic": "inform",
                "venuename: halia restaurant": "recommend",
                "open span: recommendation": "request"
            }
        },
        {
            "turn idx": 3,
            "agent": {
                "transcript": "i would recommend you to eat chilli crab spaghetti .",
                "img_gts": [
                    "dry noodle"
                ],
                "dialog_act": {
                    "open span: image": "inform",
                    "img_gts: dry noodle": "inform"
                }
            },
            "user": {
                "transcript": "ooo, chilli crab! may i have the address please! can i place a reservation first?",
                "img_gts": [],
                "turn_label": {
                    "venueaddress": "request",
                    "reservations": "request"
                }
            },
            "bstate": {
                "venueneigh: tanglin": "inform",
                "menus: lunch": "inform",
                "open span: authentic": "inform",
                "venuename: halia restaurant": "recommend",
                "open span: image": "inform",
                "img_gts: dry noodle": "inform",
                "venueaddress": "request",
                "reservations": "request"
            }
        },
        {
            "turn idx": 4,
            "agent": {
                "transcript": "it is located at 1 cluny rd 259569 singapore and you can place a reservation first.",
                "img_gts": [],
                "dialog_act": {
                    "reservations: yes": "inform",
                    "venueaddress: 1 cluny rd 259569 singapore": "inform"
                }
            },
            "user": {
                "transcript": "to be honest, i heard that locals eat in food court and this is where you can find authentic local food. i would like to try that as well, any recommendation?",
                "img_gts": [],
                "turn_label": {
                    "open span: recommendation": "request"
                }
            },
            "bstate": {
                "venueneigh: tanglin": "inform",
                "menus: lunch": "inform",
                "open span: authentic": "inform",
                "venuename: halia restaurant": "recommend",
                "open span: image": "inform",
                "img_gts: dry noodle": "inform",
                "reservations: yes": "inform",
                "venueaddress: 1 cluny rd 259569 singapore": "inform",
                "open span: recommendation": "request"
            }
        },
        {
            "turn idx": 5,
            "agent": {
                "transcript": "in this case, i would recommend  zion riverside food centre because it is located nearby.",
                "img_gts": [],
                "dialog_act": {
                    "venuename: zion riverside food centre": "recommend"
                }
            },
            "user": {
                "transcript": "how's about the food?",
                "img_gts": [],
                "turn_label": {
                    "open span: food": "inform"
                }
            },
            "bstate": {
                "venueneigh: tanglin": "inform",
                "menus: lunch": "inform",
                "open span: authentic": "inform",
                "open span: image": "inform",
                "img_gts: dry noodle": "inform",
                "reservations: yes": "inform",
                "venueaddress: 1 cluny rd 259569 singapore": "inform",
                "venuename: zion riverside food centre": "recommend",
                "open span: food": "inform"
            }
        },
        {
            "turn idx": 6,
            "agent": {
                "transcript": "i would recommend you to try oyster omelette.",
                "img_gts": [
                    "seafood"
                ],
                "dialog_act": {
                    "open span: oyster omelette": "inform",
                    "open span: image": "inform",
                    "img_gts: seafood": "inform"
                }
            },
            "user": {
                "transcript": "can i check that i can go casual there right?",
                "img_gts": [],
                "turn_label": {
                    "open span: casual": "inform"
                }
            },
            "bstate": {
                "venueneigh: tanglin": "inform",
                "menus: lunch": "inform",
                "open span: authentic": "inform",
                "open span: image": "inform",
                "reservations: yes": "inform",
                "venueaddress: 1 cluny rd 259569 singapore": "inform",
                "venuename: zion riverside food centre": "recommend",
                "open span: food": "inform",
                "open span: oyster omelette": "inform",
                "img_gts: seafood": "inform",
                "open span: casual": "inform"
            }
        },
        {
            "turn idx": 7,
            "agent": {
                "transcript": "yes.",
                "img_gts": [],
                "dialog_act": {}
            },
            "user": {
                "transcript": "alright, thanks!",
                "img_gts": [],
                "turn_label": {
                    "placeholder": "bye"
                }
            },
            "bstate": {
                "venueneigh: tanglin": "inform",
                "menus: lunch": "inform",
                "open span: authentic": "inform",
                "open span: image": "inform",
                "reservations: yes": "inform",
                "venueaddress: 1 cluny rd 259569 singapore": "inform",
                "venuename: zion riverside food centre": "recommend",
                "open span: food": "inform",
                "open span: oyster omelette": "inform",
                "img_gts: seafood": "inform",
                "open span: casual": "inform"
            }
        }
    ],
    "user rating": 5,
    "user setting": "you are at <b>tanglin</b>, hope to seek advices for <b>lunch choices</b>. <b>**use at least three turns of question&answers to find one venue!**</b>",
    "goal": {
        "id": 1584,
        "type": "multiple",
        "modality": "multiple",
        "content": [
            {
                "imgs": [
                    "0519ea5f4cc441ad471e62d9717b392e",
                    "4936d709b83288eb5c9d9ed42e8e81f5",
                    "32665b7777a3bb40916303f4172d958b"
                ],
                "Menus": [
                    "Brunch",
                    "Lunch",
                    "Dinner"
                ],
                "Music": "Live Music",
                "terms": [
                    "coffee",
                    "romantic",
                    "high tea",
                    "intimate",
                    "healthy food",
                    "brunch food",
                    "french fries",
                    "quiet",
                    "fancy",
                    "scenic views",
                    "wagyu beef",
                    "chili crabs",
                    "family-friendly",
                    "outdoor seating",
                    "yellowfin tuna",
                    "tomato basil soup",
                    "steak",
                    "authentic",
                    "gardens",
                    "cozy"
                ],
                "Drinks": [
                    "Cocktails"
                ],
                "venueCat": [
                    "Halal Restaurant"
                ],
                "venueName": "Halia Restaurant",
                "preference": {
                    "Tanglin": 2,
                    "authenticc": 1,
                    "healthy food": 1,
                    "good venue score": 1,
                    "get address and check reservation": 3,
                    "recommend Chilli Crab Spaghetti by image to user": 2
                },
                "venueNeigh": "Tanglin",
                "venueScore": "good",
                "venueDomain": "food",
                "Credit Cards": "Yes",
                "Reservations": "Yes",
                "Dining Options": [
                    "No Delivery"
                ],
                "Outdoor Seating": "Yes"
            },
            {
                "imgs": [
                    "c6d3edafdc13135e2526d2992b0adc96",
                    "8a401f7bd2ce2329c4fb1c6be9e24625",
                    "1f6ac31ed5f1846502672419f7d68f9e"
                ],
                "Menus": [
                    "Breakfast",
                    "Brunch",
                    "Lunch",
                    "Dinner",
                    "Dessert"
                ],
                "Music": "No",
                "terms": [
                    "carrot cake",
                    "lunch",
                    "pork",
                    "satay",
                    "desserts",
                    "dumplings",
                    "oyster omelette",
                    "shrimp",
                    "rice",
                    "soup",
                    "dinner",
                    "stall",
                    "meats",
                    "good for a quick meal",
                    "family-friendly",
                    "chicken",
                    "breakfast food",
                    "authentic",
                    "casual",
                    "lively"
                ],
                "Parking": [
                    "Street",
                    "Public Lot"
                ],
                "Restroom": "Yes",
                "venueCat": [
                    "Food Court"
                ],
                "venueName": "Zion Riverside Food Centre",
                "preference": {
                    "casual": 1,
                    "Food Court": 1,
                    "authentic local food": 2,
                    "recommend oyster omelette by image to user": 2,
                    "ask for tips or suggestions or things to take note": 3
                },
                "venueNeigh": "Tanglin",
                "venueScore": "average",
                "venueDomain": "food",
                "Credit Cards": "No",
                "Dining Options": [
                    "Take-out"
                ],
                "Wheelchair Accessible": "Yes"
            }
        ],
        "cnv_cnt": 20,
        "user_setting": "You are at <b>Tanglin</b>, hope to seek advices for <b>lunch choices</b>. <b>**Use at least three turns of Question&Answers to find one venue!**</b>",
        "user_location": "Tanglin"
    }
}