{
    "id": "4089",
    "dialogue": [
        {
            "turn idx": 0,
            "agent": {
                "transcript": "",
                "img_gts": [],
                "dialog_act": {}
            },
            "user": {
                "transcript": "hi, i am staying at chinatown with my girlfriend and am looking for a place for dinner. would you be able to help me find one?",
                "img_gts": [],
                "turn_label": {
                    "venueneigh: chinatown": "inform",
                    "placeholder": "greet",
                    "menus: dinner": "inform"
                }
            },
            "bstate": {
                "venueneigh: chinatown": "inform",
                "menus: dinner": "inform"
            }
        },
        {
            "turn idx": 1,
            "agent": {
                "transcript": "sure, what kind of place are you looking for?",
                "img_gts": [],
                "dialog_act": {
                    "open span: type": "request"
                }
            },
            "user": {
                "transcript": "i am looking for a place that is cozy!",
                "img_gts": [],
                "turn_label": {
                    "open span: place": "request",
                    "open span: cozy": "inform"
                }
            },
            "bstate": {
                "venueneigh: chinatown": "inform",
                "menus: dinner": "inform",
                "open span: type": "request",
                "open span: place": "request",
                "open span: cozy": "inform"
            }
        },
        {
            "turn idx": 2,
            "agent": {
                "transcript": "is there anything else you would like?",
                "img_gts": [],
                "dialog_act": {
                    "open span: anything else": "request"
                }
            },
            "user": {
                "transcript": "we were thinking of going to a korean restaurant to try some authentic barbecue.",
                "img_gts": [],
                "turn_label": {
                    "open span: korean food": "inform"
                }
            },
            "bstate": {
                "venueneigh: chinatown": "inform",
                "menus: dinner": "inform",
                "open span: cozy": "inform",
                "open span: anything else": "request",
                "open span: korean food": "inform"
            }
        },
        {
            "turn idx": 3,
            "agent": {
                "transcript": "you can try going to supulae korean bbq!",
                "img_gts": [],
                "dialog_act": {
                    "venuename: supulae korean bbq": "recommend"
                }
            },
            "user": {
                "transcript": "do you have a picture of the food at the place? and do you have any tips about it?",
                "img_gts": [],
                "turn_label": {
                    "open span: image": "request",
                    "open span: food": "inform",
                    "venuename: supulae korean bbq": "confirm",
                    "open span: tip or suggestion": "request"
                }
            },
            "bstate": {
                "venueneigh: chinatown": "inform",
                "menus: dinner": "inform",
                "open span: cozy": "inform",
                "open span: korean food": "inform",
                "open span: image": "request",
                "open span: food": "inform",
                "venuename: supulae korean bbq": "confirm",
                "open span: tip or suggestion": "request"
            }
        },
        {
            "turn idx": 4,
            "agent": {
                "transcript": "here is a picture of the barbecue. sorry, i can't find any tips for this place.",
                "img_gts": [
                    "hotpot"
                ],
                "dialog_act": {
                    "open span: image": "inform",
                    "open span: barbecue": "inform",
                    "img_gts: hotpot": "inform"
                }
            },
            "user": {
                "transcript": "alright! after dinner, i was thinking of going to a cocktail bar nearby. i heard that there is one that is intimate and good for dates.",
                "img_gts": [],
                "turn_label": {
                    "drinks: full bar": "inform",
                    "drinks:  cocktails": "inform",
                    "drinks: cocktails": "inform",
                    "open span: intimate": "inform",
                    "open span: good for date": "inform"
                }
            },
            "bstate": {
                "venueneigh: chinatown": "inform",
                "menus: dinner": "inform",
                "open span: cozy": "inform",
                "open span: korean food": "inform",
                "open span: image": "inform",
                "open span: food": "inform",
                "venuename: supulae korean bbq": "confirm",
                "open span: barbecue": "inform",
                "img_gts: hotpot": "inform",
                "drinks: full bar": "inform",
                "drinks: cocktails": "inform",
                "open span: intimate": "inform",
                "open span: good for date": "inform"
            }
        },
        {
            "turn idx": 5,
            "agent": {
                "transcript": "can you tell me more about the place?",
                "img_gts": [],
                "dialog_act": {
                    "open span: more information": "request"
                }
            },
            "user": {
                "transcript": "i believe they have trendy music and their prices are on the expensive side.",
                "img_gts": [],
                "turn_label": {
                    "price: expensive": "inform",
                    "music: yes": "inform"
                }
            },
            "bstate": {
                "venueneigh: chinatown": "inform",
                "menus: dinner": "inform",
                "open span: cozy": "inform",
                "open span: korean food": "inform",
                "open span: image": "inform",
                "open span: food": "inform",
                "venuename: supulae korean bbq": "confirm",
                "open span: barbecue": "inform",
                "img_gts: hotpot": "inform",
                "drinks: full bar": "inform",
                "drinks: cocktails": "inform",
                "open span: intimate": "inform",
                "open span: good for date": "inform",
                "open span: more information": "request",
                "price: expensive": "inform",
                "music: yes": "inform"
            }
        },
        {
            "turn idx": 6,
            "agent": {
                "transcript": "that would be bitters & love!",
                "img_gts": [],
                "dialog_act": {
                    "venuename: bitters & love": "recommend"
                }
            },
            "user": {
                "transcript": "do you have any suggestions on what to have there?",
                "img_gts": [],
                "turn_label": {
                    "open span: recommendation": "request",
                    "open span: tip or suggestion": "request"
                }
            },
            "bstate": {
                "venueneigh: chinatown": "inform",
                "menus: dinner": "inform",
                "open span: cozy": "inform",
                "open span: korean food": "inform",
                "open span: image": "inform",
                "open span: food": "inform",
                "open span: barbecue": "inform",
                "img_gts: hotpot": "inform",
                "drinks: full bar": "inform",
                "drinks: cocktails": "inform",
                "open span: intimate": "inform",
                "open span: good for date": "inform",
                "price: expensive": "inform",
                "music: yes": "inform",
                "venuename: bitters & love": "recommend",
                "open span: recommendation": "request",
                "open span: tip or suggestion": "request"
            }
        },
        {
            "turn idx": 7,
            "agent": {
                "transcript": "you can try their cocktails like in this picture.",
                "img_gts": [
                    "cocktail"
                ],
                "dialog_act": {
                    "drinks:  cocktails": "inform",
                    "drinks: cocktails": "inform",
                    "open span: image": "inform",
                    "img_gts: cocktail": "inform"
                }
            },
            "user": {
                "transcript": "great, thank you!",
                "img_gts": [],
                "turn_label": {
                    "venuename: bitters & love": "confirm"
                }
            },
            "bstate": {
                "venueneigh: chinatown": "inform",
                "menus: dinner": "inform",
                "open span: cozy": "inform",
                "open span: korean food": "inform",
                "open span: image": "inform",
                "open span: food": "inform",
                "open span: barbecue": "inform",
                "drinks: full bar": "inform",
                "drinks: cocktails": "inform",
                "open span: intimate": "inform",
                "open span: good for date": "inform",
                "price: expensive": "inform",
                "music: yes": "inform",
                "img_gts: cocktail": "inform",
                "venuename: bitters & love": "confirm"
            }
        },
        {
            "turn idx": 8,
            "agent": {
                "transcript": "is there anything else i can help with?",
                "img_gts": [],
                "dialog_act": {
                    "open span: anything else": "request"
                }
            },
            "user": {
                "transcript": "nope, thank you!",
                "img_gts": [],
                "turn_label": {
                    "open span: anything else": "negate",
                    "placeholder": "bye"
                }
            },
            "bstate": {
                "venueneigh: chinatown": "inform",
                "menus: dinner": "inform",
                "open span: cozy": "inform",
                "open span: korean food": "inform",
                "open span: image": "inform",
                "open span: food": "inform",
                "open span: barbecue": "inform",
                "drinks: full bar": "inform",
                "drinks: cocktails": "inform",
                "open span: intimate": "inform",
                "open span: good for date": "inform",
                "price: expensive": "inform",
                "music: yes": "inform",
                "img_gts: cocktail": "inform",
                "venuename: bitters & love": "confirm"
            }
        }
    ],
    "user rating": 5,
    "user setting": "you are staying in <b>chinatown</b> with <b>girlfriend</b>. hope to try <b>barbecue</b> for <b>dinner</b> and head to <b>cocktail bar</b> <b>nearby</b> later to enjoy <b>nightlife</b>. <b>**use at least three turns of question&answers to find one venue!**</b>",
    "goal": {
        "id": 1602,
        "type": "multiple",
        "modality": "multiple",
        "content": [
            {
                "imgs": [
                    "445880f6d08607163b20f9a69a4a8d21",
                    "c5f084f3cd545d1f0e73e510ecfc0109",
                    "886ddf30297962428eab90eb9b8d5af6",
                    "11a00045d58dff30caae52c35c55a347"
                ],
                "price": "Moderate",
                "terms": [
                    "cozy",
                    "crowded",
                    "army stew",
                    "dinner",
                    "lively",
                    "good for groups",
                    "barbecue",
                    "marinated beef",
                    "authentic",
                    "casual"
                ],
                "venueCat": [
                    "Korean Restaurant",
                    "BBQ Joint"
                ],
                "venueName": "Supulae Korean BBQ",
                "preference": {
                    "cozy": 1,
                    "dinner": 2,
                    "Korean Restaurant": 1,
                    "authentic barbecue": 2,
                    "show barbecue image to user": 2,
                    "ask for tips or suggestions or things to take note": 3
                },
                "venueNeigh": "Chinatown",
                "venueScore": "average",
                "venueDomain": "food"
            },
            {
                "imgs": [
                    "d6b103470f0b2bdd5ab58d678fd91a96",
                    "d78ccbc88f5e25e5e75328bdaa274e85",
                    "a1c712615cc14f91f4576bdb6f105f58"
                ],
                "Wi-Fi": "No",
                "price": "Expensive",
                "terms": [
                    "cute",
                    "hidden spots",
                    "kaya",
                    "romantic",
                    "good for dates",
                    "good for special occasions",
                    "liquor",
                    "intimate",
                    "friendly staff",
                    "fancy",
                    "cocktails",
                    "spicy food",
                    "bar food",
                    "hipster",
                    "lively",
                    "great value",
                    "trendy",
                    "music",
                    "authentic",
                    "cozy"
                ],
                "Drinks": [
                    "Full Bar",
                    "Cocktails"
                ],
                "venueCat": [
                    "Cocktail Bar"
                ],
                "venueName": "Bitters & Love",
                "preference": {
                    "intimate": 2,
                    "trendy music": 1,
                    "good for dates": 2,
                    "Expensive price": 1,
                    "recommend cocktails by image to user": 1,
                    "ask for tips or suggestions or things to take note": 3
                },
                "venueNeigh": "Chinatown",
                "venueScore": "average",
                "venueDomain": "nightlife",
                "Credit Cards": "Yes",
                "Outdoor Seating": "Yes"
            }
        ],
        "cnv_cnt": 20,
        "user_setting": "You are staying in <b>Chinatown</b> with <b>girlfriend</b>. Hope to try <b>barbecue</b> for <b>dinner</b> and head to <b>Cocktail Bar</b> <b>nearby</b> later to enjoy <b>nightlife</b>. <b>**Use at least three turns of Question&Answers to find one venue!**</b>",
        "user_location": "Chinatown"
    }
}