{
    "id": "4135",
    "dialogue": [
        {
            "turn idx": 0,
            "agent": {
                "transcript": "",
                "img_gts": [],
                "dialog_act": {}
            },
            "user": {
                "transcript": "hi, i am looking for a korean restaurant near chinatown for dinner with my girlfriend. could you help me find one?",
                "img_gts": [],
                "turn_label": {
                    "venueneigh: chinatown": "inform",
                    "menus: dinner": "inform",
                    "placeholder": "greet"
                }
            },
            "bstate": {
                "venueneigh: chinatown": "inform",
                "menus: dinner": "inform"
            }
        },
        {
            "turn idx": 1,
            "agent": {
                "transcript": "sure, what kind of place are you looking for?",
                "img_gts": [],
                "dialog_act": {
                    "open span: place": "inform",
                    "open span: type": "request"
                }
            },
            "user": {
                "transcript": "i would also like to go somewhere that is cozy and to try some authentic barbecue.",
                "img_gts": [],
                "turn_label": {
                    "open span: cozy": "inform",
                    "open span: authentic": "inform",
                    "open span: barbecue": "inform"
                }
            },
            "bstate": {
                "venueneigh: chinatown": "inform",
                "menus: dinner": "inform",
                "open span: place": "inform",
                "open span: type": "request",
                "open span: cozy": "inform",
                "open span: authentic": "inform",
                "open span: barbecue": "inform"
            }
        },
        {
            "turn idx": 2,
            "agent": {
                "transcript": "supulae korean bbq would be just the place for you! they have yummy barbecue like in the picture.",
                "img_gts": [
                    "bbq steamboat"
                ],
                "dialog_act": {
                    "venuename: supulae korean bbq": "recommend",
                    "open span: image": "inform",
                    "open span: barbecue": "inform",
                    "img_gts: bbq steamboat": "inform"
                }
            },
            "user": {
                "transcript": "do you have any tips about the place?",
                "img_gts": [],
                "turn_label": {
                    "venuename: supulae korean bbq": "confirm",
                    "open span: tip or suggestion": "request"
                }
            },
            "bstate": {
                "venueneigh: chinatown": "inform",
                "menus: dinner": "inform",
                "open span: place": "inform",
                "open span: cozy": "inform",
                "open span: authentic": "inform",
                "open span: barbecue": "inform",
                "open span: image": "inform",
                "img_gts: bbq steamboat": "inform",
                "venuename: supulae korean bbq": "confirm",
                "open span: tip or suggestion": "request"
            }
        },
        {
            "turn idx": 3,
            "agent": {
                "transcript": "sorry, i can't find any tips but i can tell you more about the place. the prices are moderate and they have an average venue score.",
                "img_gts": [],
                "dialog_act": {
                    "price: moderate": "inform",
                    "venuescore: average": "inform"
                }
            },
            "user": {
                "transcript": "okay! i am also looking for a cocktail bar to go to after dinner to enjoy nightlife.",
                "img_gts": [],
                "turn_label": {
                    "drinks: full bar": "inform",
                    "drinks: cocktails": "inform",
                    "open span: nightlife": "inform"
                }
            },
            "bstate": {
                "venueneigh: chinatown": "inform",
                "menus: dinner": "inform",
                "open span: place": "inform",
                "open span: cozy": "inform",
                "open span: authentic": "inform",
                "open span: barbecue": "inform",
                "open span: image": "inform",
                "img_gts: bbq steamboat": "inform",
                "venuename: supulae korean bbq": "confirm",
                "price: moderate": "inform",
                "venuescore: average": "inform",
                "drinks: full bar": "inform",
                "drinks: cocktails": "inform",
                "open span: nightlife": "inform"
            }
        },
        {
            "turn idx": 4,
            "agent": {
                "transcript": "what kind of bar are you looking for?",
                "img_gts": [],
                "dialog_act": {
                    "open span: bar": "inform",
                    "open span: type": "request"
                }
            },
            "user": {
                "transcript": "i am looking for one that is more intimate and is good for dates.",
                "img_gts": [],
                "turn_label": {
                    "open span: intimate": "inform",
                    "open span: good for date": "inform"
                }
            },
            "bstate": {
                "venueneigh: chinatown": "inform",
                "menus: dinner": "inform",
                "open span: place": "inform",
                "open span: cozy": "inform",
                "open span: authentic": "inform",
                "open span: barbecue": "inform",
                "open span: image": "inform",
                "img_gts: bbq steamboat": "inform",
                "venuename: supulae korean bbq": "confirm",
                "price: moderate": "inform",
                "venuescore: average": "inform",
                "drinks: full bar": "inform",
                "drinks: cocktails": "inform",
                "open span: nightlife": "inform",
                "open span: bar": "inform",
                "open span: type": "request",
                "open span: intimate": "inform",
                "open span: good for date": "inform"
            }
        },
        {
            "turn idx": 5,
            "agent": {
                "transcript": "is there anything else you can tell me about the place?",
                "img_gts": [],
                "dialog_act": {
                    "open span: anything else": "request"
                }
            },
            "user": {
                "transcript": "i think there is one with expensive prices and that also has trendy music that we can enjoy.",
                "img_gts": [],
                "turn_label": {
                    "price: expensive": "inform",
                    "music: yes": "inform",
                    "open span: trendy": "inform"
                }
            },
            "bstate": {
                "venueneigh: chinatown": "inform",
                "menus: dinner": "inform",
                "open span: place": "inform",
                "open span: cozy": "inform",
                "open span: authentic": "inform",
                "open span: barbecue": "inform",
                "open span: image": "inform",
                "img_gts: bbq steamboat": "inform",
                "venuename: supulae korean bbq": "confirm",
                "venuescore: average": "inform",
                "drinks: full bar": "inform",
                "drinks: cocktails": "inform",
                "open span: nightlife": "inform",
                "open span: bar": "inform",
                "open span: intimate": "inform",
                "open span: good for date": "inform",
                "open span: anything else": "request",
                "price: expensive": "inform",
                "music: yes": "inform",
                "open span: trendy": "inform"
            }
        },
        {
            "turn idx": 6,
            "agent": {
                "transcript": "you could head to bitters & love after dinner!",
                "img_gts": [],
                "dialog_act": {
                    "venuename: bitters & love": "recommend"
                }
            },
            "user": {
                "transcript": "what would you recommend we have there? and do you have any tips about the place?",
                "img_gts": [],
                "turn_label": {
                    "open span: recommendation": "request",
                    "venuename: bitters & love": "confirm",
                    "open span: tip or suggestion": "request"
                }
            },
            "bstate": {
                "venueneigh: chinatown": "inform",
                "menus: dinner": "inform",
                "open span: place": "inform",
                "open span: cozy": "inform",
                "open span: authentic": "inform",
                "open span: barbecue": "inform",
                "open span: image": "inform",
                "img_gts: bbq steamboat": "inform",
                "venuescore: average": "inform",
                "drinks: full bar": "inform",
                "drinks: cocktails": "inform",
                "open span: nightlife": "inform",
                "open span: bar": "inform",
                "open span: intimate": "inform",
                "open span: good for date": "inform",
                "price: expensive": "inform",
                "music: yes": "inform",
                "open span: trendy": "inform",
                "open span: recommendation": "request",
                "venuename: bitters & love": "confirm",
                "open span: tip or suggestion": "request"
            }
        },
        {
            "turn idx": 7,
            "agent": {
                "transcript": "you can try their cocktails like in the picture. someone has said: one of the best bars to kick back and relax in in singapore. dark vibe, alive crew, and damn good cocktails.",
                "img_gts": [
                    "drink"
                ],
                "dialog_act": {
                    "drinks: cocktails": "inform",
                    "open span: image": "inform",
                    "open span: relax": "inform",
                    "img_gts: drink": "inform"
                }
            },
            "user": {
                "transcript": "sounds great!",
                "img_gts": [],
                "turn_label": {}
            },
            "bstate": {
                "venueneigh: chinatown": "inform",
                "menus: dinner": "inform",
                "open span: place": "inform",
                "open span: cozy": "inform",
                "open span: authentic": "inform",
                "open span: barbecue": "inform",
                "open span: image": "inform",
                "venuescore: average": "inform",
                "drinks: full bar": "inform",
                "drinks: cocktails": "inform",
                "open span: nightlife": "inform",
                "open span: bar": "inform",
                "open span: intimate": "inform",
                "open span: good for date": "inform",
                "price: expensive": "inform",
                "music: yes": "inform",
                "open span: trendy": "inform",
                "venuename: bitters & love": "confirm",
                "open span: relax": "inform",
                "img_gts: drink": "inform"
            }
        },
        {
            "turn idx": 8,
            "agent": {
                "transcript": "is there anything else i can help with?",
                "img_gts": [],
                "dialog_act": {
                    "open span: anything else": "request"
                }
            },
            "user": {
                "transcript": "no, that's all, thank you!",
                "img_gts": [],
                "turn_label": {
                    "open span: no": "others",
                    "open span: anything else": "negate",
                    "placeholder": "bye"
                }
            },
            "bstate": {
                "venueneigh: chinatown": "inform",
                "menus: dinner": "inform",
                "open span: place": "inform",
                "open span: cozy": "inform",
                "open span: authentic": "inform",
                "open span: barbecue": "inform",
                "open span: image": "inform",
                "venuescore: average": "inform",
                "drinks: full bar": "inform",
                "drinks: cocktails": "inform",
                "open span: nightlife": "inform",
                "open span: bar": "inform",
                "open span: intimate": "inform",
                "open span: good for date": "inform",
                "price: expensive": "inform",
                "music: yes": "inform",
                "open span: trendy": "inform",
                "venuename: bitters & love": "confirm",
                "open span: relax": "inform",
                "img_gts: drink": "inform",
                "open span: no": "others"
            }
        }
    ],
    "user rating": 5,
    "user setting": "you are staying in <b>chinatown</b> with <b>girlfriend</b>. hope to try <b>barbecue</b> for <b>dinner</b> and head to <b>cocktail bar</b> <b>nearby</b> later to enjoy <b>nightlife</b>. <b>**use at least three turns of question&answers to find one venue!**</b>",
    "goal": {
        "id": 1602,
        "type": "multiple",
        "modality": "multiple",
        "content": [
            {
                "imgs": [
                    "445880f6d08607163b20f9a69a4a8d21",
                    "c5f084f3cd545d1f0e73e510ecfc0109",
                    "886ddf30297962428eab90eb9b8d5af6",
                    "11a00045d58dff30caae52c35c55a347"
                ],
                "price": "Moderate",
                "terms": [
                    "cozy",
                    "crowded",
                    "army stew",
                    "dinner",
                    "lively",
                    "good for groups",
                    "barbecue",
                    "marinated beef",
                    "authentic",
                    "casual"
                ],
                "venueCat": [
                    "Korean Restaurant",
                    "BBQ Joint"
                ],
                "venueName": "Supulae Korean BBQ",
                "preference": {
                    "cozy": 1,
                    "dinner": 2,
                    "Korean Restaurant": 1,
                    "authentic barbecue": 2,
                    "show barbecue image to user": 2,
                    "ask for tips or suggestions or things to take note": 3
                },
                "venueNeigh": "Chinatown",
                "venueScore": "average",
                "venueDomain": "food"
            },
            {
                "imgs": [
                    "d6b103470f0b2bdd5ab58d678fd91a96",
                    "d78ccbc88f5e25e5e75328bdaa274e85",
                    "a1c712615cc14f91f4576bdb6f105f58"
                ],
                "Wi-Fi": "No",
                "price": "Expensive",
                "terms": [
                    "cute",
                    "hidden spots",
                    "kaya",
                    "romantic",
                    "good for dates",
                    "good for special occasions",
                    "liquor",
                    "intimate",
                    "friendly staff",
                    "fancy",
                    "cocktails",
                    "spicy food",
                    "bar food",
                    "hipster",
                    "lively",
                    "great value",
                    "trendy",
                    "music",
                    "authentic",
                    "cozy"
                ],
                "Drinks": [
                    "Full Bar",
                    "Cocktails"
                ],
                "venueCat": [
                    "Cocktail Bar"
                ],
                "venueName": "Bitters & Love",
                "preference": {
                    "intimate": 2,
                    "trendy music": 1,
                    "good for dates": 2,
                    "Expensive price": 1,
                    "recommend cocktails by image to user": 1,
                    "ask for tips or suggestions or things to take note": 3
                },
                "venueNeigh": "Chinatown",
                "venueScore": "average",
                "venueDomain": "nightlife",
                "Credit Cards": "Yes",
                "Outdoor Seating": "Yes"
            }
        ],
        "cnv_cnt": 20,
        "user_setting": "You are staying in <b>Chinatown</b> with <b>girlfriend</b>. Hope to try <b>barbecue</b> for <b>dinner</b> and head to <b>Cocktail Bar</b> <b>nearby</b> later to enjoy <b>nightlife</b>. <b>**Use at least three turns of Question&Answers to find one venue!**</b>",
        "user_location": "Chinatown"
    }
}