{
    "id": "4288",
    "dialogue": [
        {
            "turn idx": 0,
            "agent": {
                "transcript": "",
                "img_gts": [],
                "dialog_act": {}
            },
            "user": {
                "transcript": "hi there, i'm staying at the singapore river region and looking for a place to have breakfast food. any good places nearby?",
                "img_gts": [],
                "turn_label": {
                    "venueneigh: singapore river": "inform",
                    "menus: breakfast": "inform",
                    "open span: place": "request",
                    "open span: near": "inform",
                    "placeholder": "greet"
                }
            },
            "bstate": {
                "venueneigh: singapore river": "inform",
                "menus: breakfast": "inform",
                "open span: place": "request",
                "open span: near": "inform"
            }
        },
        {
            "turn idx": 1,
            "agent": {
                "transcript": "what kind of food would you like to have?",
                "img_gts": [],
                "dialog_act": {
                    "open span: type": "request",
                    "open span: food": "inform"
                }
            },
            "user": {
                "transcript": "i need some coffee and brunch food as a pick me up.",
                "img_gts": [],
                "turn_label": {
                    "menus: brunch": "inform",
                    "open span: coffee": "inform"
                }
            },
            "bstate": {
                "venueneigh: singapore river": "inform",
                "menus: breakfast": "inform",
                "open span: near": "inform",
                "open span: type": "request",
                "open span: food": "inform",
                "menus: brunch": "inform",
                "open span: coffee": "inform"
            }
        },
        {
            "turn idx": 2,
            "agent": {
                "transcript": "then you need to go to toby's estate.",
                "img_gts": [],
                "dialog_act": {
                    "venuename: toby's estate": "recommend"
                }
            },
            "user": {
                "transcript": "great! what do you suggest i order there?",
                "img_gts": [],
                "turn_label": {
                    "venuename: toby's estate": "confirm",
                    "open span: order": "inform",
                    "open span: tip or suggestion": "request"
                }
            },
            "bstate": {
                "venueneigh: singapore river": "inform",
                "menus: breakfast": "inform",
                "open span: near": "inform",
                "open span: food": "inform",
                "menus: brunch": "inform",
                "open span: coffee": "inform",
                "venuename: toby's estate": "confirm",
                "open span: order": "inform",
                "open span: tip or suggestion": "request"
            }
        },
        {
            "turn idx": 3,
            "agent": {
                "transcript": "they serve good quality coffee in this place. just check out this picture!",
                "img_gts": [
                    "coffee"
                ],
                "dialog_act": {
                    "open span: coffee": "inform",
                    "open span: image": "inform",
                    "img_gts: coffee": "inform"
                }
            },
            "user": {
                "transcript": "looks nice! i'm also planning a date at night, any place for me to go?",
                "img_gts": [],
                "turn_label": {
                    "open span: night": "inform",
                    "open span: place": "request"
                }
            },
            "bstate": {
                "venueneigh: singapore river": "inform",
                "menus: breakfast": "inform",
                "open span: near": "inform",
                "open span: food": "inform",
                "menus: brunch": "inform",
                "open span: coffee": "inform",
                "venuename: toby's estate": "confirm",
                "open span: order": "inform",
                "open span: image": "inform",
                "img_gts: coffee": "inform",
                "open span: night": "inform",
                "open span: place": "request"
            }
        },
        {
            "turn idx": 4,
            "agent": {
                "transcript": "what kind of place do you and your date like?",
                "img_gts": [],
                "dialog_act": {
                    "open span: type": "request",
                    "open span: place": "inform"
                }
            },
            "user": {
                "transcript": "an omakase restaurant sounds good. my date is also into healthy food.",
                "img_gts": [],
                "turn_label": {
                    "open span: omakase": "inform",
                    "open span: healthy": "inform",
                    "open span: food": "inform"
                }
            },
            "bstate": {
                "venueneigh: singapore river": "inform",
                "menus: breakfast": "inform",
                "open span: near": "inform",
                "open span: food": "inform",
                "menus: brunch": "inform",
                "open span: coffee": "inform",
                "venuename: toby's estate": "confirm",
                "open span: order": "inform",
                "open span: image": "inform",
                "img_gts: coffee": "inform",
                "open span: night": "inform",
                "open span: place": "inform",
                "open span: type": "request",
                "open span: omakase": "inform",
                "open span: healthy": "inform"
            }
        },
        {
            "turn idx": 5,
            "agent": {
                "transcript": "then shinzo japanese cuisine is the place for you.",
                "img_gts": [],
                "dialog_act": {
                    "venuename: shinzo japanese cuisine": "recommend"
                }
            },
            "user": {
                "transcript": "sounds posh. what should i take note of when i am there?",
                "img_gts": [],
                "turn_label": {
                    "venuename: shinzo japanese cuisine": "confirm",
                    "open span: tip or suggestion": "request"
                }
            },
            "bstate": {
                "venueneigh: singapore river": "inform",
                "menus: breakfast": "inform",
                "open span: near": "inform",
                "open span: food": "inform",
                "menus: brunch": "inform",
                "open span: coffee": "inform",
                "open span: order": "inform",
                "open span: image": "inform",
                "img_gts: coffee": "inform",
                "open span: night": "inform",
                "open span: place": "inform",
                "open span: omakase": "inform",
                "open span: healthy": "inform",
                "venuename: shinzo japanese cuisine": "confirm",
                "open span: tip or suggestion": "request"
            }
        },
        {
            "turn idx": 6,
            "agent": {
                "transcript": "they serve fresh sushi and sashimi like in this picture, you must try them!",
                "img_gts": [
                    "sushi",
                    "sashimi"
                ],
                "dialog_act": {
                    "open span: image": "inform",
                    "open span: sashimi": "inform",
                    "open span: sushi": "inform",
                    "img_gts: sushi, sashimi": "inform"
                }
            },
            "user": {
                "transcript": "great! i hope she likes this place.",
                "img_gts": [],
                "turn_label": {
                    "placeholder": "bye"
                }
            },
            "bstate": {
                "venueneigh: singapore river": "inform",
                "menus: breakfast": "inform",
                "open span: near": "inform",
                "open span: food": "inform",
                "menus: brunch": "inform",
                "open span: coffee": "inform",
                "open span: order": "inform",
                "open span: image": "inform",
                "open span: night": "inform",
                "open span: place": "inform",
                "open span: omakase": "inform",
                "open span: healthy": "inform",
                "venuename: shinzo japanese cuisine": "confirm",
                "open span: sashimi": "inform",
                "open span: sushi": "inform",
                "img_gts: sushi, sashimi": "inform"
            }
        }
    ],
    "user rating": 5,
    "user setting": "you are staying in <b>singapore river</b> region. plan to find some <b>breakfast food</b> and planning a <b>date</b> at <b>night</b>. <b>**use at least three turns of question&answers to find one venue!**</b>",
    "goal": {
        "id": 1591,
        "type": "multiple",
        "modality": "multiple",
        "content": [
            {
                "imgs": [],
                "Wi-Fi": "Yes",
                "price": "Cheap",
                "terms": [
                    "coffee",
                    "brunch food",
                    "free Wifi",
                    "outdoor seating",
                    "casual",
                    "good for dates",
                    "espresso drinks",
                    "wifi",
                    "breakfast food",
                    "eggs",
                    "cake",
                    "affogatos",
                    "hipster",
                    "lively",
                    "good for a quick meal",
                    "caf\u00e9",
                    "trendy",
                    "good service",
                    "great value",
                    "scenic views"
                ],
                "venueCat": [
                    "Coffee Shop",
                    "Caf\u00e9"
                ],
                "venueName": "Toby's Estate",
                "preference": {
                    "coffee": 1,
                    "brunch food": 2,
                    "great value": 2,
                    "Singapore River": 2,
                    "recommend nice coffee image to user": 1,
                    "ask for tips or suggestions or things to take note": 3
                },
                "venueNeigh": "Singapore River",
                "venueScore": "average",
                "venueDomain": "food",
                "Credit Cards": "Yes"
            },
            {
                "imgs": [
                    "d9c9ee9555ca2e5aa852504c48de8da2",
                    "5de1424ebdd46e36106fe5533ff39ce0",
                    "5766ad6059b6627b2c0383964b8b37d9",
                    "860be68ee5c8a1008ee11bd62147def5"
                ],
                "Menus": [
                    "Lunch",
                    "Dinner"
                ],
                "price": "Moderate",
                "terms": [
                    "cozy",
                    "good for dates",
                    "chefs",
                    "healthy food",
                    "omakase",
                    "sushi",
                    "rice bowls",
                    "foie gras",
                    "lunch",
                    "dinner",
                    "wagyu beef",
                    "crowded",
                    "lively",
                    "great value",
                    "miso soup",
                    "sashimi",
                    "authentic",
                    "good for groups",
                    "good for special occasions"
                ],
                "venueCat": [
                    "Japanese Restaurant"
                ],
                "venueName": "Shinzo Japanese Cuisine",
                "preference": {
                    "omakase": 2,
                    "healthy food": 1,
                    "good for dates": 2,
                    "show sushi images to user": 1,
                    "show sashimi images to user": 1,
                    "ask for tips or suggestions or things to take note": 3
                },
                "venueNeigh": "Singapore River",
                "venueScore": "good",
                "venueDomain": "food",
                "Credit Cards": "Yes",
                "Reservations": "Yes",
                "Dining Options": [
                    "No Delivery"
                ],
                "Outdoor Seating": "No"
            }
        ],
        "cnv_cnt": 20,
        "user_setting": "You are staying in <b>Singapore River</b> region. Plan to find some <b>breakfast food</b> and planning a <b>date</b> at <b>night</b>. <b>**Use at least three turns of Question&Answers to find one venue!**</b>",
        "user_location": "Singapore River"
    }
}