{
    "id": "4334",
    "dialogue": [
        {
            "turn idx": 0,
            "agent": {
                "transcript": "",
                "img_gts": [],
                "dialog_act": {}
            },
            "user": {
                "transcript": "hi, i am looking for a lunch place. can you help me?",
                "img_gts": [],
                "turn_label": {
                    "menus: lunch": "inform",
                    "open span: place": "request",
                    "placeholder": "greet"
                }
            },
            "bstate": {
                "menus: lunch": "inform",
                "open span: place": "request"
            }
        },
        {
            "turn idx": 1,
            "agent": {
                "transcript": "sure, what will you like to eat?",
                "img_gts": [],
                "dialog_act": {
                    "open span: what will you like": "request"
                }
            },
            "user": {
                "transcript": "i will like to eat authentic western food.",
                "img_gts": [],
                "turn_label": {
                    "open span: authentic": "inform",
                    "open span: western food": "inform"
                }
            },
            "bstate": {
                "menus: lunch": "inform",
                "open span: what will you like": "request",
                "open span: authentic": "inform",
                "open span: western food": "inform"
            }
        },
        {
            "turn idx": 2,
            "agent": {
                "transcript": "do you have a preferred location?",
                "img_gts": [],
                "dialog_act": {
                    "venueneigh": "request"
                }
            },
            "user": {
                "transcript": "i will prefer kallang.",
                "img_gts": [],
                "turn_label": {
                    "venueneigh: kallang": "inform"
                }
            },
            "bstate": {
                "menus: lunch": "inform",
                "open span: authentic": "inform",
                "open span: western food": "inform",
                "venueneigh: kallang": "inform"
            }
        },
        {
            "turn idx": 3,
            "agent": {
                "transcript": "i recommend red eye smokehouse. it is an american style bbq joint.",
                "img_gts": [],
                "dialog_act": {
                    "venuename: red eye smokehouse": "recommend",
                    "open span: american style": "inform"
                }
            },
            "user": {
                "transcript": "what dishes do you recommend?",
                "img_gts": [],
                "turn_label": {
                    "open span: food": "inform"
                }
            },
            "bstate": {
                "menus: lunch": "inform",
                "open span: authentic": "inform",
                "open span: western food": "inform",
                "venueneigh: kallang": "inform",
                "venuename: red eye smokehouse": "recommend",
                "open span: american style": "inform",
                "open span: food": "inform"
            }
        },
        {
            "turn idx": 4,
            "agent": {
                "transcript": "i recommend the bbq platter!",
                "img_gts": [
                    "meat"
                ],
                "dialog_act": {
                    "open span: image": "inform",
                    "img_gts: meat": "inform"
                }
            },
            "user": {
                "transcript": "wow that looks delicious! can i get their address and phone number?",
                "img_gts": [],
                "turn_label": {
                    "venueaddress": "request",
                    "telephone": "request",
                    "open span: delicious": "inform",
                    "venuename: red eye smokehouse": "confirm"
                }
            },
            "bstate": {
                "menus: lunch": "inform",
                "open span: authentic": "inform",
                "open span: western food": "inform",
                "venueneigh: kallang": "inform",
                "open span: american style": "inform",
                "open span: food": "inform",
                "open span: image": "inform",
                "img_gts: meat": "inform",
                "venueaddress": "request",
                "telephone": "request",
                "open span: delicious": "inform",
                "venuename: red eye smokehouse": "confirm"
            }
        },
        {
            "turn idx": 5,
            "agent": {
                "transcript": "they are located at 1 cavan road 209842 singapore, you call them at +65 6291 0218.",
                "img_gts": [],
                "dialog_act": {
                    "venueaddress: 1 cavan road 209842 singapore": "inform",
                    "telephone: +65 6291 0218": "inform"
                }
            },
            "user": {
                "transcript": "thanks. can you recommend a place that sells pizza?",
                "img_gts": [],
                "turn_label": {
                    "open span: pizza": "inform",
                    "open span: place": "request"
                }
            },
            "bstate": {
                "menus: lunch": "inform",
                "open span: authentic": "inform",
                "open span: western food": "inform",
                "venueneigh: kallang": "inform",
                "open span: american style": "inform",
                "open span: food": "inform",
                "open span: image": "inform",
                "img_gts: meat": "inform",
                "open span: delicious": "inform",
                "venuename: red eye smokehouse": "confirm",
                "venueaddress: 1 cavan road 209842 singapore": "inform",
                "telephone: +65 62910218": "inform",
                "open span: pizza": "inform",
                "open span: place": "request"
            }
        },
        {
            "turn idx": 6,
            "agent": {
                "transcript": "do you have a price range?",
                "img_gts": [],
                "dialog_act": {
                    "price": "request"
                }
            },
            "user": {
                "transcript": "i will prefer the moderate price range.",
                "img_gts": [],
                "turn_label": {
                    "price: moderate": "inform"
                }
            },
            "bstate": {
                "menus: lunch": "inform",
                "open span: authentic": "inform",
                "open span: western food": "inform",
                "venueneigh: kallang": "inform",
                "open span: american style": "inform",
                "open span: food": "inform",
                "open span: image": "inform",
                "img_gts: meat": "inform",
                "open span: delicious": "inform",
                "venuename: red eye smokehouse": "confirm",
                "venueaddress: 1 cavan road 209842 singapore": "inform",
                "telephone: +65 62910218": "inform",
                "open span: pizza": "inform",
                "price: moderate": "inform"
            }
        },
        {
            "turn idx": 7,
            "agent": {
                "transcript": "do you have other requirements?",
                "img_gts": [],
                "dialog_act": {
                    "open span: preference": "request"
                }
            },
            "user": {
                "transcript": "i will like the restaurant to have a good venue score.",
                "img_gts": [],
                "turn_label": {
                    "venuescore: good": "inform"
                }
            },
            "bstate": {
                "menus: lunch": "inform",
                "open span: authentic": "inform",
                "open span: western food": "inform",
                "venueneigh: kallang": "inform",
                "open span: american style": "inform",
                "open span: food": "inform",
                "open span: image": "inform",
                "img_gts: meat": "inform",
                "open span: delicious": "inform",
                "venuename: red eye smokehouse": "confirm",
                "venueaddress: 1 cavan road 209842 singapore": "inform",
                "telephone: +65 62910218": "inform",
                "open span: pizza": "inform",
                "price: moderate": "inform",
                "open span: preference": "request",
                "venuescore: good": "inform"
            }
        },
        {
            "turn idx": 8,
            "agent": {
                "transcript": "i recommend pizzaface. they sell authentic pizza!",
                "img_gts": [
                    "pizza"
                ],
                "dialog_act": {
                    "venuename: pizzaface": "recommend",
                    "open span: image": "inform",
                    "open span: authentic": "inform",
                    "open span: pizza": "inform",
                    "img_gts: pizza": "inform"
                }
            },
            "user": {
                "transcript": "can i have the address and phone number?",
                "img_gts": [],
                "turn_label": {
                    "venueaddress": "request",
                    "telephone": "request"
                }
            },
            "bstate": {
                "menus: lunch": "inform",
                "open span: authentic": "inform",
                "open span: western food": "inform",
                "venueneigh: kallang": "inform",
                "open span: american style": "inform",
                "open span: food": "inform",
                "open span: image": "inform",
                "open span: delicious": "inform",
                "open span: pizza": "inform",
                "price: moderate": "inform",
                "venuescore: good": "inform",
                "venuename: pizzaface": "recommend",
                "img_gts: pizza": "inform",
                "venueaddress": "request",
                "telephone": "request"
            }
        },
        {
            "turn idx": 9,
            "agent": {
                "transcript": "their address is 302 beach road, concourse skyline #01-03 199600 singapore. you can call them at +65 6291 0200.",
                "img_gts": [],
                "dialog_act": {
                    "venueaddress: 302 beach road, concourse skyline #01-03 199600 singapore": "inform",
                    "telephone: +65 6291 0200": "inform"
                }
            },
            "user": {
                "transcript": "ok great, thank you for your help! that is all.",
                "img_gts": [],
                "turn_label": {
                    "venuename: pizzaface": "confirm",
                    "placeholder": "bye"
                }
            },
            "bstate": {
                "menus: lunch": "inform",
                "open span: authentic": "inform",
                "open span: western food": "inform",
                "venueneigh: kallang": "inform",
                "open span: american style": "inform",
                "open span: food": "inform",
                "open span: image": "inform",
                "open span: delicious": "inform",
                "open span: pizza": "inform",
                "price: moderate": "inform",
                "venuescore: good": "inform",
                "img_gts: pizza": "inform",
                "venueaddress: 302 beach road, concourse skyline #01-03 199600 singapore": "inform",
                "telephone: +65 62910200": "inform",
                "venuename: pizzaface": "confirm"
            }
        },
        {
            "turn idx": 10,
            "agent": {
                "transcript": "you're welcome, goodbye!",
                "img_gts": [],
                "dialog_act": {
                    "placeholder": "bye"
                }
            },
            "user": {
                "transcript": "",
                "img_gts": [],
                "turn_label": {}
            },
            "bstate": {
                "menus: lunch": "inform",
                "open span: authentic": "inform",
                "open span: western food": "inform",
                "venueneigh: kallang": "inform",
                "open span: american style": "inform",
                "open span: food": "inform",
                "open span: image": "inform",
                "open span: delicious": "inform",
                "open span: pizza": "inform",
                "price: moderate": "inform",
                "venuescore: good": "inform",
                "img_gts: pizza": "inform",
                "venueaddress: 302 beach road, concourse skyline #01-03 199600 singapore": "inform",
                "telephone: +65 62910200": "inform",
                "venuename: pizzaface": "confirm"
            }
        }
    ],
    "user rating": 5,
    "user setting": "you are at <b>kallang</b> seeking for <b>lunch place</b> recommendations. <b>**use at least three turns of question&answers to find one venue!**</b>",
    "goal": {
        "id": 1607,
        "type": "multiple",
        "modality": "multiple",
        "content": [
            {
                "imgs": [
                    "3a7cf8c27d3ce998e5834fe9fd7b97ea",
                    "d888e1a03bc1c94db917cc89a2035c05"
                ],
                "Menus": [
                    "Dinner",
                    "Happy Hour"
                ],
                "price": "Moderate",
                "terms": [
                    "honey butter",
                    "spicy food",
                    "bone marrow",
                    "American style",
                    "beer",
                    "cornbread",
                    "broccoli salad",
                    "Italian sausage",
                    "maple",
                    "mashed potatoes",
                    "pork belly",
                    "lagers",
                    "authentic",
                    "good for groups",
                    "short ribs"
                ],
                "Drinks": [
                    "Beer",
                    "Wine",
                    "Full Bar",
                    "Cocktails"
                ],
                "Parking": [
                    "Street"
                ],
                "Restroom": "Yes",
                "venueCat": [
                    "BBQ Joint"
                ],
                "venueName": "Red Eye Smokehouse",
                "preference": {
                    "Kallang": 2,
                    "BBQ Joint": 2,
                    "authentic": 1,
                    "beef brisket": 1,
                    "American style": 1,
                    "get address and phone number": 3,
                    "recommend BBQ platter by image": 1
                },
                "venueNeigh": "Kallang",
                "venueScore": "good",
                "venueDomain": "food",
                "Credit Cards": "Yes",
                "Reservations": "Yes",
                "Dining Options": [
                    "Table Service",
                    "Take-out"
                ]
            },
            {
                "imgs": [
                    "56cf5e3b7e935b6905d2a98a8a96568c",
                    "b90c8b1cd2934935a5f774f37a678b47"
                ],
                "price": "Moderate",
                "terms": [
                    "cheese",
                    "Parma ham",
                    "cozy",
                    "good for special occasions",
                    "calzones",
                    "family-friendly",
                    "dough",
                    "meats",
                    "good for a quick meal",
                    "figs",
                    "authentic",
                    "casual",
                    "truffle fries",
                    "pizza"
                ],
                "venueCat": [
                    "Italian Restaurant",
                    "Pizza Place"
                ],
                "venueName": "PizzaFace",
                "preference": {
                    "authentic": 2,
                    "Pizza Place": 2,
                    "Moderate price": 1,
                    "good venue score": 2,
                    "show pizza image to user": 1,
                    "get address and phone number": 3
                },
                "venueNeigh": "Kallang",
                "venueScore": "good",
                "venueDomain": "food",
                "Credit Cards": "Yes",
                "Reservations": "Yes"
            }
        ],
        "cnv_cnt": 20,
        "user_setting": "You are at <b>Kallang</b> seeking for <b>lunch place</b> recommendations. <b>**Use at least three turns of Question&Answers to find one venue!**</b>",
        "user_location": "Kallang"
    }
}