{
    "id": "441",
    "dialogue": [
        {
            "turn idx": 0,
            "agent": {
                "transcript": "",
                "img_gts": [],
                "dialog_act": {}
            },
            "user": {
                "transcript": "hi, my partner and i are planning a getaway. we'd like to stay at a hotel with spacious, clean rooms equipped with wifi.",
                "img_gts": [],
                "turn_label": {
                    "wi-fi: yes": "inform",
                    "open span: hotel": "inform",
                    "open span: clean": "inform",
                    "open span: spacious": "inform",
                    "placeholder": "greet"
                }
            },
            "bstate": {
                "wi-fi: yes": "inform",
                "open span: hotel": "inform",
                "open span: clean": "inform",
                "open span: spacious": "inform"
            }
        },
        {
            "turn idx": 1,
            "agent": {
                "transcript": "hello. do you have a location in mind?",
                "img_gts": [],
                "dialog_act": {
                    "venueneigh": "request"
                }
            },
            "user": {
                "transcript": "we would like to be active. so a swimming pool in the hotel or the opportunity to take a stroll along the singapore river would be great.",
                "img_gts": [],
                "turn_label": {
                    "venuename": "request",
                    "venueneigh: singapore river": "inform",
                    "open span: pool": "inform",
                    "open span: stroll": "inform"
                }
            },
            "bstate": {
                "wi-fi: yes": "inform",
                "open span: hotel": "inform",
                "open span: clean": "inform",
                "open span: spacious": "inform",
                "venuename": "request",
                "venueneigh: singapore river": "inform",
                "open span: pool": "inform",
                "open span: stroll": "inform"
            }
        },
        {
            "turn idx": 2,
            "agent": {
                "transcript": "how about the park regis hotel? the morning views from the room windows are lovely.",
                "img_gts": [],
                "dialog_act": {
                    "venuename: park regis hotel": "recommend",
                    "open span: good view": "inform"
                }
            },
            "user": {
                "transcript": "how are the reviews at the place?",
                "img_gts": [],
                "turn_label": {
                    "open span: review": "request"
                }
            },
            "bstate": {
                "wi-fi: yes": "inform",
                "open span: hotel": "inform",
                "open span: clean": "inform",
                "open span: spacious": "inform",
                "venueneigh: singapore river": "inform",
                "open span: pool": "inform",
                "open span: stroll": "inform",
                "venuename: park regis hotel": "recommend",
                "open span: good view": "inform",
                "open span: review": "request"
            }
        },
        {
            "turn idx": 3,
            "agent": {
                "transcript": "there are some mixed reviews, it may be dependent on the requirements you have. the park hotel clarke quay has slightly higher ratings, but may not adhere to all your requirements.",
                "img_gts": [],
                "dialog_act": {
                    "open span: park hotel clarke quay": "recommend"
                }
            },
            "user": {
                "transcript": "it's alright! the later hotel sounds great! do you have any tips for staying there?",
                "img_gts": [],
                "turn_label": {
                    "open span: park hotel clarke quay": "confirm",
                    "open span: tip or suggestion": "request"
                }
            },
            "bstate": {
                "wi-fi: yes": "inform",
                "open span: hotel": "inform",
                "open span: clean": "inform",
                "open span: spacious": "inform",
                "venueneigh: singapore river": "inform",
                "open span: pool": "inform",
                "open span: stroll": "inform",
                "venuename: park regis hotel": "recommend",
                "open span: good view": "inform",
                "open span: review": "request",
                "open span: park hotel clarke quay": "confirm",
                "open span: tip or suggestion": "request"
            }
        },
        {
            "turn idx": 4,
            "agent": {
                "transcript": "nice urban swimming pool, close to clarke quay, comfortable beds. don't expect huge rooms though, although they are furnished with attention to detail.",
                "img_gts": [],
                "dialog_act": {
                    "open span: pool": "inform",
                    "open span: comfortable": "inform"
                }
            },
            "user": {
                "transcript": "ok, great! we'd also like to enjoy the night life. maybe try some beef quesadillas while listening to some band music. do you know a place?",
                "img_gts": [],
                "turn_label": {
                    "open span: beef quesadilla": "inform",
                    "open span: nightlife": "inform"
                }
            },
            "bstate": {
                "wi-fi: yes": "inform",
                "open span: hotel": "inform",
                "open span: clean": "inform",
                "open span: spacious": "inform",
                "venueneigh: singapore river": "inform",
                "open span: pool": "inform",
                "open span: stroll": "inform",
                "venuename: park regis hotel": "recommend",
                "open span: good view": "inform",
                "open span: review": "request",
                "open span: park hotel clarke quay": "confirm",
                "open span: comfortable": "inform",
                "open span: beef quesadilla": "inform",
                "open span: nightlife": "inform"
            }
        },
        {
            "turn idx": 5,
            "agent": {
                "transcript": "clarke quay is nice, a vibrant environment which is great for small or big groups. they also accept credit card so you don't have to bring around cash!",
                "img_gts": [],
                "dialog_act": {
                    "venuename: clarke quay": "recommend",
                    "open span: good for group": "inform",
                    "credit cards: yes": "inform"
                }
            },
            "user": {
                "transcript": "oh ok. great so they really do accept credit cards yeah? thanks!",
                "img_gts": [],
                "turn_label": {
                    "credit cards": "request",
                    "venuename: clarke quay": "confirm"
                }
            },
            "bstate": {
                "wi-fi: yes": "inform",
                "open span: hotel": "inform",
                "open span: clean": "inform",
                "open span: spacious": "inform",
                "venueneigh: singapore river": "inform",
                "open span: pool": "inform",
                "open span: stroll": "inform",
                "open span: good view": "inform",
                "open span: review": "request",
                "open span: park hotel clarke quay": "confirm",
                "open span: comfortable": "inform",
                "open span: beef quesadilla": "inform",
                "open span: nightlife": "inform",
                "open span: good for group": "inform",
                "credit cards": "request",
                "venuename: clarke quay": "confirm"
            }
        },
        {
            "turn idx": 6,
            "agent": {
                "transcript": "yup.",
                "img_gts": [],
                "dialog_act": {
                    "credit cards: yes": "inform"
                }
            },
            "user": {
                "transcript": "ok thanks!",
                "img_gts": [],
                "turn_label": {
                    "placeholder": "bye"
                }
            },
            "bstate": {
                "wi-fi: yes": "inform",
                "open span: hotel": "inform",
                "open span: clean": "inform",
                "open span: spacious": "inform",
                "venueneigh: singapore river": "inform",
                "open span: pool": "inform",
                "open span: stroll": "inform",
                "open span: good view": "inform",
                "open span: review": "request",
                "open span: park hotel clarke quay": "confirm",
                "open span: comfortable": "inform",
                "open span: beef quesadilla": "inform",
                "open span: nightlife": "inform",
                "open span: good for group": "inform",
                "venuename: clarke quay": "confirm",
                "credit cards: yes": "inform"
            }
        }
    ],
    "user rating": 4,
    "user setting": "you are traveling <b>with your other half</b>. would like to find a place to stay and wonder around",
    "goal": {
        "id": 1403,
        "type": "multiple",
        "modality": "single",
        "content": [
            {
                "imgs": [],
                "Wi-Fi": "Yes",
                "terms": [
                    "hotel",
                    "clean",
                    "spacious rooms",
                    "swimming pool",
                    "wifi",
                    "fancy",
                    "breakfast food",
                    "dinner",
                    "music",
                    "club rooms",
                    "showers",
                    "corner rooms",
                    "liquor",
                    "staff"
                ],
                "venueCat": [
                    "Hotel",
                    "Restaurant",
                    "Hostel"
                ],
                "venueName": "Park Hotel Clarke Quay",
                "preference": {
                    "clean": 2,
                    "Wi-Fi:No": -1,
                    "ask for tips": 3,
                    "swimming pool": 1,
                    "spacious rooms": 1,
                    "venueCat:Hotel": 1,
                    "venueNeigh:Singapore River": 1
                },
                "venueNeigh": "Singapore River",
                "venueScore": "average",
                "venueDomain": "food",
                "Credit Cards": "Yes"
            },
            {
                "imgs": [],
                "terms": [
                    "night life",
                    "beef quesadillas",
                    "dancing",
                    "mojitos",
                    "seafood",
                    "dinner",
                    "casual",
                    "chili crabs",
                    "beer",
                    "tours",
                    "music",
                    "lively",
                    "happy hour",
                    "caf\u00e9",
                    "reverse bungy",
                    "hookah",
                    "tacos",
                    "scenic views",
                    "ice cream",
                    "wine"
                ],
                "venueCat": [
                    "Shopping Plaza"
                ],
                "venueName": "Clarke Quay",
                "preference": {
                    "music": 1,
                    "night life": 2,
                    "reverse bungy": 1,
                    "beef quesadillas": 1,
                    "check credit cards": 3
                },
                "venueNeigh": "Singapore River",
                "venueScore": "good",
                "venueDomain": "sightseeing",
                "Credit Cards": "Yes"
            }
        ],
        "cnv_cnt": 20,
        "user_setting": "You are traveling <b>with your other half</b>. Would like to find a place to stay and wonder around",
        "user_location": "unknown"
    }
}