{
    "id": "4416",
    "dialogue": [
        {
            "turn idx": 0,
            "agent": {
                "transcript": "",
                "img_gts": [],
                "dialog_act": {}
            },
            "user": {
                "transcript": "hello! i need some recommendations for brunch.",
                "img_gts": [],
                "turn_label": {
                    "menus: brunch": "inform",
                    "open span: recommendation": "request",
                    "placeholder": "greet"
                }
            },
            "bstate": {
                "menus: brunch": "inform",
                "open span: recommendation": "request"
            }
        },
        {
            "turn idx": 1,
            "agent": {
                "transcript": "hello! sure, where do you stay?",
                "img_gts": [],
                "dialog_act": {
                    "open span: stay": "inform",
                    "venueneigh": "request"
                }
            },
            "user": {
                "transcript": "i am staying in bedok.",
                "img_gts": [],
                "turn_label": {
                    "venueneigh: bedok": "inform"
                }
            },
            "bstate": {
                "menus: brunch": "inform",
                "open span: stay": "inform",
                "venueneigh: bedok": "inform"
            }
        },
        {
            "turn idx": 2,
            "agent": {
                "transcript": "there are many brunch food options in bedok. is there anything you would like to eat in particular?",
                "img_gts": [],
                "dialog_act": {
                    "menus: brunch": "inform",
                    "venueneigh: bedok": "inform"
                }
            },
            "user": {
                "transcript": "i would prefer something light and good for dates.",
                "img_gts": [],
                "turn_label": {
                    "open span: light": "inform",
                    "open span: good for date": "inform"
                }
            },
            "bstate": {
                "menus: brunch": "inform",
                "open span: stay": "inform",
                "venueneigh: bedok": "inform",
                "open span: light": "inform",
                "open span: good for date": "inform"
            }
        },
        {
            "turn idx": 3,
            "agent": {
                "transcript": "do you have a budget?",
                "img_gts": [],
                "dialog_act": {
                    "open span: budget": "inform"
                }
            },
            "user": {
                "transcript": "preferably somewhere cheap.",
                "img_gts": [],
                "turn_label": {
                    "price: cheap": "inform"
                }
            },
            "bstate": {
                "menus: brunch": "inform",
                "open span: stay": "inform",
                "venueneigh: bedok": "inform",
                "open span: light": "inform",
                "open span: good for date": "inform",
                "open span: budget": "inform",
                "price: cheap": "inform"
            }
        },
        {
            "turn idx": 4,
            "agent": {
                "transcript": "i would recommend you to go to penny university. they have a great selection of coffee and their ice cream sandwiches are highly recommended.",
                "img_gts": [
                    "ice cream",
                    "coffee"
                ],
                "dialog_act": {
                    "venuename: penny university": "recommend",
                    "open span: coffee": "inform",
                    "open span: ice cream sandwich": "inform",
                    "open span: image": "inform",
                    "img_gts: ice cream, coffee": "inform"
                }
            },
            "user": {
                "transcript": "can i have their address and do they do delivery?",
                "img_gts": [],
                "turn_label": {
                    "venueaddress": "request",
                    "dining options": "request"
                }
            },
            "bstate": {
                "menus: brunch": "inform",
                "open span: stay": "inform",
                "venueneigh: bedok": "inform",
                "open span: light": "inform",
                "open span: good for date": "inform",
                "open span: budget": "inform",
                "price: cheap": "inform",
                "venuename: penny university": "recommend",
                "open span: coffee": "inform",
                "open span: ice cream sandwich": "inform",
                "open span: image": "inform",
                "img_gts: ice cream, coffee": "inform",
                "venueaddress": "request",
                "dining options": "request"
            }
        },
        {
            "turn idx": 5,
            "agent": {
                "transcript": "they are located at 402 east coast rd 428997 singapore. no, they do not have a delivery option.",
                "img_gts": [],
                "dialog_act": {
                    "venueaddress: 402 east coast rd 428997 singapore": "inform",
                    "dining options: no delivery": "inform",
                    "open span: no": "inform"
                }
            },
            "user": {
                "transcript": "ok, i will take note. can you also recommend a place for dinner?",
                "img_gts": [],
                "turn_label": {
                    "menus: dinner": "inform",
                    "venuename: penny university": "confirm",
                    "open span: tip or suggestion": "request"
                }
            },
            "bstate": {
                "menus: brunch": "inform",
                "open span: stay": "inform",
                "venueneigh: bedok": "inform",
                "open span: light": "inform",
                "open span: good for date": "inform",
                "open span: budget": "inform",
                "price: cheap": "inform",
                "open span: coffee": "inform",
                "open span: ice cream sandwich": "inform",
                "open span: image": "inform",
                "img_gts: ice cream, coffee": "inform",
                "venueaddress: 402 east coast rd 428997 singapore": "inform",
                "dining options: no delivery": "inform",
                "open span: no": "inform",
                "menus: dinner": "inform",
                "venuename: penny university": "confirm",
                "open span: tip or suggestion": "request"
            }
        },
        {
            "turn idx": 6,
            "agent": {
                "transcript": "sure, where would you like to go for dinner?",
                "img_gts": [],
                "dialog_act": {
                    "menus: dinner": "inform",
                    "venueneigh": "request"
                }
            },
            "user": {
                "transcript": "i would prefer somewhere in bedok too.",
                "img_gts": [],
                "turn_label": {
                    "venueneigh: bedok": "inform"
                }
            },
            "bstate": {
                "menus: brunch": "inform",
                "open span: stay": "inform",
                "open span: light": "inform",
                "open span: good for date": "inform",
                "open span: budget": "inform",
                "price: cheap": "inform",
                "open span: coffee": "inform",
                "open span: ice cream sandwich": "inform",
                "open span: image": "inform",
                "img_gts: ice cream, coffee": "inform",
                "venueaddress: 402 east coast rd 428997 singapore": "inform",
                "dining options: no delivery": "inform",
                "open span: no": "inform",
                "menus: dinner": "inform",
                "venuename: penny university": "confirm",
                "venueneigh: bedok": "inform"
            }
        },
        {
            "turn idx": 7,
            "agent": {
                "transcript": "do you have any food you would like to eat?",
                "img_gts": [],
                "dialog_act": {
                    "open span: food": "inform"
                }
            },
            "user": {
                "transcript": "i feel like going to a seafood restaurant.",
                "img_gts": [],
                "turn_label": {
                    "open span: seafood": "inform"
                }
            },
            "bstate": {
                "menus: brunch": "inform",
                "open span: stay": "inform",
                "open span: light": "inform",
                "open span: good for date": "inform",
                "open span: budget": "inform",
                "price: cheap": "inform",
                "open span: coffee": "inform",
                "open span: ice cream sandwich": "inform",
                "open span: image": "inform",
                "img_gts: ice cream, coffee": "inform",
                "venueaddress: 402 east coast rd 428997 singapore": "inform",
                "dining options: no delivery": "inform",
                "open span: no": "inform",
                "menus: dinner": "inform",
                "venuename: penny university": "confirm",
                "venueneigh: bedok": "inform",
                "open span: food": "inform",
                "open span: seafood": "inform"
            }
        },
        {
            "turn idx": 8,
            "agent": {
                "transcript": "what kind of seafood do you like?",
                "img_gts": [],
                "dialog_act": {
                    "open span: type": "request",
                    "open span: seafood": "inform"
                }
            },
            "user": {
                "transcript": "i like calamari and salmon especially.",
                "img_gts": [],
                "turn_label": {
                    "open span: salmon": "inform",
                    "open span: calamari": "inform"
                }
            },
            "bstate": {
                "menus: brunch": "inform",
                "open span: stay": "inform",
                "open span: light": "inform",
                "open span: good for date": "inform",
                "open span: budget": "inform",
                "price: cheap": "inform",
                "open span: coffee": "inform",
                "open span: ice cream sandwich": "inform",
                "open span: image": "inform",
                "img_gts: ice cream, coffee": "inform",
                "venueaddress: 402 east coast rd 428997 singapore": "inform",
                "dining options: no delivery": "inform",
                "open span: no": "inform",
                "menus: dinner": "inform",
                "venuename: penny university": "confirm",
                "venueneigh: bedok": "inform",
                "open span: food": "inform",
                "open span: seafood": "inform",
                "open span: type": "request",
                "open span: salmon": "inform",
                "open span: calamari": "inform"
            }
        },
        {
            "turn idx": 9,
            "agent": {
                "transcript": "you can check out this restaurant called big fish. it is a popular spot for seafood.",
                "img_gts": [],
                "dialog_act": {
                    "venuename: big fish": "recommend",
                    "open span: seafood": "inform",
                    "open span: popular": "inform"
                }
            },
            "user": {
                "transcript": "what would you suggest to order there?",
                "img_gts": [],
                "turn_label": {
                    "open span: order": "inform",
                    "open span: tip or suggestion": "request"
                }
            },
            "bstate": {
                "menus: brunch": "inform",
                "open span: stay": "inform",
                "open span: light": "inform",
                "open span: good for date": "inform",
                "open span: budget": "inform",
                "price: cheap": "inform",
                "open span: coffee": "inform",
                "open span: ice cream sandwich": "inform",
                "open span: image": "inform",
                "img_gts: ice cream, coffee": "inform",
                "venueaddress: 402 east coast rd 428997 singapore": "inform",
                "dining options: no delivery": "inform",
                "open span: no": "inform",
                "menus: dinner": "inform",
                "venueneigh: bedok": "inform",
                "open span: food": "inform",
                "open span: seafood": "inform",
                "open span: salmon": "inform",
                "open span: calamari": "inform",
                "venuename: big fish": "recommend",
                "open span: popular": "inform",
                "open span: order": "inform",
                "open span: tip or suggestion": "request"
            }
        },
        {
            "turn idx": 10,
            "agent": {
                "transcript": "the seafood platter is a popular choice among diners there.",
                "img_gts": [
                    "seafood"
                ],
                "dialog_act": {
                    "open span: popular": "inform",
                    "open span: image": "inform",
                    "img_gts: seafood": "inform"
                }
            },
            "user": {
                "transcript": "great, i will be sure to check it out. thanks for your help!",
                "img_gts": [],
                "turn_label": {
                    "venuename: big fish": "confirm",
                    "placeholder": "bye"
                }
            },
            "bstate": {
                "menus: brunch": "inform",
                "open span: stay": "inform",
                "open span: light": "inform",
                "open span: good for date": "inform",
                "open span: budget": "inform",
                "price: cheap": "inform",
                "open span: coffee": "inform",
                "open span: ice cream sandwich": "inform",
                "open span: image": "inform",
                "venueaddress: 402 east coast rd 428997 singapore": "inform",
                "dining options: no delivery": "inform",
                "open span: no": "inform",
                "menus: dinner": "inform",
                "venueneigh: bedok": "inform",
                "open span: food": "inform",
                "open span: seafood": "inform",
                "open span: salmon": "inform",
                "open span: calamari": "inform",
                "open span: popular": "inform",
                "open span: order": "inform",
                "img_gts: seafood": "inform",
                "venuename: big fish": "confirm"
            }
        },
        {
            "turn idx": 11,
            "agent": {
                "transcript": "no worries, have a great day!",
                "img_gts": [],
                "dialog_act": {
                    "placeholder": "bye"
                }
            },
            "user": {
                "transcript": "",
                "img_gts": [],
                "turn_label": {}
            },
            "bstate": {
                "menus: brunch": "inform",
                "open span: stay": "inform",
                "open span: light": "inform",
                "open span: good for date": "inform",
                "open span: budget": "inform",
                "price: cheap": "inform",
                "open span: coffee": "inform",
                "open span: ice cream sandwich": "inform",
                "open span: image": "inform",
                "venueaddress: 402 east coast rd 428997 singapore": "inform",
                "dining options: no delivery": "inform",
                "open span: no": "inform",
                "menus: dinner": "inform",
                "venueneigh: bedok": "inform",
                "open span: food": "inform",
                "open span: seafood": "inform",
                "open span: salmon": "inform",
                "open span: calamari": "inform",
                "open span: popular": "inform",
                "open span: order": "inform",
                "img_gts: seafood": "inform",
                "venuename: big fish": "confirm"
            }
        }
    ],
    "user rating": 5,
    "user setting": "you are staying in <b>bedok</b>. hope to find some <b>brunch food</b> with your <b>boyfriend</b> and later go to <b>seafood restaurant</b> for <b>dinner</b>. <b>**use at least three turns of question&answers to find one venue!**</b>",
    "goal": {
        "id": 1606,
        "type": "multiple",
        "modality": "multiple",
        "content": [
            {
                "imgs": [
                    "ddf7ec90e54ee7e225c1e3ee65becd30",
                    "96c6b0dfe70c0ff88bfbc38bc275edaa"
                ],
                "Menus": [
                    "Brunch",
                    "Lunch",
                    "Dinner",
                    "Dessert"
                ],
                "Wi-Fi": "Yes",
                "price": "Cheap",
                "terms": [
                    "coffee",
                    "brunch food",
                    "free Wifi",
                    "eggs",
                    "good for dates",
                    "tarts",
                    "cheesecake",
                    "trendy",
                    "wifi",
                    "espresso",
                    "breakfast food",
                    "caf\u00e9",
                    "desserts",
                    "cupcakes",
                    "sticky toffee pudding",
                    "tea",
                    "cake",
                    "stylish",
                    "casual",
                    "ice cream sandwiches"
                ],
                "venueCat": [
                    "Caf\u00e9"
                ],
                "venueName": "Penny University",
                "preference": {
                    "Bedok": 2,
                    "brunch food": 2,
                    "good for dates": 1,
                    "get address and check Delivery": 3,
                    "recommend coffee by image to user": 1,
                    "recommend ice cream sandwiches by image to user": 1
                },
                "venueNeigh": "Bedok",
                "venueScore": "average",
                "venueDomain": "food",
                "Credit Cards": "No",
                "Reservations": "No",
                "Dining Options": [
                    "No Delivery"
                ],
                "Outdoor Seating": "Yes"
            },
            {
                "imgs": [
                    "6296816d07ef833c3611a8fede274a02"
                ],
                "price": "Expensive",
                "terms": [
                    "seafood platter",
                    "fish",
                    "salmon",
                    "french fries",
                    "snapper",
                    "dinner",
                    "crayfish",
                    "calamari"
                ],
                "venueCat": [
                    "Seafood Restaurant"
                ],
                "venueName": "Big fish",
                "preference": {
                    "Bedok": 2,
                    "dinner": 1,
                    "salmon": 1,
                    "calamari": 2,
                    "recommend seafood platter by image": 1,
                    "ask for tips or suggestions or things to take note": 3
                },
                "venueNeigh": "Bedok",
                "venueScore": "average",
                "venueDomain": "food"
            }
        ],
        "cnv_cnt": 20,
        "user_setting": "You are staying in <b>Bedok</b>. Hope to find some <b>brunch food</b> with your <b>boyfriend</b> and later go to <b>Seafood Restaurant</b> for <b>dinner</b>. <b>**Use at least three turns of Question&Answers to find one venue!**</b>",
        "user_location": "Bedok"
    }
}