{
    "id": "4441",
    "dialogue": [
        {
            "turn idx": 0,
            "agent": {
                "transcript": "hi, what can i help you with today?",
                "img_gts": [],
                "dialog_act": {
                    "open span: what": "inform",
                    "placeholder": "greet"
                }
            },
            "user": {
                "transcript": "hi, i would like to get some food suggestions nearby ascott raffles place in the financial district.",
                "img_gts": [],
                "turn_label": {
                    "venuename: ascott raffles place": "",
                    "venueneigh: financial district": "inform",
                    "open span: near": "inform",
                    "open span: food": "inform",
                    "open span: recommendation": "request",
                    "placeholder": "greet"
                }
            },
            "bstate": {
                "open span: what": "inform",
                "venuename: ascott raffles place": "",
                "venueneigh: financial district": "inform",
                "open span: near": "inform",
                "open span: food": "inform",
                "open span: recommendation": "request"
            }
        },
        {
            "turn idx": 1,
            "agent": {
                "transcript": "okay, is there a specific kind of place you are looking for?",
                "img_gts": [],
                "dialog_act": {
                    "open span: specific": "request",
                    "open span: type": "request",
                    "open span: place": "inform"
                }
            },
            "user": {
                "transcript": "i am looking for an italian restaurant that is good for special occasions as i want to celebrate my anniversary there with my other half.",
                "img_gts": [],
                "turn_label": {
                    "open span: good for special occasion": "inform",
                    "open span: other half": "inform"
                }
            },
            "bstate": {
                "open span: what": "inform",
                "venuename: ascott raffles place": "",
                "venueneigh: financial district": "inform",
                "open span: near": "inform",
                "open span: food": "inform",
                "open span: specific": "request",
                "open span: type": "request",
                "open span: place": "inform",
                "open span: good for special occasion": "inform",
                "open span: other half": "inform"
            }
        },
        {
            "turn idx": 2,
            "agent": {
                "transcript": "is there anything else you would like?",
                "img_gts": [],
                "dialog_act": {
                    "open span: anything else": "request"
                }
            },
            "user": {
                "transcript": "i would like the place to have outdoor seating so it's more romantic. and for the food, i would like them to have authentic italian food like maybe pasta and also seafood.",
                "img_gts": [],
                "turn_label": {
                    "outdoor seating: yes": "inform",
                    "open span: pasta": "inform",
                    "open span: authentic": "inform",
                    "open span: seafood": "inform",
                    "open span: romantic": "inform",
                    "open span: italian food": "inform"
                }
            },
            "bstate": {
                "open span: what": "inform",
                "venuename: ascott raffles place": "",
                "venueneigh: financial district": "inform",
                "open span: near": "inform",
                "open span: food": "inform",
                "open span: place": "inform",
                "open span: good for special occasion": "inform",
                "open span: other half": "inform",
                "open span: anything else": "request",
                "outdoor seating: yes": "inform",
                "open span: pasta": "inform",
                "open span: authentic": "inform",
                "open span: seafood": "inform",
                "open span: romantic": "inform",
                "open span: italian food": "inform"
            }
        },
        {
            "turn idx": 3,
            "agent": {
                "transcript": "you can try going to otto ristorante italiano!",
                "img_gts": [],
                "dialog_act": {
                    "venuename: otto ristorante italiano": "recommend"
                }
            },
            "user": {
                "transcript": "what food would you suggest that we have there?",
                "img_gts": [],
                "turn_label": {
                    "open span: what food": "request"
                }
            },
            "bstate": {
                "open span: what": "inform",
                "venueneigh: financial district": "inform",
                "open span: near": "inform",
                "open span: food": "inform",
                "open span: place": "inform",
                "open span: good for special occasion": "inform",
                "open span: other half": "inform",
                "outdoor seating: yes": "inform",
                "open span: pasta": "inform",
                "open span: authentic": "inform",
                "open span: seafood": "inform",
                "open span: romantic": "inform",
                "open span: italian food": "inform",
                "venuename: otto ristorante italiano": "recommend",
                "open span: what food": "request"
            }
        },
        {
            "turn idx": 4,
            "agent": {
                "transcript": "since you wanted to try seafood and pasta, you can go for their lobster linguine in the picture that puts both of those things together. another dish they are known for is their crispy suckling pig in this picture.",
                "img_gts": [
                    "spaghetti",
                    "rib/steak"
                ],
                "dialog_act": {
                    "open span: image": "inform",
                    "open span: crispy suckle pig": "inform",
                    "img_gts: spaghetti, rib/steak": "inform"
                }
            },
            "user": {
                "transcript": "okay! do they take reservations? and could i get their phone number if they do so that i can make one?",
                "img_gts": [],
                "turn_label": {
                    "reservations": "request",
                    "telephone": "request",
                    "venuename: otto ristorante italiano": "confirm"
                }
            },
            "bstate": {
                "open span: what": "inform",
                "venueneigh: financial district": "inform",
                "open span: near": "inform",
                "open span: food": "inform",
                "open span: place": "inform",
                "open span: good for special occasion": "inform",
                "open span: other half": "inform",
                "outdoor seating: yes": "inform",
                "open span: pasta": "inform",
                "open span: authentic": "inform",
                "open span: seafood": "inform",
                "open span: romantic": "inform",
                "open span: italian food": "inform",
                "open span: what food": "request",
                "open span: image": "inform",
                "open span: crispy suckle pig": "inform",
                "img_gts: spaghetti, rib/steak": "inform",
                "reservations": "request",
                "telephone": "request",
                "venuename: otto ristorante italiano": "confirm"
            }
        },
        {
            "turn idx": 5,
            "agent": {
                "transcript": "yes, they do and you can call to make a reservation at +65 6227 6819.",
                "img_gts": [],
                "dialog_act": {
                    "telephone: +65 6227 6819": "inform",
                    "reservations: yes": "inform",
                    "open span: yes": "inform"
                }
            },
            "user": {
                "transcript": "okay, great!",
                "img_gts": [],
                "turn_label": {}
            },
            "bstate": {
                "open span: what": "inform",
                "venueneigh: financial district": "inform",
                "open span: near": "inform",
                "open span: food": "inform",
                "open span: place": "inform",
                "open span: good for special occasion": "inform",
                "open span: other half": "inform",
                "outdoor seating: yes": "inform",
                "open span: pasta": "inform",
                "open span: authentic": "inform",
                "open span: seafood": "inform",
                "open span: romantic": "inform",
                "open span: italian food": "inform",
                "open span: what food": "request",
                "open span: image": "inform",
                "open span: crispy suckle pig": "inform",
                "img_gts: spaghetti, rib/steak": "inform",
                "venuename: otto ristorante italiano": "confirm",
                "telephone: +65 62276819": "inform",
                "reservations: yes": "inform",
                "open span: yes": "inform"
            }
        },
        {
            "turn idx": 6,
            "agent": {
                "transcript": "is there anything else i can help with?",
                "img_gts": [],
                "dialog_act": {
                    "open span: anything else": "request"
                }
            },
            "user": {
                "transcript": "no, thank you!",
                "img_gts": [],
                "turn_label": {
                    "open span: no": "inform",
                    "open span: anything else": "negate",
                    "placeholder": "bye"
                }
            },
            "bstate": {
                "open span: what": "inform",
                "venueneigh: financial district": "inform",
                "open span: near": "inform",
                "open span: food": "inform",
                "open span: place": "inform",
                "open span: good for special occasion": "inform",
                "open span: other half": "inform",
                "outdoor seating: yes": "inform",
                "open span: pasta": "inform",
                "open span: authentic": "inform",
                "open span: seafood": "inform",
                "open span: romantic": "inform",
                "open span: italian food": "inform",
                "open span: what food": "request",
                "open span: image": "inform",
                "open span: crispy suckle pig": "inform",
                "img_gts: spaghetti, rib/steak": "inform",
                "venuename: otto ristorante italiano": "confirm",
                "telephone: +65 62276819": "inform",
                "reservations: yes": "inform",
                "open span: yes": "inform",
                "open span: no": "inform"
            }
        },
        {
            "turn idx": 7,
            "agent": {
                "transcript": "no problem! i hope you enjoy your dinner!",
                "img_gts": [],
                "dialog_act": {
                    "placeholder": "bye"
                }
            },
            "user": {
                "transcript": "",
                "img_gts": [],
                "turn_label": {}
            },
            "bstate": {
                "open span: what": "inform",
                "venueneigh: financial district": "inform",
                "open span: near": "inform",
                "open span: food": "inform",
                "open span: place": "inform",
                "open span: good for special occasion": "inform",
                "open span: other half": "inform",
                "outdoor seating: yes": "inform",
                "open span: pasta": "inform",
                "open span: authentic": "inform",
                "open span: seafood": "inform",
                "open span: romantic": "inform",
                "open span: italian food": "inform",
                "open span: what food": "request",
                "open span: image": "inform",
                "open span: crispy suckle pig": "inform",
                "img_gts: spaghetti, rib/steak": "inform",
                "venuename: otto ristorante italiano": "confirm",
                "telephone: +65 62276819": "inform",
                "reservations: yes": "inform",
                "open span: yes": "inform",
                "open span: no": "inform"
            }
        }
    ],
    "user rating": 5,
    "user setting": "you are staying in <b>ascott raffles place</b> with your <b>other half</b>. hope to find a nice <b>italian restaurant</b> <b>nearby</b> for your <b>anniversary celebration</b>. <b>**use at least three turns of question&answers to find the second venue!**</b>",
    "goal": {
        "id": 1595,
        "type": "multiple",
        "modality": "multiple",
        "content": [
            {
                "imgs": [],
                "terms": [
                    "big rooms",
                    "rooftop",
                    "comfy beds",
                    "apartments",
                    "swimming pool",
                    "hot tubs"
                ],
                "venueCat": [
                    "Hotel"
                ],
                "venueName": "Ascott Raffles Place",
                "preference": {
                    "Financial District": 2,
                    "get food suggestions nearby": 3,
                    "tell agent that you stay at Ascott Raffles Place": 2
                },
                "venueNeigh": "Financial District",
                "venueScore": "average",
                "venueDomain": "hotel",
                "Credit Cards": "Yes"
            },
            {
                "imgs": [
                    "d386140aee1d3896500e9f3428304124",
                    "7f73cc6ed24566a0cff95c67ead5f6d6"
                ],
                "Menus": [
                    "Lunch",
                    "Dinner"
                ],
                "Wi-Fi": "Yes",
                "price": "Moderate",
                "terms": [
                    "cheese",
                    "cozy",
                    "white truffles",
                    "good for dates",
                    "chefs",
                    "porcini mushrooms",
                    "seafood",
                    "pasta",
                    "fancy",
                    "shrimp",
                    "trendy",
                    "dinner",
                    "crispy suckling pig",
                    "lively",
                    "lunch",
                    "good for working",
                    "Italian food",
                    "authentic",
                    "good for groups",
                    "good for special occasions"
                ],
                "Drinks": [
                    "Full Bar"
                ],
                "venueCat": [
                    "Italian Restaurant"
                ],
                "venueName": "Otto Ristorante Italiano",
                "preference": {
                    "outdoor seating": 1,
                    "Italian Restaurant": 2,
                    "good for special occasions": 2,
                    "recommend lobster linguine by image to user": 2,
                    "recommend crispy suckling pig by image to user": 2,
                    "get phone number for reservation and ask for suggestions": 3
                },
                "venueNeigh": "Financial District",
                "venueScore": "average",
                "venueDomain": "food",
                "Credit Cards": "Yes",
                "Reservations": "Yes",
                "Dining Options": [
                    "No Delivery"
                ],
                "Outdoor Seating": "Yes"
            }
        ],
        "cnv_cnt": 20,
        "user_setting": "You are staying in <b>Ascott Raffles Place</b> with your <b>other half</b>. Hope to find a nice <b>Italian Restaurant</b> <b>nearby</b> for your <b>anniversary celebration</b>. <b>**Use at least three turns of Question&Answers to find the second venue!**</b>",
        "user_location": "Financial District"
    }
}