{
    "id": "4461",
    "dialogue": [
        {
            "turn idx": 0,
            "agent": {
                "transcript": "hi, how may i help you?",
                "img_gts": [],
                "dialog_act": {
                    "placeholder": "greet"
                }
            },
            "user": {
                "transcript": "hi, i am looking for a bakery, can you give me some suggestions?",
                "img_gts": [],
                "turn_label": {
                    "open span: bakery": "inform",
                    "open span: recommendation": "request",
                    "placeholder": "greet"
                }
            },
            "bstate": {
                "open span: bakery": "inform",
                "open span: recommendation": "request"
            }
        },
        {
            "turn idx": 1,
            "agent": {
                "transcript": "i see, where would you prefer to go?",
                "img_gts": [],
                "dialog_act": {
                    "venueneigh": "request"
                }
            },
            "user": {
                "transcript": "i am currently at orchard road, somewhere nearby would be good.",
                "img_gts": [],
                "turn_label": {
                    "venueneigh: orchard road": "inform"
                }
            },
            "bstate": {
                "open span: bakery": "inform",
                "venueneigh: orchard road": "inform"
            }
        },
        {
            "turn idx": 2,
            "agent": {
                "transcript": "i see, what is your budget?",
                "img_gts": [],
                "dialog_act": {
                    "price": "request"
                }
            },
            "user": {
                "transcript": "i prefer something cheap!",
                "img_gts": [],
                "turn_label": {
                    "price: cheap": "inform"
                }
            },
            "bstate": {
                "open span: bakery": "inform",
                "venueneigh: orchard road": "inform",
                "price: cheap": "inform"
            }
        },
        {
            "turn idx": 3,
            "agent": {
                "transcript": "ok, and what kind of bread do you like?",
                "img_gts": [],
                "dialog_act": {
                    "open span: type": "request",
                    "open span: bread": "request"
                }
            },
            "user": {
                "transcript": "hm, could you recommend me a place where i can get some french bread , like baguettes and brioches?",
                "img_gts": [],
                "turn_label": {
                    "open span: baguette": "inform",
                    "open span: frech bread": "inform",
                    "open span: brioch": "inform",
                    "open span: recommendation": "request",
                    "open span: place": "request"
                }
            },
            "bstate": {
                "open span: bakery": "inform",
                "venueneigh: orchard road": "inform",
                "price: cheap": "inform",
                "open span: type": "request",
                "open span: bread": "request",
                "open span: baguette": "inform",
                "open span: frech bread": "inform",
                "open span: brioch": "inform",
                "open span: recommendation": "request",
                "open span: place": "request"
            }
        },
        {
            "turn idx": 4,
            "agent": {
                "transcript": "i see, if you want to get some french bread, johan paris is a good option! it is a french bakery located along orchard road, and the sell freshly baked bread! one of their popular items is the loaves, as seen in the picture, it is made with many herbs and spices which makes it really flavourful and delicious!",
                "img_gts": [
                    "bread"
                ],
                "dialog_act": {
                    "venuename: johan paris": "recommend",
                    "venueneigh: orchard road": "inform",
                    "open span: image": "inform",
                    "open span: flavourful": "inform",
                    "open span: delicious": "inform",
                    "img_gts: bread": "inform"
                }
            },
            "user": {
                "transcript": "i see, can you give me their address?",
                "img_gts": [],
                "turn_label": {
                    "venueaddress": "request"
                }
            },
            "bstate": {
                "open span: bakery": "inform",
                "price: cheap": "inform",
                "open span: bread": "request",
                "open span: baguette": "inform",
                "open span: frech bread": "inform",
                "open span: brioch": "inform",
                "venuename: johan paris": "recommend",
                "venueneigh: orchard road": "inform",
                "open span: image": "inform",
                "open span: flavourful": "inform",
                "open span: delicious": "inform",
                "img_gts: bread": "inform",
                "venueaddress": "request"
            }
        },
        {
            "turn idx": 5,
            "agent": {
                "transcript": "the address is b1 shaw house (isetan, 350 orchard rd, 238868!",
                "img_gts": [],
                "dialog_act": {
                    "venueaddress: b1 shaw house (isetan, 350 orchard rd, 238868": "inform"
                }
            },
            "user": {
                "transcript": "okay thanks! can you recommend me a different type of bakery?",
                "img_gts": [],
                "turn_label": {
                    "venuename: johan paris": "confirm",
                    "open span:r recommendation": "request"
                }
            },
            "bstate": {
                "open span: bakery": "inform",
                "price: cheap": "inform",
                "open span: bread": "request",
                "open span: baguette": "inform",
                "open span: frech bread": "inform",
                "open span: brioch": "inform",
                "venueneigh: orchard road": "inform",
                "open span: image": "inform",
                "open span: flavourful": "inform",
                "open span: delicious": "inform",
                "img_gts: bread": "inform",
                "venueaddress: b1 shaw house (isetan, 350 orchard rd, 238868": "inform",
                "venuename: johan paris": "confirm",
                "open span: r recommendation": "request"
            }
        },
        {
            "turn idx": 6,
            "agent": {
                "transcript": "sure, what kind of bread do you like?",
                "img_gts": [],
                "dialog_act": {
                    "open span: type": "request",
                    "open span: bread": "request"
                }
            },
            "user": {
                "transcript": "well, how about recommending me a italian bakery instead?",
                "img_gts": [],
                "turn_label": {
                    "open span: italian bakery": "inform"
                }
            },
            "bstate": {
                "open span: bakery": "inform",
                "price: cheap": "inform",
                "open span: bread": "request",
                "open span: baguette": "inform",
                "open span: frech bread": "inform",
                "open span: brioch": "inform",
                "venueneigh: orchard road": "inform",
                "open span: image": "inform",
                "open span: flavourful": "inform",
                "open span: delicious": "inform",
                "img_gts: bread": "inform",
                "venueaddress: b1 shaw house (isetan, 350 orchard rd, 238868": "inform",
                "venuename: johan paris": "confirm",
                "open span: r recommendation": "request",
                "open span: type": "request",
                "open span: italian bakery": "inform"
            }
        },
        {
            "turn idx": 7,
            "agent": {
                "transcript": "sure, and what is your budget?",
                "img_gts": [],
                "dialog_act": {
                    "price": "request"
                }
            },
            "user": {
                "transcript": "i would prefer somewhere cheap!",
                "img_gts": [],
                "turn_label": {
                    "price: cheap": "inform"
                }
            },
            "bstate": {
                "open span: bakery": "inform",
                "open span: bread": "request",
                "open span: baguette": "inform",
                "open span: frech bread": "inform",
                "open span: brioch": "inform",
                "venueneigh: orchard road": "inform",
                "open span: image": "inform",
                "open span: flavourful": "inform",
                "open span: delicious": "inform",
                "img_gts: bread": "inform",
                "venueaddress: b1 shaw house (isetan, 350 orchard rd, 238868": "inform",
                "venuename: johan paris": "confirm",
                "open span: r recommendation": "request",
                "open span: italian bakery": "inform",
                "price: cheap": "inform"
            }
        },
        {
            "turn idx": 8,
            "agent": {
                "transcript": "okay! do you have other preferences?",
                "img_gts": [],
                "dialog_act": {
                    "open span: other preference": "request"
                }
            },
            "user": {
                "transcript": "i would like it to be a place that is good for a quick meal!",
                "img_gts": [],
                "turn_label": {
                    "open span: good for a quick meal": "inform"
                }
            },
            "bstate": {
                "open span: bakery": "inform",
                "open span: bread": "request",
                "open span: baguette": "inform",
                "open span: frech bread": "inform",
                "open span: brioch": "inform",
                "venueneigh: orchard road": "inform",
                "open span: image": "inform",
                "open span: flavourful": "inform",
                "open span: delicious": "inform",
                "img_gts: bread": "inform",
                "venueaddress: b1 shaw house (isetan, 350 orchard rd, 238868": "inform",
                "venuename: johan paris": "confirm",
                "open span: r recommendation": "request",
                "open span: italian bakery": "inform",
                "price: cheap": "inform",
                "open span: other preference": "request",
                "open span: good for a quick meal": "inform"
            }
        },
        {
            "turn idx": 9,
            "agent": {
                "transcript": "okay! i would recommend going to peck, it is an italian bakery that serves fresh italian bread daily! it is also located at orchard road.",
                "img_gts": [],
                "dialog_act": {
                    "venuename: peck": "recommend",
                    "venueneigh: orchard road": "inform",
                    "open span: fresh": "inform"
                }
            },
            "user": {
                "transcript": "i see, can you recommend me some bread?",
                "img_gts": [],
                "turn_label": {
                    "open span: bread": "request",
                    "open span: recommandation": "request"
                }
            },
            "bstate": {
                "open span: bakery": "inform",
                "open span: bread": "request",
                "open span: baguette": "inform",
                "open span: frech bread": "inform",
                "open span: brioch": "inform",
                "open span: image": "inform",
                "open span: flavourful": "inform",
                "open span: delicious": "inform",
                "img_gts: bread": "inform",
                "venueaddress: b1 shaw house (isetan, 350 orchard rd, 238868": "inform",
                "open span: r recommendation": "request",
                "open span: italian bakery": "inform",
                "price: cheap": "inform",
                "open span: other preference": "request",
                "open span: good for a quick meal": "inform",
                "venuename: peck": "recommend",
                "venueneigh: orchard road": "inform",
                "open span: fresh": "inform",
                "open span: recommandation": "request"
            }
        },
        {
            "turn idx": 10,
            "agent": {
                "transcript": "i would recommend getting the cheese bread, it has a cream cheese filling and it tastes really good! it can be seen in the picture attached.",
                "img_gts": [
                    "donut"
                ],
                "dialog_act": {
                    "open span: image": "inform",
                    "open span: cream cheese": "inform",
                    "open span: cheese bread": "inform",
                    "open span: tasty": "inform",
                    "img_gts: donut": "inform"
                }
            },
            "user": {
                "transcript": "looks good! can i get their address?",
                "img_gts": [],
                "turn_label": {
                    "venueaddress": "request",
                    "venuename: peck": "confirm"
                }
            },
            "bstate": {
                "open span: bakery": "inform",
                "open span: bread": "request",
                "open span: baguette": "inform",
                "open span: frech bread": "inform",
                "open span: brioch": "inform",
                "open span: image": "inform",
                "open span: flavourful": "inform",
                "open span: delicious": "inform",
                "open span: r recommendation": "request",
                "open span: italian bakery": "inform",
                "price: cheap": "inform",
                "open span: other preference": "request",
                "open span: good for a quick meal": "inform",
                "venueneigh: orchard road": "inform",
                "open span: fresh": "inform",
                "open span: recommandation": "request",
                "open span: cream cheese": "inform",
                "open span: cheese bread": "inform",
                "open span: tasty": "inform",
                "img_gts: donut": "inform",
                "venueaddress": "request",
                "venuename: peck": "confirm"
            }
        },
        {
            "turn idx": 11,
            "agent": {
                "transcript": "their address is 391 orchard rd, singapore 238873!",
                "img_gts": [],
                "dialog_act": {
                    "venueaddress: #b2-08-3, takashimaya s.c. (391 orchard road) 238873 singapore": "inform"
                }
            },
            "user": {
                "transcript": "ok thanks for both recommendations!",
                "img_gts": [],
                "turn_label": {
                    "placeholder": "bye"
                }
            },
            "bstate": {
                "open span: bakery": "inform",
                "open span: bread": "request",
                "open span: baguette": "inform",
                "open span: frech bread": "inform",
                "open span: brioch": "inform",
                "open span: image": "inform",
                "open span: flavourful": "inform",
                "open span: delicious": "inform",
                "open span: r recommendation": "request",
                "open span: italian bakery": "inform",
                "price: cheap": "inform",
                "open span: other preference": "request",
                "open span: good for a quick meal": "inform",
                "venueneigh: orchard road": "inform",
                "open span: fresh": "inform",
                "open span: recommandation": "request",
                "open span: cream cheese": "inform",
                "open span: cheese bread": "inform",
                "open span: tasty": "inform",
                "img_gts: donut": "inform",
                "venuename: peck": "confirm",
                "venueaddress: #b2-08-3, takashimaya s.c. (391 orchard road) 238873 singapore": "inform"
            }
        },
        {
            "turn idx": 12,
            "agent": {
                "transcript": "no problem, have a nice day!",
                "img_gts": [],
                "dialog_act": {
                    "placeholder": "bye"
                }
            },
            "user": {
                "transcript": "",
                "img_gts": [],
                "turn_label": {}
            },
            "bstate": {
                "open span: bakery": "inform",
                "open span: bread": "request",
                "open span: baguette": "inform",
                "open span: frech bread": "inform",
                "open span: brioch": "inform",
                "open span: image": "inform",
                "open span: flavourful": "inform",
                "open span: delicious": "inform",
                "open span: r recommendation": "request",
                "open span: italian bakery": "inform",
                "price: cheap": "inform",
                "open span: other preference": "request",
                "open span: good for a quick meal": "inform",
                "venueneigh: orchard road": "inform",
                "open span: fresh": "inform",
                "open span: recommandation": "request",
                "open span: cream cheese": "inform",
                "open span: cheese bread": "inform",
                "open span: tasty": "inform",
                "img_gts: donut": "inform",
                "venuename: peck": "confirm",
                "venueaddress: #b2-08-3, takashimaya s.c. (391 orchard road) 238873 singapore": "inform"
            }
        }
    ],
    "user rating": 5,
    "user setting": "you are at <b>orchard road</b>. hope to seek some advices on <b>bakery</b> choices. <b>**use at least three turns of question&answers to find one venue!**</b>",
    "goal": {
        "id": 1590,
        "type": "multiple",
        "modality": "multiple",
        "content": [
            {
                "imgs": [
                    "0d49286680027db5d00b2a7ccba7266d",
                    "849ee00790a511ba2b4bd41cd5a477bd",
                    "f38319669c256b0517e26d3b8ac4f1b8"
                ],
                "Menus": [
                    "Lunch"
                ],
                "price": "Cheap",
                "terms": [
                    "cheese",
                    "vegetarian food",
                    "mochi",
                    "corn",
                    "buns",
                    "baguettes",
                    "bread"
                ],
                "venueCat": [
                    "Bakery"
                ],
                "venueName": "Johan Paris",
                "preference": {
                    "Bakery": 2,
                    "cheap price": 1,
                    "get address": 3,
                    "Orchard Road": 2,
                    "good venue score": 1,
                    "show nice bread images to user": 1
                },
                "venueNeigh": "Orchard Road",
                "venueScore": "good",
                "venueDomain": "food",
                "Credit Cards": "Yes",
                "Reservations": "No",
                "Outdoor Seating": "No"
            },
            {
                "imgs": [
                    "3ce0b2d725923aca52a94d2730e3ea3e",
                    "354dd084bd06aa27405b3b564168b76c"
                ],
                "price": "Cheap",
                "terms": [
                    "cheese",
                    "good for a quick meal",
                    "bread"
                ],
                "venueCat": [
                    "Bakery"
                ],
                "venueName": "Peck",
                "preference": {
                    "bread": 2,
                    "cheap price": 1,
                    "get address": 3,
                    "average venue score": 1,
                    "good for a quick meal": 2,
                    "recommend cheese bread by image to user": 1
                },
                "venueNeigh": "Orchard Road",
                "venueScore": "average",
                "venueDomain": "food",
                "Outdoor Seating": "No"
            }
        ],
        "cnv_cnt": 20,
        "user_setting": "You are at <b>Orchard Road</b>. Hope to seek some advices on <b>Bakery</b> choices. <b>**Use at least three turns of Question&Answers to find one venue!**</b>",
        "user_location": "Orchard Road"
    }
}