{
    "id": "4553",
    "dialogue": [
        {
            "turn idx": 0,
            "agent": {
                "transcript": "hello! how may i help you?",
                "img_gts": [],
                "dialog_act": {
                    "placeholder": "greet"
                }
            },
            "user": {
                "transcript": "hello! i am currently in woodlands. i would like to have mos burger. where should i go?",
                "img_gts": [],
                "turn_label": {
                    "venueneigh: woodlands": "inform",
                    "open span: mos burger": "inform",
                    "open span: place to eat": "request",
                    "placeholder": "greet"
                }
            },
            "bstate": {
                "venueneigh: woodlands": "inform",
                "open span: mos burger": "inform",
                "open span: place to eat": "request"
            }
        },
        {
            "turn idx": 1,
            "agent": {
                "transcript": "you should go to causeway point.",
                "img_gts": [],
                "dialog_act": {
                    "venuename: causeway point": "recommend"
                }
            },
            "user": {
                "transcript": "can you show me an image of the building?",
                "img_gts": [],
                "turn_label": {
                    "open span: building": "request",
                    "open span: image": "request"
                }
            },
            "bstate": {
                "venueneigh: woodlands": "inform",
                "open span: mos burger": "inform",
                "venuename: causeway point": "recommend",
                "open span: building": "request",
                "open span: image": "request"
            }
        },
        {
            "turn idx": 2,
            "agent": {
                "transcript": "here you go!",
                "img_gts": [
                    "building"
                ],
                "dialog_act": {
                    "open span: image": "inform",
                    "img_gts: building": "inform"
                }
            },
            "user": {
                "transcript": "thanks! bye!",
                "img_gts": [],
                "turn_label": {
                    "placeholder": "bye"
                }
            },
            "bstate": {
                "venueneigh: woodlands": "inform",
                "open span: mos burger": "inform",
                "venuename: causeway point": "recommend",
                "open span: building": "request",
                "open span: image": "inform",
                "img_gts: building": "inform"
            }
        },
        {
            "turn idx": 3,
            "agent": {
                "transcript": "bye!",
                "img_gts": [],
                "dialog_act": {
                    "placeholder": "bye"
                }
            },
            "user": {
                "transcript": "",
                "img_gts": [],
                "turn_label": {}
            },
            "bstate": {
                "venueneigh: woodlands": "inform",
                "open span: mos burger": "inform",
                "venuename: causeway point": "recommend",
                "open span: building": "request",
                "open span: image": "inform",
                "img_gts: building": "inform"
            }
        }
    ],
    "user rating": 4,
    "user setting": "you are in <b>woodlands</b>, hope to find a mall to eat a <b>quick lunch</b>. <b>**use at least three turns of question&answers to find one venue!**</b>",
    "goal": {
        "id": 1609,
        "type": "single",
        "modality": "multiple",
        "content": [
            {
                "imgs": [
                    "2f58227e3c52af0e60f3f63dde0a8153",
                    "69e2c1ed364cd40a6282a4247bfebdc2"
                ],
                "terms": [
                    "dinner",
                    "books",
                    "cake",
                    "sushi",
                    "breakfast food",
                    "uniqlo",
                    "desserts",
                    "movies",
                    "yogurt",
                    "gardens",
                    "lunch",
                    "mos burger",
                    "tea",
                    "fish market",
                    "food courts",
                    "pizza",
                    "cute",
                    "shoes",
                    "coffee",
                    "food republic"
                ],
                "venueCat": [
                    "Shopping Mall"
                ],
                "venueName": "Causeway Point",
                "preference": {
                    "Woodlands": 2,
                    "mos burger": 1,
                    "quick lunch": 1,
                    "Shopping Mall": 2,
                    "show building image to user to find the place": 1,
                    "ask for tips or suggestions or things to take note": 3
                },
                "venueNeigh": "Woodlands",
                "venueScore": "fair",
                "venueDomain": "mall",
                "Credit Cards": "Yes"
            }
        ],
        "cnv_cnt": 20,
        "user_setting": "You are in <b>Woodlands</b>, hope to find a mall to eat a <b>quick lunch</b>. <b>**Use at least three turns of Question&Answers to find one venue!**</b>",
        "user_location": "Woodlands"
    }
}