{
    "id": "457",
    "dialogue": [
        {
            "turn idx": 0,
            "agent": {
                "transcript": "",
                "img_gts": [],
                "dialog_act": {}
            },
            "user": {
                "transcript": "hey, i am traveling with my other half. would like to find a place to stay and wonder around, preferably near the singapore river.",
                "img_gts": [],
                "turn_label": {
                    "open span: place to stay": "inform",
                    "open span: wander around": "inform",
                    "venueneigh: singapore river": "inform",
                    "placeholder": "greet"
                }
            },
            "bstate": {
                "open span: place to stay": "inform",
                "open span: wander around": "inform",
                "venueneigh: singapore river": "inform"
            }
        },
        {
            "turn idx": 1,
            "agent": {
                "transcript": "do you have any other preferences?",
                "img_gts": [],
                "dialog_act": {
                    "open span: preference": "request"
                }
            },
            "user": {
                "transcript": "i'd like the hotel to be clean and have spacious rooms with a swimming pool attached to the hotel.",
                "img_gts": [],
                "turn_label": {
                    "venuename": "request",
                    "open span: hotel": "inform",
                    "open span: pool": "inform",
                    "open span: spacious": "inform",
                    "open span: clean": "inform"
                }
            },
            "bstate": {
                "open span: place to stay": "inform",
                "open span: wander around": "inform",
                "venueneigh: singapore river": "inform",
                "open span: preference": "request",
                "venuename": "request",
                "open span: hotel": "inform",
                "open span: pool": "inform",
                "open span: spacious": "inform",
                "open span: clean": "inform"
            }
        },
        {
            "turn idx": 2,
            "agent": {
                "transcript": "how about park hotel clarke quay? it's got great reviews and it satisfies all your requirements.",
                "img_gts": [],
                "dialog_act": {
                    "venuename: park hotel clarke quay": "recommend",
                    "open span: good review": "inform"
                }
            },
            "user": {
                "transcript": "sounds great, do you have any tips for my stay?",
                "img_gts": [],
                "turn_label": {
                    "open span: tip or suggestion": "request"
                }
            },
            "bstate": {
                "open span: place to stay": "inform",
                "open span: wander around": "inform",
                "venueneigh: singapore river": "inform",
                "open span: hotel": "inform",
                "open span: pool": "inform",
                "open span: spacious": "inform",
                "open span: clean": "inform",
                "venuename: park hotel clarke quay": "recommend",
                "open span: good review": "inform",
                "open span: tip or suggestion": "request"
            }
        },
        {
            "turn idx": 3,
            "agent": {
                "transcript": "yeah sure! you should definitely try their scrambled eggs during breakfast and also, don't forget to claim your complementary parking pass if you drive. is there anything else?",
                "img_gts": [],
                "dialog_act": {
                    "parking: yes": "inform",
                    "menus: breakfast": "inform",
                    "open span: scramble egg": "inform",
                    "open span: anything else": "request"
                }
            },
            "user": {
                "transcript": "also i am looking for a place to go and wander around with my husbamd. preferably to experience some night life. we'd like to eat some beef quesedillas if possible! i'd also appreciate if you can check if they allow credit card use!",
                "img_gts": [],
                "turn_label": {
                    "credit cards": "request",
                    "open span: beef quesadilla": "inform",
                    "open span: nightlife": "inform",
                    "open span: wander around": "inform"
                }
            },
            "bstate": {
                "open span: place to stay": "inform",
                "open span: wander around": "inform",
                "venueneigh: singapore river": "inform",
                "open span: hotel": "inform",
                "open span: pool": "inform",
                "open span: spacious": "inform",
                "open span: clean": "inform",
                "venuename: park hotel clarke quay": "recommend",
                "open span: good review": "inform",
                "parking: yes": "inform",
                "menus: breakfast": "inform",
                "open span: scramble egg": "inform",
                "open span: anything else": "request",
                "credit cards": "request",
                "open span: beef quesadilla": "inform",
                "open span: nightlife": "inform"
            }
        },
        {
            "turn idx": 4,
            "agent": {
                "transcript": "how about clarke quay? they accept credit cards! if you're up to it, you can try reverse bungy there too.",
                "img_gts": [],
                "dialog_act": {
                    "credit cards: yes": "inform",
                    "venuename: clarke quay": "recommend",
                    "open span: reverse bungy": "inform"
                }
            },
            "user": {
                "transcript": "sounds great, thanks!",
                "img_gts": [],
                "turn_label": {
                    "venuename: clarke quay": "confirm",
                    "placeholder": "bye"
                }
            },
            "bstate": {
                "open span: place to stay": "inform",
                "open span: wander around": "inform",
                "venueneigh: singapore river": "inform",
                "open span: hotel": "inform",
                "open span: pool": "inform",
                "open span: spacious": "inform",
                "open span: clean": "inform",
                "open span: good review": "inform",
                "parking: yes": "inform",
                "menus: breakfast": "inform",
                "open span: scramble egg": "inform",
                "open span: beef quesadilla": "inform",
                "open span: nightlife": "inform",
                "credit cards: yes": "inform",
                "open span: reverse bungy": "inform",
                "venuename: clarke quay": "confirm"
            }
        }
    ],
    "user rating": 4,
    "user setting": "you are traveling <b>with your other half</b>. would like to find a place to stay and wonder around",
    "goal": {
        "id": 1403,
        "type": "multiple",
        "modality": "single",
        "content": [
            {
                "imgs": [],
                "Wi-Fi": "Yes",
                "terms": [
                    "hotel",
                    "clean",
                    "spacious rooms",
                    "swimming pool",
                    "wifi",
                    "fancy",
                    "breakfast food",
                    "dinner",
                    "music",
                    "club rooms",
                    "showers",
                    "corner rooms",
                    "liquor",
                    "staff"
                ],
                "venueCat": [
                    "Hotel",
                    "Restaurant",
                    "Hostel"
                ],
                "venueName": "Park Hotel Clarke Quay",
                "preference": {
                    "clean": 2,
                    "Wi-Fi:No": -1,
                    "ask for tips": 3,
                    "swimming pool": 1,
                    "spacious rooms": 1,
                    "venueCat:Hotel": 1,
                    "venueNeigh:Singapore River": 1
                },
                "venueNeigh": "Singapore River",
                "venueScore": "average",
                "venueDomain": "food",
                "Credit Cards": "Yes"
            },
            {
                "imgs": [],
                "terms": [
                    "night life",
                    "beef quesadillas",
                    "dancing",
                    "mojitos",
                    "seafood",
                    "dinner",
                    "casual",
                    "chili crabs",
                    "beer",
                    "tours",
                    "music",
                    "lively",
                    "happy hour",
                    "caf\u00e9",
                    "reverse bungy",
                    "hookah",
                    "tacos",
                    "scenic views",
                    "ice cream",
                    "wine"
                ],
                "venueCat": [
                    "Shopping Plaza"
                ],
                "venueName": "Clarke Quay",
                "preference": {
                    "music": 1,
                    "night life": 2,
                    "reverse bungy": 1,
                    "beef quesadillas": 1,
                    "check credit cards": 3
                },
                "venueNeigh": "Singapore River",
                "venueScore": "good",
                "venueDomain": "sightseeing",
                "Credit Cards": "Yes"
            }
        ],
        "cnv_cnt": 20,
        "user_setting": "You are traveling <b>with your other half</b>. Would like to find a place to stay and wonder around",
        "user_location": "unknown"
    }
}