{
    "id": "4573",
    "dialogue": [
        {
            "turn idx": 0,
            "agent": {
                "transcript": "",
                "img_gts": [],
                "dialog_act": {}
            },
            "user": {
                "transcript": "hi, i am looking for a shopping mall to eat at. could you help me find a place?",
                "img_gts": [],
                "turn_label": {
                    "open span: mall": "request",
                    "open span: place to eat": "request",
                    "placeholder": "greet"
                }
            },
            "bstate": {
                "open span: mall": "request",
                "open span: place to eat": "request"
            }
        },
        {
            "turn idx": 1,
            "agent": {
                "transcript": "okay, can you tell me more about the place you're looking for?",
                "img_gts": [],
                "dialog_act": {
                    "open span: place to eat": "request",
                    "open span: more information": "request"
                }
            },
            "user": {
                "transcript": "i need to find somewhere in woodlands to have a quick lunch.",
                "img_gts": [],
                "turn_label": {
                    "venueneigh: woodlands": "inform",
                    "open span: good for a quick meal": "inform",
                    "menus: lunch": "inform"
                }
            },
            "bstate": {
                "open span: mall": "request",
                "open span: more information": "request",
                "venueneigh: woodlands": "inform",
                "open span: good for a quick meal": "inform",
                "menus: lunch": "inform"
            }
        },
        {
            "turn idx": 2,
            "agent": {
                "transcript": "do you have any other preferences?",
                "img_gts": [],
                "dialog_act": {
                    "open span: preference": "request",
                    "open span: any other": "request"
                }
            },
            "user": {
                "transcript": "i would like if they have different food options that are quick like mos burger and sushi.",
                "img_gts": [],
                "turn_label": {
                    "open span: mos burger": "inform",
                    "open span: sushi": "inform"
                }
            },
            "bstate": {
                "open span: mall": "request",
                "venueneigh: woodlands": "inform",
                "open span: good for a quick meal": "inform",
                "menus: lunch": "inform",
                "open span: preference": "request",
                "open span: any other": "request",
                "open span: mos burger": "inform",
                "open span: sushi": "inform"
            }
        },
        {
            "turn idx": 3,
            "agent": {
                "transcript": "you can try going to causeway point. here is a picture of it.",
                "img_gts": [
                    "building"
                ],
                "dialog_act": {
                    "venuename: causeway point": "recommend",
                    "open span: image": "inform",
                    "img_gts: building": "inform"
                }
            },
            "user": {
                "transcript": "do you have any tips about the place?",
                "img_gts": [],
                "turn_label": {
                    "venuename: causeway point": "confirm",
                    "open span: tip or suggestion": "request"
                }
            },
            "bstate": {
                "open span: mall": "request",
                "venueneigh: woodlands": "inform",
                "open span: good for a quick meal": "inform",
                "menus: lunch": "inform",
                "open span: mos burger": "inform",
                "open span: sushi": "inform",
                "open span: image": "inform",
                "img_gts: building": "inform",
                "venuename: causeway point": "confirm",
                "open span: tip or suggestion": "request"
            }
        },
        {
            "turn idx": 4,
            "agent": {
                "transcript": "someone has said: nice selection of local shops, extra stalls, and food options. wish it opened at 10 am weekends... but you can't start the enjoyment until 11 am.",
                "img_gts": [],
                "dialog_act": {}
            },
            "user": {
                "transcript": "okay, great!",
                "img_gts": [],
                "turn_label": {}
            },
            "bstate": {
                "open span: mall": "request",
                "venueneigh: woodlands": "inform",
                "open span: good for a quick meal": "inform",
                "menus: lunch": "inform",
                "open span: mos burger": "inform",
                "open span: sushi": "inform",
                "open span: image": "inform",
                "img_gts: building": "inform",
                "venuename: causeway point": "confirm"
            }
        },
        {
            "turn idx": 5,
            "agent": {
                "transcript": "is there anything else i can help with?",
                "img_gts": [],
                "dialog_act": {
                    "open span: anything else": "request"
                }
            },
            "user": {
                "transcript": "nope, thank you!",
                "img_gts": [],
                "turn_label": {
                    "placeholder": "bye"
                }
            },
            "bstate": {
                "open span: mall": "request",
                "venueneigh: woodlands": "inform",
                "open span: good for a quick meal": "inform",
                "menus: lunch": "inform",
                "open span: mos burger": "inform",
                "open span: sushi": "inform",
                "open span: image": "inform",
                "img_gts: building": "inform",
                "venuename: causeway point": "confirm",
                "open span: anything else": "request"
            }
        }
    ],
    "user rating": 5,
    "user setting": "you are in <b>woodlands</b>, hope to find a mall to eat a <b>quick lunch</b>. <b>**use at least three turns of question&answers to find one venue!**</b>",
    "goal": {
        "id": 1609,
        "type": "single",
        "modality": "multiple",
        "content": [
            {
                "imgs": [
                    "2f58227e3c52af0e60f3f63dde0a8153",
                    "69e2c1ed364cd40a6282a4247bfebdc2"
                ],
                "terms": [
                    "dinner",
                    "books",
                    "cake",
                    "sushi",
                    "breakfast food",
                    "uniqlo",
                    "desserts",
                    "movies",
                    "yogurt",
                    "gardens",
                    "lunch",
                    "mos burger",
                    "tea",
                    "fish market",
                    "food courts",
                    "pizza",
                    "cute",
                    "shoes",
                    "coffee",
                    "food republic"
                ],
                "venueCat": [
                    "Shopping Mall"
                ],
                "venueName": "Causeway Point",
                "preference": {
                    "Woodlands": 2,
                    "mos burger": 1,
                    "quick lunch": 1,
                    "Shopping Mall": 2,
                    "show building image to user to find the place": 1,
                    "ask for tips or suggestions or things to take note": 3
                },
                "venueNeigh": "Woodlands",
                "venueScore": "fair",
                "venueDomain": "mall",
                "Credit Cards": "Yes"
            }
        ],
        "cnv_cnt": 20,
        "user_setting": "You are in <b>Woodlands</b>, hope to find a mall to eat a <b>quick lunch</b>. <b>**Use at least three turns of Question&Answers to find one venue!**</b>",
        "user_location": "Woodlands"
    }
}