{
    "id": "4621",
    "dialogue": [
        {
            "turn idx": 0,
            "agent": {
                "transcript": "hi, how may i help you?",
                "img_gts": [],
                "dialog_act": {
                    "placeholder": "greet"
                }
            },
            "user": {
                "transcript": "hi, i am planning to go shopping, do you have any recommendations?",
                "img_gts": [],
                "turn_label": {
                    "open span: mall": "request",
                    "open span: recommendation": "request",
                    "placeholder": "greet"
                }
            },
            "bstate": {
                "open span: mall": "request",
                "open span: recommendation": "request"
            }
        },
        {
            "turn idx": 1,
            "agent": {
                "transcript": "i see, where would you prefer to go?",
                "img_gts": [],
                "dialog_act": {
                    "venueneigh": "request"
                }
            },
            "user": {
                "transcript": "i would prefer somewhere in the downtown core!",
                "img_gts": [],
                "turn_label": {
                    "venueneigh: downtown core": "inform"
                }
            },
            "bstate": {
                "open span: mall": "request",
                "venueneigh: downtown core": "inform"
            }
        },
        {
            "turn idx": 2,
            "agent": {
                "transcript": "okay! what kind of shop are you looking for?",
                "img_gts": [],
                "dialog_act": {
                    "open span: mall": "request",
                    "open spam: type": "request"
                }
            },
            "user": {
                "transcript": "i am planning to buy some shoes.",
                "img_gts": [],
                "turn_label": {
                    "open span: shoe": "inform"
                }
            },
            "bstate": {
                "open span: mall": "request",
                "venueneigh: downtown core": "inform",
                "open span: type": "request",
                "open span: shoe": "inform"
            }
        },
        {
            "turn idx": 3,
            "agent": {
                "transcript": "i see, what kind of shoes are you looking for?",
                "img_gts": [],
                "dialog_act": {
                    "open span: type": "request",
                    "open span: shoe": "request"
                }
            },
            "user": {
                "transcript": "i am thinking of buying some sports shoes.",
                "img_gts": [],
                "turn_label": {
                    "open span: sport": "inform"
                }
            },
            "bstate": {
                "open span: mall": "request",
                "venueneigh: downtown core": "inform",
                "open span: shoe": "inform",
                "open span: sport": "inform"
            }
        },
        {
            "turn idx": 4,
            "agent": {
                "transcript": "okay, i would recommend going to suntec city mall. it is a shopping mall in the downtown core and they have many shops where you can buy sports shoes.",
                "img_gts": [],
                "dialog_act": {
                    "venuename: suntec city mall": "recommend",
                    "venueneigh: downtown core": "inform",
                    "open span: mall": "inform"
                }
            },
            "user": {
                "transcript": "i see, can you give me some suggestions?",
                "img_gts": [],
                "turn_label": {
                    "open span: tip or suggestion": "request"
                }
            },
            "bstate": {
                "open span: mall": "inform",
                "open span: shoe": "inform",
                "open span: sport": "inform",
                "venuename: suntec city mall": "recommend",
                "venueneigh: downtown core": "inform",
                "open span: tip or suggestion": "request"
            }
        },
        {
            "turn idx": 5,
            "agent": {
                "transcript": "i would recommend going to royal sporting house, it is a company that sells many sporting apparels and equipment, and i am sure you can find some nice sport shoes there! moreover, they often have discounts so you can get the shoe you want at a lower price!",
                "img_gts": [],
                "dialog_act": {
                    "open span: discount": "inform",
                    "open span: royal sporting house": "inform"
                }
            },
            "user": {
                "transcript": "i see, thanks for that recommendation. i am also planning to go on a date with my girlfriend for dinner, can i get a recommendation?",
                "img_gts": [],
                "turn_label": {
                    "menus: dinner": "inform",
                    "open span: place to eat": "request",
                    "open span: recommendation": "request"
                }
            },
            "bstate": {
                "open span: mall": "inform",
                "open span: shoe": "inform",
                "open span: sport": "inform",
                "venuename: suntec city mall": "recommend",
                "venueneigh: downtown core": "inform",
                "open span: discount": "inform",
                "open span: royal sporting house": "inform",
                "menus: dinner": "inform",
                "open span: place to eat": "request",
                "open span: recommendation": "request"
            }
        },
        {
            "turn idx": 6,
            "agent": {
                "transcript": "i see, where would you prefer to dine at?",
                "img_gts": [],
                "dialog_act": {
                    "venueneigh": "request"
                }
            },
            "user": {
                "transcript": "i would also prefer the downtown core area.",
                "img_gts": [],
                "turn_label": {
                    "venueneigh: downtown core": "inform"
                }
            },
            "bstate": {
                "open span: mall": "inform",
                "open span: shoe": "inform",
                "open span: sport": "inform",
                "venuename: suntec city mall": "recommend",
                "open span: discount": "inform",
                "open span: royal sporting house": "inform",
                "menus: dinner": "inform",
                "venueneigh: downtown core": "inform"
            }
        },
        {
            "turn idx": 7,
            "agent": {
                "transcript": "i see, and what cuisine are you looking for?",
                "img_gts": [],
                "dialog_act": {
                    "open span: cuisine": "request"
                }
            },
            "user": {
                "transcript": "i am hoping to go to a bar.",
                "img_gts": [],
                "turn_label": {
                    "open span: bar": "inform"
                }
            },
            "bstate": {
                "open span: mall": "inform",
                "open span: shoe": "inform",
                "open span: sport": "inform",
                "venuename: suntec city mall": "recommend",
                "open span: discount": "inform",
                "open span: royal sporting house": "inform",
                "menus: dinner": "inform",
                "venueneigh: downtown core": "inform",
                "open span: cuisine": "request",
                "open span: bar": "inform"
            }
        },
        {
            "turn idx": 8,
            "agent": {
                "transcript": "oh okay, and what is your budget?",
                "img_gts": [],
                "dialog_act": {
                    "price": "request"
                }
            },
            "user": {
                "transcript": "i would not mind somewhere expensive.",
                "img_gts": [],
                "turn_label": {
                    "price: expensive": "do not care"
                }
            },
            "bstate": {
                "open span: mall": "inform",
                "open span: shoe": "inform",
                "open span: sport": "inform",
                "venuename: suntec city mall": "recommend",
                "open span: discount": "inform",
                "open span: royal sporting house": "inform",
                "menus: dinner": "inform",
                "venueneigh: downtown core": "inform",
                "open span: cuisine": "request",
                "open span: bar": "inform",
                "price: expensive": "do not care"
            }
        },
        {
            "turn idx": 9,
            "agent": {
                "transcript": "ok! i would recommend going to club intercontinental. it is a lounge that is good for dates, and it is located in the downtown core area. i would recommend getting the cocktails, like the one in the picture as they have unique concoctions that i am sure you will enjoy!",
                "img_gts": [
                    "juice"
                ],
                "dialog_act": {
                    "venuename: club intercontinental": "recommend",
                    "venueneigh: downtown core": "inform",
                    "open span: image": "inform",
                    "open span: good for date": "inform",
                    "open span: lounge": "inform",
                    "open span: unique": "inform",
                    "open span: cocktail": "inform",
                    "img_gts: juice": "inform"
                }
            },
            "user": {
                "transcript": "i see, can i get their address and phone number?",
                "img_gts": [],
                "turn_label": {
                    "venueaddress": "request",
                    "telephone": "request"
                }
            },
            "bstate": {
                "open span: mall": "inform",
                "open span: shoe": "inform",
                "open span: sport": "inform",
                "open span: discount": "inform",
                "open span: royal sporting house": "inform",
                "menus: dinner": "inform",
                "open span: cuisine": "request",
                "open span: bar": "inform",
                "price: expensive": "do not care",
                "venuename: club intercontinental": "recommend",
                "venueneigh: downtown core": "inform",
                "open span: image": "inform",
                "open span: good for date": "inform",
                "open span: lounge": "inform",
                "open span: unique": "inform",
                "open span: cocktail": "inform",
                "img_gts: juice": "inform",
                "venueaddress": "request",
                "telephone": "request"
            }
        },
        {
            "turn idx": 10,
            "agent": {
                "transcript": "sure, their address is  80 middle rd, singapore 188966, and their phone number is 6338 7600.",
                "img_gts": [],
                "dialog_act": {
                    "venueaddress: 490 n bridge rd. 188736 singapore": "inform",
                    "telephone: 6338 7600": "inform"
                }
            },
            "user": {
                "transcript": "okay thanks!",
                "img_gts": [],
                "turn_label": {
                    "venuename: club intercontinental": "confirm",
                    "placeholder": "bye"
                }
            },
            "bstate": {
                "open span: mall": "inform",
                "open span: shoe": "inform",
                "open span: sport": "inform",
                "open span: discount": "inform",
                "open span: royal sporting house": "inform",
                "menus: dinner": "inform",
                "open span: cuisine": "request",
                "open span: bar": "inform",
                "price: expensive": "do not care",
                "venueneigh: downtown core": "inform",
                "open span: image": "inform",
                "open span: good for date": "inform",
                "open span: lounge": "inform",
                "open span: unique": "inform",
                "open span: cocktail": "inform",
                "img_gts: juice": "inform",
                "venueaddress: 490 n bridge rd. 188736 singapore": "inform",
                "telephone: +65 63387600": "inform",
                "venuename: club intercontinental": "confirm"
            }
        },
        {
            "turn idx": 11,
            "agent": {
                "transcript": "no problem, have a nice day!",
                "img_gts": [],
                "dialog_act": {
                    "placeholder": "bye"
                }
            },
            "user": {
                "transcript": "",
                "img_gts": [],
                "turn_label": {}
            },
            "bstate": {
                "open span: mall": "inform",
                "open span: shoe": "inform",
                "open span: sport": "inform",
                "open span: discount": "inform",
                "open span: royal sporting house": "inform",
                "menus: dinner": "inform",
                "open span: cuisine": "request",
                "open span: bar": "inform",
                "price: expensive": "do not care",
                "venueneigh: downtown core": "inform",
                "open span: image": "inform",
                "open span: good for date": "inform",
                "open span: lounge": "inform",
                "open span: unique": "inform",
                "open span: cocktail": "inform",
                "img_gts: juice": "inform",
                "venueaddress: 490 n bridge rd. 188736 singapore": "inform",
                "telephone: +65 63387600": "inform",
                "venuename: club intercontinental": "confirm"
            }
        }
    ],
    "user rating": 5,
    "user setting": "you are at <b>downtown core</b>. hope to do <b>shopping</b> for <b>buying shoes</b>. later will have <b>dinner</b> with <b>girlfriend</b>. <b>**use at least three turns of question&answers to find one venue!**</b>",
    "goal": {
        "id": 1608,
        "type": "multiple",
        "modality": "multiple",
        "content": [
            {
                "imgs": [
                    "20051335d09b9d2538dadc7f8f2ab0fa",
                    "c6a00b73f87c7f0c35cb87a23d793858"
                ],
                "terms": [
                    "Guinness",
                    "Japanese food",
                    "coffee",
                    "discounts",
                    "shoes",
                    "game room",
                    "lunch",
                    "fountain of wealth",
                    "tea",
                    "malls",
                    "breakfast food",
                    "dumplings",
                    "dinner",
                    "books",
                    "tours",
                    "royal sporting house",
                    "caf\u00e9",
                    "suntec",
                    "scenic views",
                    "spacious"
                ],
                "venueCat": [
                    "Shopping Mall"
                ],
                "venueName": "Suntec City Mall",
                "preference": {
                    "shoes": 2,
                    "discounts": 2,
                    "good venue score": 1,
                    "royal sporting house": 1,
                    "ask for tips or suggestions": 3,
                    "show building image to user": 1
                },
                "venueNeigh": "Downtown Core",
                "venueScore": "good",
                "venueDomain": "mall",
                "Credit Cards": "Yes"
            },
            {
                "imgs": [
                    "b00e1e6741a34ef77a1354b4ab883e4f",
                    "68e9aa3ef4e213e96c9512ce32845d54",
                    "9b4810c32025d62d86be53c259204eba"
                ],
                "Menus": [
                    "Happy Hour"
                ],
                "price": "Expensive",
                "terms": [
                    "coffee",
                    "cozy",
                    "tea",
                    "quiet",
                    "cocktails",
                    "lunch",
                    "dinner",
                    "good for special occasions",
                    "great value",
                    "good service",
                    "casual",
                    "wine"
                ],
                "Drinks": [
                    "Wine"
                ],
                "venueCat": [
                    "Lounge"
                ],
                "venueName": "Club Intercontinental",
                "preference": {
                    "cozy": 2,
                    "quiet": 1,
                    "good service": 1,
                    "good for special occasions": 2,
                    "show cocktail image to user": 1,
                    "get address and phone number": 3
                },
                "venueNeigh": "Downtown Core",
                "venueScore": "average",
                "venueDomain": "nightlife",
                "Credit Cards": "No",
                "Outdoor Seating": "No"
            }
        ],
        "cnv_cnt": 20,
        "user_setting": "You are at <b>Downtown Core</b>. Hope to do <b>shopping</b> for <b>buying shoes</b>. Later will have <b>dinner</b> with <b>girlfriend</b>. <b>**Use at least three turns of Question&Answers to find one venue!**</b>",
        "user_location": "Downtown Core"
    }
}