{
    "id": "4676",
    "dialogue": [
        {
            "turn idx": 0,
            "agent": {
                "transcript": "hi, how may i help you?",
                "img_gts": [],
                "dialog_act": {
                    "placeholder": "greet"
                }
            },
            "user": {
                "transcript": "hi, i am planning to get some fast food, can you recommend me a place?",
                "img_gts": [],
                "turn_label": {
                    "open span: place": "request",
                    "open span: fast food": "inform",
                    "placeholder": "greet"
                }
            },
            "bstate": {
                "open span: place": "request",
                "open span: fast food": "inform"
            }
        },
        {
            "turn idx": 1,
            "agent": {
                "transcript": "i see, where would you prefer to go?",
                "img_gts": [],
                "dialog_act": {
                    "venueneigh": "request"
                }
            },
            "user": {
                "transcript": "hm, i would prefer the central region.",
                "img_gts": [],
                "turn_label": {
                    "venueneigh: central region": "inform"
                }
            },
            "bstate": {
                "open span: fast food": "inform",
                "venueneigh: central region": "inform"
            }
        },
        {
            "turn idx": 2,
            "agent": {
                "transcript": "i see, what kind of fast food are you looking for?",
                "img_gts": [],
                "dialog_act": {
                    "open span: type": "inform",
                    "open span: fast food": "inform"
                }
            },
            "user": {
                "transcript": "i am planning to get some 4 fingers crispy chicken.",
                "img_gts": [],
                "turn_label": {
                    "open span: chicken": "inform"
                }
            },
            "bstate": {
                "open span: fast food": "inform",
                "venueneigh: central region": "inform",
                "open span: type": "inform",
                "open span: chicken": "inform"
            }
        },
        {
            "turn idx": 3,
            "agent": {
                "transcript": "i see, is there anything else you are looking for?",
                "img_gts": [],
                "dialog_act": {
                    "open span: anything else": "request"
                }
            },
            "user": {
                "transcript": "yes, i am also planning to get some bubble tea.",
                "img_gts": [],
                "turn_label": {
                    "open span: bubble tea": "inform"
                }
            },
            "bstate": {
                "open span: fast food": "inform",
                "venueneigh: central region": "inform",
                "open span: type": "inform",
                "open span: chicken": "inform",
                "open span: anything else": "request",
                "open span: bubble tea": "inform"
            }
        },
        {
            "turn idx": 4,
            "agent": {
                "transcript": "i see, i would recommend going to plaza singapura. it is a shopping mall in the central region.",
                "img_gts": [],
                "dialog_act": {
                    "venuename: plaza singapura": "recommend",
                    "venueneigh: central region": "inform",
                    "open span: mall": "inform"
                }
            },
            "user": {
                "transcript": "i see, can you give me some bubble tea suggestions?",
                "img_gts": [],
                "turn_label": {
                    "open span: bubble tea": "inform",
                    "open span: recommendation": "request"
                }
            },
            "bstate": {
                "open span: fast food": "inform",
                "open span: type": "inform",
                "open span: chicken": "inform",
                "open span: bubble tea": "inform",
                "venuename: plaza singapura": "recommend",
                "venueneigh: central region": "inform",
                "open span: mall": "inform",
                "open span: recommendation": "request"
            }
        },
        {
            "turn idx": 5,
            "agent": {
                "transcript": "sure, there are many bubble tea stores such as gong cha, liho, and koi. if you are in the mood for some brown sugar fresh milk, i would recommend going to xing fu tang, which is a taiwanese bubble tea brand as they make delicious brown sugar pearls!",
                "img_gts": [],
                "dialog_act": {
                    "venuename": "request",
                    "open span: bubble tea": "inform",
                    "open span: gong cha": "inform",
                    "open span: milk": "inform"
                }
            },
            "user": {
                "transcript": "i see, thanks for the recommendations! i am also planning to go sightseeing, can you give me a recommendation?",
                "img_gts": [],
                "turn_label": {
                    "open span: sightseeing": "inform",
                    "open span: recommendation": "request"
                }
            },
            "bstate": {
                "open span: fast food": "inform",
                "open span: type": "inform",
                "open span: chicken": "inform",
                "open span: bubble tea": "inform",
                "venueneigh: central region": "inform",
                "open span: mall": "inform",
                "venuename": "request",
                "open span: gong cha": "inform",
                "open span: milk": "inform",
                "open span: sightseeing": "inform"
            }
        },
        {
            "turn idx": 6,
            "agent": {
                "transcript": "i see, what do you enjoy looking at?",
                "img_gts": [],
                "dialog_act": {}
            },
            "user": {
                "transcript": "i enjoy learning about history.",
                "img_gts": [],
                "turn_label": {
                    "open span: history": "inform"
                }
            },
            "bstate": {
                "open span: fast food": "inform",
                "open span: type": "inform",
                "open span: chicken": "inform",
                "open span: bubble tea": "inform",
                "venueneigh: central region": "inform",
                "open span: mall": "inform",
                "venuename": "request",
                "open span: gong cha": "inform",
                "open span: milk": "inform",
                "open span: sightseeing": "inform",
                "open span: history": "inform"
            }
        },
        {
            "turn idx": 7,
            "agent": {
                "transcript": "okay, and where would you prefer oto go?",
                "img_gts": [],
                "dialog_act": {
                    "venueneigh": "request"
                }
            },
            "user": {
                "transcript": "i would also prefer to visit somewhere near the central region.",
                "img_gts": [],
                "turn_label": {
                    "venueneigh: central region": "inform"
                }
            },
            "bstate": {
                "open span: fast food": "inform",
                "open span: type": "inform",
                "open span: chicken": "inform",
                "open span: bubble tea": "inform",
                "open span: mall": "inform",
                "venuename": "request",
                "open span: gong cha": "inform",
                "open span: milk": "inform",
                "open span: sightseeing": "inform",
                "open span: history": "inform",
                "venueneigh: central region": "inform"
            }
        },
        {
            "turn idx": 8,
            "agent": {
                "transcript": "okay, do you have other preferences?",
                "img_gts": [],
                "dialog_act": {
                    "open span: preference": "request"
                }
            },
            "user": {
                "transcript": "yes, i enjoy looking at architecture.",
                "img_gts": [],
                "turn_label": {
                    "open span: architecture": "inform",
                    "venuename: plaza singapura": "confirm"
                }
            },
            "bstate": {
                "open span: fast food": "inform",
                "open span: type": "inform",
                "open span: chicken": "inform",
                "open span: bubble tea": "inform",
                "open span: mall": "inform",
                "open span: gong cha": "inform",
                "open span: milk": "inform",
                "open span: sightseeing": "inform",
                "open span: history": "inform",
                "venueneigh: central region": "inform",
                "open span: preference": "request",
                "open span: architecture": "inform",
                "venuename: plaza singapura": "confirm"
            }
        },
        {
            "turn idx": 9,
            "agent": {
                "transcript": "ok! i would recommend going to cavenagh bridge, it is located at the downtown core, which is near the central region.",
                "img_gts": [],
                "dialog_act": {
                    "venueneigh: downtown core": "inform",
                    "venueneigh: central region": "inform",
                    "venuename: cavenagh bridge": "recommend"
                }
            },
            "user": {
                "transcript": "i see, can you tell me more about its history?",
                "img_gts": [],
                "turn_label": {
                    "open span: history": "inform"
                }
            },
            "bstate": {
                "open span: fast food": "inform",
                "open span: type": "inform",
                "open span: chicken": "inform",
                "open span: bubble tea": "inform",
                "open span: mall": "inform",
                "open span: gong cha": "inform",
                "open span: milk": "inform",
                "open span: sightseeing": "inform",
                "open span: history": "inform",
                "open span: architecture": "inform",
                "venueneigh: central region": "inform",
                "venuename: cavenagh bridge": "recommend"
            }
        },
        {
            "turn idx": 10,
            "agent": {
                "transcript": "sure, cavenagh bridge was once known as edinburgh bridge and was built to commemorate the visit of the duke of edinburgh. however, its name was changed to cavenagh bridge to commemorate  major general orfeur cavenagh. it was built in 1867 and is the oldest bridge in singapore that has not been modified, and still exists in its original form,",
                "img_gts": [],
                "dialog_act": {
                    "venuename: cavenagh bridge": "recommend",
                    "open span: bridge": "inform",
                    "open span: original": "inform"
                }
            },
            "user": {
                "transcript": "okay thanks for the recommendation! it sounds interesting.",
                "img_gts": [],
                "turn_label": {
                    "venuename: cavenagh bridge": "confirm",
                    "open span: recommendation": "inform",
                    "open span: sound good": "inform",
                    "placeholder": "bye"
                }
            },
            "bstate": {
                "open span: fast food": "inform",
                "open span: type": "inform",
                "open span: chicken": "inform",
                "open span: bubble tea": "inform",
                "open span: mall": "inform",
                "open span: gong cha": "inform",
                "open span: milk": "inform",
                "open span: sightseeing": "inform",
                "open span: history": "inform",
                "open span: architecture": "inform",
                "venueneigh: central region": "inform",
                "open span: bridge": "inform",
                "open span: original": "inform",
                "venuename: cavenagh bridge": "confirm",
                "open span: recommendation": "inform",
                "open span: sound good": "inform"
            }
        },
        {
            "turn idx": 11,
            "agent": {
                "transcript": "no problem!",
                "img_gts": [],
                "dialog_act": {
                    "placeholder": "bye"
                }
            },
            "user": {
                "transcript": "",
                "img_gts": [],
                "turn_label": {}
            },
            "bstate": {
                "open span: fast food": "inform",
                "open span: type": "inform",
                "open span: chicken": "inform",
                "open span: bubble tea": "inform",
                "open span: mall": "inform",
                "open span: gong cha": "inform",
                "open span: milk": "inform",
                "open span: sightseeing": "inform",
                "open span: history": "inform",
                "open span: architecture": "inform",
                "venueneigh: central region": "inform",
                "open span: bridge": "inform",
                "open span: original": "inform",
                "venuename: cavenagh bridge": "confirm",
                "open span: recommendation": "inform",
                "open span: sound good": "inform"
            }
        }
    ],
    "user rating": 5,
    "user setting": "you are at <b>central region</b> <b>tired and hungry</b>. hope to eat some <b>fast food</b> such as in <b>4 fingers crispy chicken</b> and better with <b>bubble tea</b>. later still plan to visit <b>historic site</b>. <b>**use at least three turns of question&answers to find one venue!**</b>",
    "goal": {
        "id": 1611,
        "type": "multiple",
        "modality": "multiple",
        "content": [
            {
                "imgs": [
                    "0ff041da539ae907887d752ba5c53940",
                    "67cb3691608923855f0ab368e08df749",
                    "67cb3691608923855f0ab368e08df749"
                ],
                "Wi-Fi": "Yes",
                "terms": [
                    "daiso",
                    "bubble tea",
                    "Japanese food",
                    "movies",
                    "books",
                    "tea",
                    "food courts",
                    "shoes",
                    "green tea",
                    "breakfast food",
                    "casual",
                    "desserts",
                    "dinner",
                    "burgers",
                    "cute",
                    "lunch",
                    "cake",
                    "game room",
                    "gong cha",
                    "pizza"
                ],
                "stores": [
                    "2ft. Orthotics",
                    "4 Fingers Crispy Chicken",
                    "A.Lab",
                    "Absolute Comics",
                    "Acai Beach Club",
                    "Accentz",
                    "Aerosoles",
                    "AIBI",
                    "AKEMIUCHI",
                    "Akimitsu",
                    "ALIGN BRACES CLINIC",
                    "Apex Hub",
                    "Art Friend",
                    "Arteastiq",
                    "ASICS",
                    "ASTALIFT",
                    "Avenue Kids",
                    "Awfully Chocolate",
                    "Baby Spa by Hwa Xia International",
                    "Bally Photo Electronics",
                    "Bangkok Jam",
                    "BE De Bon",
                    "Berries",
                    "Big Mama",
                    "bloomB",
                    "bods.bodynits",
                    "BodyPerfect",
                    "Browtisan",
                    "Caesars",
                    "Cajun On Wheels",
                    "Chateau de Sable",
                    "CHIPPY - British Take Away",
                    "Chiropractic First",
                    "Choco Express",
                    "Citrusox",
                    "COLDWEAR",
                    "Contempo Music School",
                    "COTTON ON BODY",
                    "Cotton On Kids",
                    "Crystal Jade Kitchen",
                    "Dell Exclusive Store",
                    "Den Ajisen",
                    "DMK",
                    "Dr.Bags",
                    "each a CUP",
                    "Emicakes",
                    "Englander",
                    "ESPRIT",
                    "Family Lounge",
                    "Fash Mob",
                    "Fayth",
                    "Freeing SG",
                    "Ginza Calla",
                    "GOLDHEART BULLION",
                    "greendot",
                    "Gyoza-Ya",
                    "Hair Mechanics",
                    "hervelvetvase",
                    "Hoshino Coffee",
                    "Hot Tomato Express",
                    "Iroha Mart",
                    "Irvins Salted Egg",
                    "Isaac Toast",
                    "Ji De Chi",
                    "Jurlique",
                    "Kimage Prestige",
                    "KJ OPTOMETRISTS",
                    "Kyra",
                    "L'OCCITANE",
                    "LANEIGE",
                    "Limberg",
                    "LiNK",
                    "Lokkee",
                    "Manna Story",
                    "Milly's",
                    "Mister Minit",
                    "Mojito Redemption",
                    "Morozoff",
                    "Mothercare",
                    "Movie Replicas Collection",
                    "Musfirah Money Changer",
                    "My Greatest Child",
                    "N.Cat",
                    "Nam Nam Noodle Bar",
                    "Nanjing Impressions",
                    "Nature Collection",
                    "Nine Fresh Desserts Taiwan",
                    "NK Hairworks",
                    "NomadX",
                    "novita",
                    "Omazz",
                    "Ooh",
                    "ORIS",
                    "Otaku House",
                    "OUTDOOR LIFE",
                    "Patbingsoo",
                    "Pierre Cardin",
                    "PIXIE NAIL SPA",
                    "Pricebreaker",
                    "Rad Russel",
                    "RAY-BAN",
                    "Red Dot Photo",
                    "Refresh Day Spa",
                    "Rive Gauche Patisserie",
                    "Runway Bandits",
                    "Sama Curry",
                    "Samsonite",
                    "Samsung Service Centre",
                    "Secret Recipe",
                    "SEORAE",
                    "Serta",
                    "Simply Toys",
                    "Simply Wrapps",
                    "Skye Organic Hair Salon",
                    "Slappy Cakes",
                    "Sole Spirit",
                    "Southaven",
                    "Spotlight",
                    "SPUR",
                    "SST&C",
                    "Standard Chartered Bank",
                    "Stereo",
                    "Swarovski",
                    "T K FOTO",
                    "Teppei Syokudo",
                    "The Glamourous Factory",
                    "The Lapis Place",
                    "The Travel Store",
                    "Tim Ho Wan",
                    "Times",
                    "Timezone",
                    "Toy Closet",
                    "Toy Outpost",
                    "True Harmony",
                    "Tsukada Nojo",
                    "Typhoon Cafe",
                    "Urban Revivo",
                    "Victoria Face Lift",
                    "VillageSmith",
                    "VT Cosmetics",
                    "WellGrowth",
                    "X-Planet",
                    "Xndo",
                    "Yamaha",
                    "Zheng Herbal Tea"
                ],
                "venueCat": [
                    "Shopping Mall"
                ],
                "venueName": "Plaza Singapura",
                "preference": {
                    "movies": 1,
                    "gong cha": 1,
                    "bubble tea": 2,
                    "Shopping Mall": 1,
                    "Central Region": 2,
                    "4 Fingers Crispy Chicken": 2,
                    "ask for tips or suggestions or things to take note": 3
                },
                "venueNeigh": "Central Region",
                "venueScore": "average",
                "venueDomain": "mall",
                "Credit Cards": "Yes"
            },
            {
                "imgs": [
                    "80183d80558c786e7a6f405f672a97a9"
                ],
                "terms": [
                    "ice cream"
                ],
                "venueCat": [
                    "Bridge",
                    "Monument / Landmark",
                    "Historic Site"
                ],
                "venueName": "Cavenagh Bridge",
                "preference": {
                    "Bridge": 2,
                    "Historic Site": 1,
                    "search place by image": 2,
                    "get information about it": 3
                },
                "venueNeigh": "Downtown Core",
                "venueScore": "good",
                "venueDomain": "sightseeing"
            }
        ],
        "cnv_cnt": 20,
        "user_setting": "You are at <b>Central Region</b> <b>tired and hungry</b>. Hope to eat some <b>fast food</b> such as in <b>4 Fingers Crispy Chicken</b> and better with <b>bubble tea</b>. Later still plan to visit <b>Historic Site</b>. <b>**Use at least three turns of Question&Answers to find one venue!**</b>",
        "user_location": "Central Region"
    }
}