{
    "id": "4733",
    "dialogue": [
        {
            "turn idx": 0,
            "agent": {
                "transcript": "",
                "img_gts": [],
                "dialog_act": {}
            },
            "user": {
                "transcript": "hello, i'm looking for a brunch place that serves banana cake. do you have any suggestions?",
                "img_gts": [],
                "turn_label": {
                    "menus:  brunch": "inform",
                    "menus: brunch": "inform",
                    "open span: banana cake": "inform",
                    "placeholder": "greet"
                }
            },
            "bstate": {
                "menus: brunch": "inform",
                "open span: banana cake": "inform"
            }
        },
        {
            "turn idx": 1,
            "agent": {
                "transcript": "do you have any location preferences?",
                "img_gts": [],
                "dialog_act": {
                    "open span: preference": "request",
                    "open span: location": "request"
                }
            },
            "user": {
                "transcript": "i prefer near lim chu kang.",
                "img_gts": [],
                "turn_label": {
                    "venueneigh: lim chu kang": "inform"
                }
            },
            "bstate": {
                "menus: brunch": "inform",
                "open span: banana cake": "inform",
                "open span: preference": "request",
                "open span: location": "request",
                "venueneigh: lim chu kang": "inform"
            }
        },
        {
            "turn idx": 2,
            "agent": {
                "transcript": "you can go to poison ivy bistro.",
                "img_gts": [],
                "dialog_act": {
                    "venuename: poison ivy bistro": "recommend"
                }
            },
            "user": {
                "transcript": "ok sure. what's the address?",
                "img_gts": [],
                "turn_label": {
                    "venueaddress": "request",
                    "venuename: poison ivy bistro": "confirm"
                }
            },
            "bstate": {
                "menus: brunch": "inform",
                "open span: banana cake": "inform",
                "open span: location": "request",
                "venueneigh: lim chu kang": "inform",
                "venueaddress": "request",
                "venuename: poison ivy bistro": "confirm"
            }
        },
        {
            "turn idx": 3,
            "agent": {
                "transcript": "the address is bollywood veggies (100 neo tiew rd) 719026 singapore.",
                "img_gts": [],
                "dialog_act": {
                    "venueaddress: bollywood veggies (100 neo tiew rd) 719026 singapore": "inform"
                }
            },
            "user": {
                "transcript": "ok thanks. can you give any food suggestions for the place?",
                "img_gts": [],
                "turn_label": {
                    "open span: food": "request",
                    "open span: tip or suggestion": "request"
                }
            },
            "bstate": {
                "menus: brunch": "inform",
                "open span: banana cake": "inform",
                "open span: location": "request",
                "venueneigh: lim chu kang": "inform",
                "venuename: poison ivy bistro": "confirm",
                "venueaddress: bollywood veggies (100 neo tiew rd) 719026 singapore": "inform",
                "open span: food": "request",
                "open span: tip or suggestion": "request"
            }
        },
        {
            "turn idx": 4,
            "agent": {
                "transcript": "the moringa tempura and banana cake are highly recommended! do try them when you're there.",
                "img_gts": [],
                "dialog_act": {
                    "open span: banana cake": "inform",
                    "open span: moringa tempura": "inform"
                }
            },
            "user": {
                "transcript": "sure. thank you for recommending. i don't have any other things to ask.",
                "img_gts": [],
                "turn_label": {
                    "placeholder": "bye"
                }
            },
            "bstate": {
                "menus: brunch": "inform",
                "open span: banana cake": "inform",
                "open span: location": "request",
                "venueneigh: lim chu kang": "inform",
                "venuename: poison ivy bistro": "confirm",
                "venueaddress: bollywood veggies (100 neo tiew rd) 719026 singapore": "inform",
                "open span: food": "request",
                "open span: moringa tempura": "inform"
            }
        },
        {
            "turn idx": 5,
            "agent": {
                "transcript": "my pleasure. hope you have  a great meal there.",
                "img_gts": [],
                "dialog_act": {
                    "placeholder": "bye"
                }
            },
            "user": {
                "transcript": "",
                "img_gts": [],
                "turn_label": {}
            },
            "bstate": {
                "menus: brunch": "inform",
                "open span: banana cake": "inform",
                "open span: location": "request",
                "venueneigh: lim chu kang": "inform",
                "venuename: poison ivy bistro": "confirm",
                "venueaddress: bollywood veggies (100 neo tiew rd) 719026 singapore": "inform",
                "open span: food": "request",
                "open span: moringa tempura": "inform"
            }
        }
    ],
    "user rating": 5,
    "user setting": "you are seeking advice for <b>brunch food</b> place. <b>**use at least three turns of question&answers to find one venue!**</b>",
    "goal": {
        "id": 1619,
        "type": "single",
        "modality": "multiple",
        "content": [
            {
                "imgs": [
                    "33c35881dd73972f7e79cfeadaa15ddb"
                ],
                "Menus": [
                    "Breakfast",
                    "Brunch",
                    "Lunch"
                ],
                "price": "Moderate",
                "terms": [
                    "moringa tempura",
                    "healthy food",
                    "hidden gem",
                    "lunch",
                    "nasi lemak"
                ],
                "venueCat": [
                    "Asian Restaurant"
                ],
                "venueName": "Poison Ivy Bistro",
                "preference": {
                    "Brunch": 2,
                    "Banana cake": 1,
                    "Lim Chu Kang": 2,
                    "healthy food": 1,
                    "moringa tempura": 1,
                    "get address and ask for suggestions": 3
                },
                "venueNeigh": "Lim Chu Kang",
                "venueScore": "average",
                "venueDomain": "food",
                "Credit Cards": "No",
                "Reservations": "Yes",
                "Dining Options": [
                    "Delivery"
                ],
                "Outdoor Seating": "Yes"
            }
        ],
        "cnv_cnt": 20,
        "user_setting": "You are seeking advice for <b>Brunch food</b> place. <b>**Use at least three turns of Question&Answers to find one venue!**</b>",
        "user_location": "Lim Chu Kang"
    }
}