{
    "id": "4772",
    "dialogue": [
        {
            "turn idx": 0,
            "agent": {
                "transcript": "",
                "img_gts": [],
                "dialog_act": {}
            },
            "user": {
                "transcript": "hi, i am looking for a meditation place. can you help me?",
                "img_gts": [],
                "turn_label": {
                    "open span: meditation": "request",
                    "open span: place": "request",
                    "placeholder": "greet"
                }
            },
            "bstate": {
                "open span: meditation": "request",
                "open span: place": "request"
            }
        },
        {
            "turn idx": 1,
            "agent": {
                "transcript": "sure, do you have a preferred location?",
                "img_gts": [],
                "dialog_act": {
                    "venueneigh": "request",
                    "open span: preference": "request",
                    "open span: location": "request"
                }
            },
            "user": {
                "transcript": "i will like somewhere at kallang.",
                "img_gts": [],
                "turn_label": {
                    "venueneigh: kallang": "inform"
                }
            },
            "bstate": {
                "open span: meditation": "request",
                "open span: preference": "request",
                "open span: location": "request",
                "venueneigh: kallang": "inform"
            }
        },
        {
            "turn idx": 2,
            "agent": {
                "transcript": "what activity will you like to do?",
                "img_gts": [],
                "dialog_act": {
                    "open span: activity": "inform"
                }
            },
            "user": {
                "transcript": "i will like to do some yoga.",
                "img_gts": [],
                "turn_label": {
                    "open span: yoga": "inform"
                }
            },
            "bstate": {
                "open span: meditation": "request",
                "open span: location": "request",
                "venueneigh: kallang": "inform",
                "open span: activity": "inform",
                "open span: yoga": "inform"
            }
        },
        {
            "turn idx": 3,
            "agent": {
                "transcript": "i recommend you head to aperia shopping mall.",
                "img_gts": [],
                "dialog_act": {
                    "venuename: aperia": "recommend"
                }
            },
            "user": {
                "transcript": "where can i do yoga there?",
                "img_gts": [],
                "turn_label": {
                    "open span: yoga": "inform"
                }
            },
            "bstate": {
                "open span: meditation": "request",
                "open span: location": "request",
                "venueneigh: kallang": "inform",
                "open span: activity": "inform",
                "open span: yoga": "inform",
                "venuename: aperia": "recommend"
            }
        },
        {
            "turn idx": 4,
            "agent": {
                "transcript": "you can head to trium fitness found on l3. one studio has high ceiling with great views which is perfect for aerial yoga, and the other is a quiet meditative space.",
                "img_gts": [],
                "dialog_act": {
                    "open span: great view": "inform",
                    "open span: trium fitness": "inform"
                }
            },
            "user": {
                "transcript": "ok great. i will like to go swimming afterward, where should i go to?",
                "img_gts": [],
                "turn_label": {
                    "open span: swimming": "inform",
                    "venuename: aperia": "confirm"
                }
            },
            "bstate": {
                "open span: meditation": "request",
                "open span: location": "request",
                "venueneigh: kallang": "inform",
                "open span: activity": "inform",
                "open span: yoga": "inform",
                "open span: great view": "inform",
                "open span: trium fitness": "inform",
                "open span: swimming": "inform",
                "venuename: aperia": "confirm"
            }
        },
        {
            "turn idx": 5,
            "agent": {
                "transcript": "what location will you like?",
                "img_gts": [],
                "dialog_act": {
                    "venueneigh": "request"
                }
            },
            "user": {
                "transcript": "i will like the kallang location too.",
                "img_gts": [],
                "turn_label": {
                    "venueneigh: kallang": "inform"
                }
            },
            "bstate": {
                "open span: meditation": "request",
                "open span: location": "request",
                "open span: activity": "inform",
                "open span: yoga": "inform",
                "open span: great view": "inform",
                "open span: trium fitness": "inform",
                "open span: swimming": "inform",
                "venuename: aperia": "confirm",
                "venueneigh: kallang": "inform"
            }
        },
        {
            "turn idx": 6,
            "agent": {
                "transcript": "are you ok with a public swimming pool?",
                "img_gts": [],
                "dialog_act": {
                    "venuename": "request"
                }
            },
            "user": {
                "transcript": "yes that's fine.",
                "img_gts": [],
                "turn_label": {
                    "open span: yes": "inform"
                }
            },
            "bstate": {
                "open span: meditation": "request",
                "open span: location": "request",
                "open span: activity": "inform",
                "open span: yoga": "inform",
                "open span: great view": "inform",
                "open span: trium fitness": "inform",
                "open span: swimming": "inform",
                "venueneigh: kallang": "inform",
                "venuename": "request",
                "open span: yes": "inform"
            }
        },
        {
            "turn idx": 7,
            "agent": {
                "transcript": "i recommend jalan besar swimming complex.",
                "img_gts": [],
                "dialog_act": {
                    "venuename: jalan besar swimming complex": "recommend"
                }
            },
            "user": {
                "transcript": "do you have any tips?",
                "img_gts": [],
                "turn_label": {
                    "venuename: jalan besar swimming complex": "confirm",
                    "open span: tip or suggestion": "request"
                }
            },
            "bstate": {
                "open span: meditation": "request",
                "open span: location": "request",
                "open span: activity": "inform",
                "open span: yoga": "inform",
                "open span: great view": "inform",
                "open span: trium fitness": "inform",
                "open span: swimming": "inform",
                "venueneigh: kallang": "inform",
                "open span: yes": "inform",
                "venuename: jalan besar swimming complex": "confirm",
                "open span: tip or suggestion": "request"
            }
        },
        {
            "turn idx": 8,
            "agent": {
                "transcript": "do bring along your own food if you're going on a weekday as the shop only opens on weekends!",
                "img_gts": [],
                "dialog_act": {
                    "open span: weekday": "inform",
                    "open span: mall": "inform",
                    "open span: weekend": "inform",
                    "open span: food": "inform"
                }
            },
            "user": {
                "transcript": "i see ok! how does the swimming pool look like?",
                "img_gts": [],
                "turn_label": {
                    "venuename": "request"
                }
            },
            "bstate": {
                "open span: meditation": "request",
                "open span: location": "request",
                "open span: activity": "inform",
                "open span: yoga": "inform",
                "open span: great view": "inform",
                "open span: trium fitness": "inform",
                "open span: swimming": "inform",
                "venueneigh: kallang": "inform",
                "open span: yes": "inform",
                "open span: weekday": "inform",
                "open span: mall": "inform",
                "open span: weekend": "inform",
                "open span: food": "inform",
                "venuename": "request"
            }
        },
        {
            "turn idx": 9,
            "agent": {
                "transcript": "here are some pictures.",
                "img_gts": [
                    "swimming pool",
                    "swimming pool",
                    "swimming pool"
                ],
                "dialog_act": {
                    "open span: image": "inform",
                    "img_gts: swimming pool, swimming pool, swimming pool": "inform"
                }
            },
            "user": {
                "transcript": "ok! thank you for your help. that is all.",
                "img_gts": [],
                "turn_label": {
                    "placeholder": "bye"
                }
            },
            "bstate": {
                "open span: meditation": "request",
                "open span: location": "request",
                "open span: activity": "inform",
                "open span: yoga": "inform",
                "open span: great view": "inform",
                "open span: trium fitness": "inform",
                "open span: swimming": "inform",
                "venueneigh: kallang": "inform",
                "open span: yes": "inform",
                "open span: weekday": "inform",
                "open span: mall": "inform",
                "open span: weekend": "inform",
                "open span: food": "inform",
                "venuename": "request",
                "open span: image": "inform",
                "img_gts: swimming pool, swimming pool, swimming pool": "inform"
            }
        },
        {
            "turn idx": 10,
            "agent": {
                "transcript": "you're welcome, goodbye!",
                "img_gts": [],
                "dialog_act": {
                    "placeholder": "bye"
                }
            },
            "user": {
                "transcript": "",
                "img_gts": [],
                "turn_label": {}
            },
            "bstate": {
                "open span: meditation": "request",
                "open span: location": "request",
                "open span: activity": "inform",
                "open span: yoga": "inform",
                "open span: great view": "inform",
                "open span: trium fitness": "inform",
                "open span: swimming": "inform",
                "venueneigh: kallang": "inform",
                "open span: yes": "inform",
                "open span: weekday": "inform",
                "open span: mall": "inform",
                "open span: weekend": "inform",
                "open span: food": "inform",
                "venuename": "request",
                "open span: image": "inform",
                "img_gts: swimming pool, swimming pool, swimming pool": "inform"
            }
        }
    ],
    "user rating": 5,
    "user setting": "you are looking for a place for <b>meditation</b> in <b>kallang</b>. also, you plan to <b>swim</b> after that. <b>**use at least three turns of question&answers to find one venue!**</b>",
    "goal": {
        "id": 1616,
        "type": "multiple",
        "modality": "multiple",
        "content": [
            {
                "imgs": [],
                "terms": [
                    "meditation",
                    "scenic views",
                    "high ceilings",
                    "yoga",
                    "quiet"
                ],
                "stores": [
                    "25grams",
                    "Au Croissant",
                    "Carbon &",
                    "CIO - Fruit Enzyme Drink",
                    "Cold Storage",
                    "Daily Grind by Spinelli",
                    "Firstpointe",
                    "Grains & Greens",
                    "Ha Jun",
                    "In-Trim Hair & Beauty Concept",
                    "Jollibean",
                    "kcuts",
                    "Kopi & Tarts",
                    "Lee Tat Seng Polyethylene ",
                    "LiHO TEA",
                    "McDonald's",
                    "Mini Fashion Pot",
                    "Music Dreamer Live Caf",
                    "Nail That Look",
                    "Nature's Nutrition",
                    "OFun",
                    "One More",
                    "Ortus",
                    "POSB ATM",
                    "Prima Deli",
                    "Shine Korea",
                    "Singpost POP Station",
                    "Starbucks",
                    "The Pack",
                    "Tim Ho Wan",
                    "Warung Kampung",
                    "Wonder Juice",
                    "Ya Kun Kaya Toast",
                    "Zheng Neng Zhu La Mian",
                    "Cucina Italian",
                    "Dragon Bowl",
                    "F M Food Master",
                    "Grand jet izakaya",
                    "Little Little Thai Kitchen",
                    "Mayer",
                    "My Spice Affair",
                    "Nature Caf ",
                    "Quantum Medical Imaging",
                    "The Fitness Hub",
                    "Bodyworks Chiropractic",
                    "Boulder+",
                    "CTDI",
                    "Delta Dental Surgeon",
                    "Josiah Montessori",
                    "Online Trading Academy",
                    "Saizeriya",
                    "Stalford Academy",
                    "The Clinic at Aperia",
                    "Time Enterprise TCM",
                    "Trium Fitness"
                ],
                "venueCat": [
                    "Shopping Mall",
                    "Building"
                ],
                "venueName": "Aperia",
                "preference": {
                    "yoga": 1,
                    "Kallang": 2,
                    "LiHO TEA": 1,
                    "meditation": 2,
                    "Shopping Mall": 2,
                    "ask for tips or suggestions or things to take note": 3
                },
                "venueNeigh": "Kallang",
                "venueScore": "poor",
                "venueDomain": "mall"
            },
            {
                "imgs": [
                    "072e55ebcc1e773c0233be16d39f0a40",
                    "9f4424129ae289505636960bc0ae7918"
                ],
                "terms": [
                    "weekdays"
                ],
                "venueCat": [
                    "Pool"
                ],
                "venueName": "Jalan Besar Swimming Complex",
                "preference": {
                    "Kallang": 2,
                    "Swimming Pool": 2,
                    "ask for tips or suggestions": 3,
                    "show swimming pool image to user": 1
                },
                "venueNeigh": "Kallang",
                "venueScore": "average",
                "venueDomain": "sightseeing",
                "Credit Cards": "No"
            }
        ],
        "cnv_cnt": 20,
        "user_setting": "You are looking for a place for <b>meditation</b> in <b>Kallang</b>. Also, you plan to <b>swim</b> after that. <b>**Use at least three turns of Question&Answers to find one venue!**</b>",
        "user_location": "Kallang"
    }
}