{
    "id": "482",
    "dialogue": [
        {
            "turn idx": 0,
            "agent": {
                "transcript": "",
                "img_gts": [],
                "dialog_act": {}
            },
            "user": {
                "transcript": "ello, i am looking for an art museum which is good for a late night.",
                "img_gts": [],
                "turn_label": {
                    "open span: art museum": "inform",
                    "open span: good for a late night": "inform",
                    "placeholder": "greet"
                }
            },
            "bstate": {
                "open span: art museum": "inform",
                "open span: good for a late night": "inform"
            }
        },
        {
            "turn idx": 1,
            "agent": {
                "transcript": "how about the artscience museum? it is located within the integrated resort of marina bay sands in the downtown core of the central area in singapore.",
                "img_gts": [],
                "dialog_act": {
                    "venuename: artscience museum": "recommend",
                    "venueneigh: downtown core": "inform",
                    "open span: central": "inform"
                }
            },
            "user": {
                "transcript": "does it have scenic views? i'd like to see some pictures if you have any!",
                "img_gts": [],
                "turn_label": {
                    "open span: scenic view": "inform",
                    "open span: image": "request"
                }
            },
            "bstate": {
                "open span: art museum": "inform",
                "open span: good for a late night": "inform",
                "venuename: artscience museum": "recommend",
                "venueneigh: downtown core": "inform",
                "open span: central": "inform",
                "open span: scenic view": "inform",
                "open span: image": "request"
            }
        },
        {
            "turn idx": 2,
            "agent": {
                "transcript": "yes, it does! here are some pictures!",
                "img_gts": [
                    "pond",
                    "scenic view",
                    "building"
                ],
                "dialog_act": {
                    "open span: image": "inform",
                    "img_gts: pond, scenic view, building": "inform"
                }
            },
            "user": {
                "transcript": "looks great! can i have the address please?",
                "img_gts": [],
                "turn_label": {
                    "venueaddress": "request",
                    "venuename: artscience museum": "confirm"
                }
            },
            "bstate": {
                "open span: art museum": "inform",
                "open span: good for a late night": "inform",
                "venueneigh: downtown core": "inform",
                "open span: central": "inform",
                "open span: scenic view": "inform",
                "open span: image": "inform",
                "img_gts: pond, scenic view, building": "inform",
                "venueaddress": "request",
                "venuename: artscience museum": "confirm"
            }
        },
        {
            "turn idx": 3,
            "agent": {
                "transcript": "10 bayfront ave. (marina bay sands) 018956 singapore.",
                "img_gts": [],
                "dialog_act": {
                    "venueaddress: 10 bayfront ave. (marina bay sands) 018956 singapore": "inform"
                }
            },
            "user": {
                "transcript": "cheers for the information!",
                "img_gts": [],
                "turn_label": {
                    "placeholder": "bye"
                }
            },
            "bstate": {
                "open span: art museum": "inform",
                "open span: good for a late night": "inform",
                "venueneigh: downtown core": "inform",
                "open span: central": "inform",
                "open span: scenic view": "inform",
                "open span: image": "inform",
                "img_gts: pond, scenic view, building": "inform",
                "venuename: artscience museum": "confirm",
                "venueaddress: 10 bayfront ave. (marina bay sands) 018956 singapore": "inform"
            }
        }
    ],
    "user rating": 5,
    "user setting": "you are looking for an <b>art museum</b> that is <b>good for a late night</b>.",
    "goal": {
        "id": 1416,
        "type": "single",
        "modality": "multiple",
        "content": [
            {
                "imgs": [
                    "6ad0b2dde14ec1f4ffb71ed435662fa2",
                    "b147ab9fdb81b9863c363a038cca2901",
                    "c548b972c731424b94d869dd9d8fb21c"
                ],
                "Wi-Fi": "Yes",
                "terms": [
                    "scenic views",
                    "flowers",
                    "photography",
                    "jackets",
                    "museums",
                    "dinosaurs",
                    "tours",
                    "artifacts",
                    "good for a late night",
                    "wine",
                    "galleries",
                    "wifi",
                    "rooftop",
                    "arts",
                    "discounts",
                    "marinas",
                    "casual",
                    "architecture",
                    "exhibits",
                    "titanic"
                ],
                "venueCat": [
                    "Art Museum",
                    "Science Museum"
                ],
                "venueName": "ArtScience Museum",
                "preference": {
                    "Art Museum": 0,
                    "get address": 3,
                    "scenic views": 2,
                    "drag image to do search": 2
                },
                "venueNeigh": "Financial District",
                "venueScore": "good",
                "Credit Cards": "Yes"
            }
        ],
        "cnv_cnt": 20,
        "user_setting": "You are looking for an <b>Art Museum</b> that is <b>good for a late night</b>.",
        "user_location": "unknown"
    }
}