{
    "id": "4857",
    "dialogue": [
        {
            "turn idx": 0,
            "agent": {
                "transcript": "",
                "img_gts": [],
                "dialog_act": {}
            },
            "user": {
                "transcript": "hello!",
                "img_gts": [],
                "turn_label": {
                    "placeholder": "greet"
                }
            },
            "bstate": {}
        },
        {
            "turn idx": 1,
            "agent": {
                "transcript": "hello! how may i help you today?",
                "img_gts": [],
                "dialog_act": {}
            },
            "user": {
                "transcript": "i need some advices for brunch food and coffee place.",
                "img_gts": [],
                "turn_label": {
                    "open span: recommendation": "request",
                    "open span: coffee": "request",
                    "menus: brunch": "inform"
                }
            },
            "bstate": {
                "open span: recommendation": "request",
                "open span: coffee": "request",
                "menus: brunch": "inform"
            }
        },
        {
            "turn idx": 2,
            "agent": {
                "transcript": "sure. let's start with the brunch food first then. may i know do you have any preferences?",
                "img_gts": [],
                "dialog_act": {
                    "open span: preference": "request"
                }
            },
            "user": {
                "transcript": "i am currently in orchard road right now so i would like the places to be nearby the area.",
                "img_gts": [],
                "turn_label": {
                    "venueneigh: orchard road": "inform",
                    "open span: near": "inform"
                }
            },
            "bstate": {
                "open span: coffee": "request",
                "menus: brunch": "inform",
                "open span: preference": "request",
                "venueneigh: orchard road": "inform",
                "open span: near": "inform"
            }
        },
        {
            "turn idx": 3,
            "agent": {
                "transcript": "i see. okay, noted.",
                "img_gts": [],
                "dialog_act": {}
            },
            "user": {
                "transcript": "i have no preference for the brunch food wise.",
                "img_gts": [],
                "turn_label": {}
            },
            "bstate": {
                "open span: coffee": "request",
                "menus: brunch": "inform",
                "venueneigh: orchard road": "inform",
                "open span: near": "inform"
            }
        },
        {
            "turn idx": 4,
            "agent": {
                "transcript": "based on your location, i would strongly recommend 10 scotts. you can get the buffet.",
                "img_gts": [],
                "dialog_act": {
                    "venuename: 10 scotts": "recommend",
                    "open span: buffet": "inform"
                }
            },
            "user": {
                "transcript": "can i see how the buffet looks like?",
                "img_gts": [],
                "turn_label": {
                    "open span: buffet": "inform",
                    "venuename: 10 scotts": "confirm",
                    "open span: image": "request"
                }
            },
            "bstate": {
                "open span: coffee": "request",
                "menus: brunch": "inform",
                "venueneigh: orchard road": "inform",
                "open span: near": "inform",
                "open span: buffet": "inform",
                "venuename: 10 scotts": "confirm",
                "open span: image": "request"
            }
        },
        {
            "turn idx": 5,
            "agent": {
                "transcript": "sure, here you go!",
                "img_gts": [
                    "cake/dessert",
                    "food table"
                ],
                "dialog_act": {
                    "open span: image": "inform",
                    "img_gts: cake/dessert, food table": "inform"
                }
            },
            "user": {
                "transcript": "may i have the address of the place?",
                "img_gts": [],
                "turn_label": {
                    "venueaddress": "request"
                }
            },
            "bstate": {
                "open span: coffee": "request",
                "menus: brunch": "inform",
                "venueneigh: orchard road": "inform",
                "open span: near": "inform",
                "open span: buffet": "inform",
                "venuename: 10 scotts": "confirm",
                "open span: image": "inform",
                "img_gts: cake/dessert, food table": "inform",
                "venueaddress": "request"
            }
        },
        {
            "turn idx": 6,
            "agent": {
                "transcript": "the address is grand hyatt singapore (10 scotts rd) 228211 singapore.",
                "img_gts": [],
                "dialog_act": {
                    "venuename": "request",
                    "venueaddress: grand hyatt singapore (10 scotts rd) 228211 singapore": "inform"
                }
            },
            "user": {
                "transcript": "okay, got it. moving on to the coffee place then.",
                "img_gts": [],
                "turn_label": {
                    "open span: coffee": "inform"
                }
            },
            "bstate": {
                "open span: coffee": "inform",
                "menus: brunch": "inform",
                "venueneigh: orchard road": "inform",
                "open span: near": "inform",
                "open span: buffet": "inform",
                "open span: image": "inform",
                "img_gts: cake/dessert, food table": "inform",
                "venuename": "request",
                "venueaddress: grand hyatt singapore (10 scotts rd) 228211 singapore": "inform"
            }
        },
        {
            "turn idx": 7,
            "agent": {
                "transcript": "may i know what kind of coffee place you prefer? can be coffee shop, cafe and etc...",
                "img_gts": [],
                "dialog_act": {
                    "open span: type": "request",
                    "open span: coffee": "request",
                    "open span: preference": "request",
                    "open span: coffee mall": "inform"
                }
            },
            "user": {
                "transcript": "i prefer a coffee shop that is of cheap price, good venue score and accept credit cards.",
                "img_gts": [],
                "turn_label": {
                    "price: cheap": "inform",
                    "credit cards: yes": "inform",
                    "open span: coffee mall": "inform",
                    "venuescore: good": "inform"
                }
            },
            "bstate": {
                "open span: coffee": "inform",
                "menus: brunch": "inform",
                "venueneigh: orchard road": "inform",
                "open span: near": "inform",
                "open span: buffet": "inform",
                "open span: image": "inform",
                "img_gts: cake/dessert, food table": "inform",
                "venuename": "request",
                "venueaddress: grand hyatt singapore (10 scotts rd) 228211 singapore": "inform",
                "open span: type": "request",
                "open span: preference": "request",
                "open span: coffee mall": "inform",
                "price: cheap": "inform",
                "credit cards: yes": "inform",
                "venuescore: good": "inform"
            }
        },
        {
            "turn idx": 8,
            "agent": {
                "transcript": "i would highly recommend nespresso boutique!",
                "img_gts": [],
                "dialog_act": {
                    "venuename: nespresso boutique": "recommend"
                }
            },
            "user": {
                "transcript": "can you suggest or recommend me a coffee?",
                "img_gts": [],
                "turn_label": {
                    "open span: coffee": "inform",
                    "open span: tip or suggestion": "request"
                }
            },
            "bstate": {
                "open span: coffee": "inform",
                "menus: brunch": "inform",
                "venueneigh: orchard road": "inform",
                "open span: near": "inform",
                "open span: buffet": "inform",
                "open span: image": "inform",
                "img_gts: cake/dessert, food table": "inform",
                "venueaddress: grand hyatt singapore (10 scotts rd) 228211 singapore": "inform",
                "open span: coffee mall": "inform",
                "price: cheap": "inform",
                "credit cards: yes": "inform",
                "venuescore: good": "inform",
                "venuename: nespresso boutique": "recommend",
                "open span: tip or suggestion": "request"
            }
        },
        {
            "turn idx": 9,
            "agent": {
                "transcript": "i would recommend this.",
                "img_gts": [
                    "coffee",
                    "coffee",
                    "cake/dessert"
                ],
                "dialog_act": {
                    "open span: image": "inform",
                    "img_gts: coffee, coffee, cake/dessert": "inform"
                }
            },
            "user": {
                "transcript": "i see. may i know what is the address of this place?",
                "img_gts": [],
                "turn_label": {
                    "venueaddress": "request"
                }
            },
            "bstate": {
                "open span: coffee": "inform",
                "menus: brunch": "inform",
                "venueneigh: orchard road": "inform",
                "open span: near": "inform",
                "open span: buffet": "inform",
                "open span: image": "inform",
                "open span: coffee mall": "inform",
                "price: cheap": "inform",
                "credit cards: yes": "inform",
                "venuescore: good": "inform",
                "venuename: nespresso boutique": "recommend",
                "img_gts: coffee, coffee, cake/dessert": "inform",
                "venueaddress": "request"
            }
        },
        {
            "turn idx": 10,
            "agent": {
                "transcript": "the address is takashimaya s.c. (391 orchard road) 238872 singapore.",
                "img_gts": [],
                "dialog_act": {
                    "venueneigh: orchard road": "inform",
                    "venuename": "request",
                    "venueaddress: takashimaya s.c. (391 orchard road) 238872 singapore": "inform"
                }
            },
            "user": {
                "transcript": "cool then, i will go there for coffee.",
                "img_gts": [],
                "turn_label": {
                    "venuename: nespresso boutique": "confirm"
                }
            },
            "bstate": {
                "open span: coffee": "inform",
                "menus: brunch": "inform",
                "open span: near": "inform",
                "open span: buffet": "inform",
                "open span: image": "inform",
                "open span: coffee mall": "inform",
                "price: cheap": "inform",
                "credit cards: yes": "inform",
                "venuescore: good": "inform",
                "img_gts: coffee, coffee, cake/dessert": "inform",
                "venueneigh: orchard road": "inform",
                "venueaddress: takashimaya s.c. (391 orchard road) 238872 singapore": "inform",
                "venuename: nespresso boutique": "confirm"
            }
        },
        {
            "turn idx": 11,
            "agent": {
                "transcript": "do you still need any help? do feel free to ask more!",
                "img_gts": [],
                "dialog_act": {}
            },
            "user": {
                "transcript": "no need and thanks!",
                "img_gts": [],
                "turn_label": {
                    "placeholder": "bye"
                }
            },
            "bstate": {
                "open span: coffee": "inform",
                "menus: brunch": "inform",
                "open span: near": "inform",
                "open span: buffet": "inform",
                "open span: image": "inform",
                "open span: coffee mall": "inform",
                "price: cheap": "inform",
                "credit cards: yes": "inform",
                "venuescore: good": "inform",
                "img_gts: coffee, coffee, cake/dessert": "inform",
                "venueneigh: orchard road": "inform",
                "venueaddress: takashimaya s.c. (391 orchard road) 238872 singapore": "inform",
                "venuename: nespresso boutique": "confirm"
            }
        },
        {
            "turn idx": 12,
            "agent": {
                "transcript": "no problem then. have a nice day ahead!",
                "img_gts": [],
                "dialog_act": {
                    "placeholder": "bye"
                }
            },
            "user": {
                "transcript": "",
                "img_gts": [],
                "turn_label": {}
            },
            "bstate": {
                "open span: coffee": "inform",
                "menus: brunch": "inform",
                "open span: near": "inform",
                "open span: buffet": "inform",
                "open span: image": "inform",
                "open span: coffee mall": "inform",
                "price: cheap": "inform",
                "credit cards: yes": "inform",
                "venuescore: good": "inform",
                "img_gts: coffee, coffee, cake/dessert": "inform",
                "venueneigh: orchard road": "inform",
                "venueaddress: takashimaya s.c. (391 orchard road) 238872 singapore": "inform",
                "venuename: nespresso boutique": "confirm"
            }
        }
    ],
    "user rating": 5,
    "user setting": "you are staying in <b>orchard road</b>, seeking advice for <b>brunch food</b> and <b>coffee</b> place. <b>**use at least three turns of question&answers to find one venue!**</b>",
    "goal": {
        "id": 1624,
        "type": "multiple",
        "modality": "multiple",
        "content": [
            {
                "imgs": [
                    "29207bc986dbca485fb3a63a15ceaf31",
                    "50f85dc07281bb52b06dff77428eea94"
                ],
                "Menus": [
                    "Happy Hour"
                ],
                "Wi-Fi": "Yes",
                "price": "Moderate",
                "terms": [
                    "cheese",
                    "coffee",
                    "beef",
                    "hash",
                    "cozy",
                    "high tea",
                    "snacks",
                    "brunch food",
                    "salmon",
                    "quiet",
                    "buffet",
                    "ice cream",
                    "happy hour",
                    "mango",
                    "fancy",
                    "curry puffs",
                    "champagne",
                    "cold cuts",
                    "good for groups",
                    "bottomless drinks"
                ],
                "Drinks": [
                    "Wine",
                    "Full Bar"
                ],
                "venueCat": [
                    "Tea Room",
                    "Lounge",
                    "Restaurant"
                ],
                "venueName": "10 Scotts",
                "preference": {
                    "brunch food": 2,
                    "get address": 3,
                    "Orchard Road": 2,
                    "buffet image to user": 2
                },
                "venueNeigh": "Orchard Road",
                "venueScore": "average",
                "venueDomain": "food",
                "Credit Cards": "Yes",
                "Reservations": "Yes",
                "Dining Options": [
                    "No Delivery"
                ],
                "Outdoor Seating": "No"
            },
            {
                "imgs": [
                    "c9eafc6c324d6104600b32a6f3376668",
                    "8b0495ca4221dc14d5e0eb9e1cc34249",
                    "d889071c9abd3f325b492e0ef7a3e6a2"
                ],
                "price": "Cheap",
                "terms": [],
                "venueCat": [
                    "Coffee Shop",
                    "Gourmet Shop",
                    "Caf\u00e9"
                ],
                "venueName": "Nespresso Boutique",
                "preference": {
                    "Cheap price": 2,
                    "Coffee Shop": 2,
                    "good venue score": 2,
                    "accept Credit Cards": 1,
                    "recommend coffee by image": 1,
                    "get address and ask for suggestions": 3
                },
                "venueNeigh": "Orchard Road",
                "venueScore": "good",
                "venueDomain": "food",
                "Credit Cards": "Yes"
            }
        ],
        "cnv_cnt": 20,
        "user_setting": "You are staying in <b>Orchard Road</b>, seeking advice for <b>brunch food</b> and <b>coffee</b> place. <b>**Use at least three turns of Question&Answers to find one venue!**</b>",
        "user_location": "Orchard Road"
    }
}