{
    "id": "4861",
    "dialogue": [
        {
            "turn idx": 0,
            "agent": {
                "transcript": "",
                "img_gts": [],
                "dialog_act": {}
            },
            "user": {
                "transcript": "hi, do you have any recommendations for an eatery in orchard road that has buffet?",
                "img_gts": [],
                "turn_label": {
                    "venueneigh: orchard road": "inform",
                    "open span: buffet": "inform",
                    "open span: place to eat": "request",
                    "open span: recommendation": "request",
                    "placeholder": "greet"
                }
            },
            "bstate": {
                "venueneigh: orchard road": "inform",
                "open span: buffet": "inform",
                "open span: place to eat": "request",
                "open span: recommendation": "request"
            }
        },
        {
            "turn idx": 1,
            "agent": {
                "transcript": "what type of cuisine would you prefer?",
                "img_gts": [],
                "dialog_act": {
                    "open span: type": "request",
                    "open span: cuisine": "request",
                    "open span: preference": "request"
                }
            },
            "user": {
                "transcript": "i would like to get brunch food.",
                "img_gts": [],
                "turn_label": {
                    "menus: brunch": "inform"
                }
            },
            "bstate": {
                "venueneigh: orchard road": "inform",
                "open span: buffet": "inform",
                "open span: type": "request",
                "open span: cuisine": "request",
                "open span: preference": "request",
                "menus: brunch": "inform"
            }
        },
        {
            "turn idx": 2,
            "agent": {
                "transcript": "10 scotts is worth a visit! this is a picture of their food.",
                "img_gts": [
                    "food table"
                ],
                "dialog_act": {
                    "venuename: 10 scotts": "recommend",
                    "open span: image": "inform",
                    "open span: food": "inform",
                    "img_gts: food table": "inform"
                }
            },
            "user": {
                "transcript": "the food looks great. where's the shop at?",
                "img_gts": [],
                "turn_label": {
                    "venuename: 10 scotts": "confirm",
                    "venueaddress": "request"
                }
            },
            "bstate": {
                "venueneigh: orchard road": "inform",
                "open span: buffet": "inform",
                "open span: cuisine": "request",
                "menus: brunch": "inform",
                "open span: image": "inform",
                "open span: food": "inform",
                "img_gts: food table": "inform",
                "venuename: 10 scotts": "confirm",
                "venueaddress": "request"
            }
        },
        {
            "turn idx": 3,
            "agent": {
                "transcript": "it is located at grand hyatt singapore (10 scotts rd) 228211 singapore.",
                "img_gts": [],
                "dialog_act": {
                    "venuename": "request",
                    "venueaddress: grand hyatt singapore (10 scotts rd) 228211 singapore": "inform"
                }
            },
            "user": {
                "transcript": "thanks. is there a good coffee shop nearby that has a cheap price?",
                "img_gts": [],
                "turn_label": {
                    "price: cheap": "inform",
                    "open span: coffee mall": "inform"
                }
            },
            "bstate": {
                "venueneigh: orchard road": "inform",
                "open span: buffet": "inform",
                "open span: cuisine": "request",
                "menus: brunch": "inform",
                "open span: image": "inform",
                "open span: food": "inform",
                "img_gts: food table": "inform",
                "venuename": "request",
                "venueaddress: grand hyatt singapore (10 scotts rd) 228211 singapore": "inform",
                "price: cheap": "inform",
                "open span: coffee mall": "inform"
            }
        },
        {
            "turn idx": 4,
            "agent": {
                "transcript": "do you have any other preferences for the type of venue?",
                "img_gts": [],
                "dialog_act": {
                    "open span: type": "request",
                    "open span: preference": "request"
                }
            },
            "user": {
                "transcript": "i prefer somewhere with a good venue score.",
                "img_gts": [],
                "turn_label": {
                    "venuescore: good": "inform"
                }
            },
            "bstate": {
                "venueneigh: orchard road": "inform",
                "open span: buffet": "inform",
                "open span: cuisine": "request",
                "menus: brunch": "inform",
                "open span: image": "inform",
                "open span: food": "inform",
                "img_gts: food table": "inform",
                "venuename": "request",
                "venueaddress: grand hyatt singapore (10 scotts rd) 228211 singapore": "inform",
                "price: cheap": "inform",
                "open span: coffee mall": "inform",
                "open span: type": "request",
                "open span: preference": "request",
                "venuescore: good": "inform"
            }
        },
        {
            "turn idx": 5,
            "agent": {
                "transcript": "you can visit nespresso boutique.",
                "img_gts": [],
                "dialog_act": {
                    "venuename: nespresso boutique": "recommend"
                }
            },
            "user": {
                "transcript": "ok sure. where's this place?",
                "img_gts": [],
                "turn_label": {
                    "venuename: nespresso boutique": "confirm",
                    "venueaddress": "request"
                }
            },
            "bstate": {
                "venueneigh: orchard road": "inform",
                "open span: buffet": "inform",
                "open span: cuisine": "request",
                "menus: brunch": "inform",
                "open span: image": "inform",
                "open span: food": "inform",
                "img_gts: food table": "inform",
                "price: cheap": "inform",
                "open span: coffee mall": "inform",
                "venuescore: good": "inform",
                "venuename: nespresso boutique": "confirm",
                "venueaddress": "request"
            }
        },
        {
            "turn idx": 6,
            "agent": {
                "transcript": "the shop is at takashimaya s.c. (391 orchard road) 238872 singapore.",
                "img_gts": [],
                "dialog_act": {
                    "venueneigh: orchard road": "inform",
                    "venuename": "request",
                    "venueaddress: takashimaya s.c. (391 orchard road) 238872 singapore": "inform"
                }
            },
            "user": {
                "transcript": "can you suggest what is good there?",
                "img_gts": [],
                "turn_label": {
                    "open span: tip or suggestion": "request"
                }
            },
            "bstate": {
                "open span: buffet": "inform",
                "open span: cuisine": "request",
                "menus: brunch": "inform",
                "open span: image": "inform",
                "open span: food": "inform",
                "img_gts: food table": "inform",
                "price: cheap": "inform",
                "open span: coffee mall": "inform",
                "venuescore: good": "inform",
                "venueneigh: orchard road": "inform",
                "venuename": "request",
                "venueaddress: takashimaya s.c. (391 orchard road) 238872 singapore": "inform",
                "open span: tip or suggestion": "request"
            }
        },
        {
            "turn idx": 7,
            "agent": {
                "transcript": "the collection of drinks is great and do feel free to approach their friendly staff if you need any assistance! this is a picture of the coffee.",
                "img_gts": [
                    "coffee"
                ],
                "dialog_act": {
                    "open span: image": "inform",
                    "open span: coffee": "inform",
                    "open span: friendly staff": "inform",
                    "img_gts: coffee": "inform"
                }
            },
            "user": {
                "transcript": "that looks good. thanks! that's all that i want to ask about.",
                "img_gts": [],
                "turn_label": {
                    "placeholder": "bye"
                }
            },
            "bstate": {
                "open span: buffet": "inform",
                "open span: cuisine": "request",
                "menus: brunch": "inform",
                "open span: image": "inform",
                "open span: food": "inform",
                "price: cheap": "inform",
                "open span: coffee mall": "inform",
                "venuescore: good": "inform",
                "venueneigh: orchard road": "inform",
                "venuename": "request",
                "venueaddress: takashimaya s.c. (391 orchard road) 238872 singapore": "inform",
                "open span: coffee": "inform",
                "open span: friendly staff": "inform",
                "img_gts: coffee": "inform"
            }
        }
    ],
    "user rating": 5,
    "user setting": "you are staying in <b>orchard road</b>, seeking advice for <b>brunch food</b> and <b>coffee</b> place. <b>**use at least three turns of question&answers to find one venue!**</b>",
    "goal": {
        "id": 1624,
        "type": "multiple",
        "modality": "multiple",
        "content": [
            {
                "imgs": [
                    "29207bc986dbca485fb3a63a15ceaf31",
                    "50f85dc07281bb52b06dff77428eea94"
                ],
                "Menus": [
                    "Happy Hour"
                ],
                "Wi-Fi": "Yes",
                "price": "Moderate",
                "terms": [
                    "cheese",
                    "coffee",
                    "beef",
                    "hash",
                    "cozy",
                    "high tea",
                    "snacks",
                    "brunch food",
                    "salmon",
                    "quiet",
                    "buffet",
                    "ice cream",
                    "happy hour",
                    "mango",
                    "fancy",
                    "curry puffs",
                    "champagne",
                    "cold cuts",
                    "good for groups",
                    "bottomless drinks"
                ],
                "Drinks": [
                    "Wine",
                    "Full Bar"
                ],
                "venueCat": [
                    "Tea Room",
                    "Lounge",
                    "Restaurant"
                ],
                "venueName": "10 Scotts",
                "preference": {
                    "brunch food": 2,
                    "get address": 3,
                    "Orchard Road": 2,
                    "buffet image to user": 2
                },
                "venueNeigh": "Orchard Road",
                "venueScore": "average",
                "venueDomain": "food",
                "Credit Cards": "Yes",
                "Reservations": "Yes",
                "Dining Options": [
                    "No Delivery"
                ],
                "Outdoor Seating": "No"
            },
            {
                "imgs": [
                    "c9eafc6c324d6104600b32a6f3376668",
                    "8b0495ca4221dc14d5e0eb9e1cc34249",
                    "d889071c9abd3f325b492e0ef7a3e6a2"
                ],
                "price": "Cheap",
                "terms": [],
                "venueCat": [
                    "Coffee Shop",
                    "Gourmet Shop",
                    "Caf\u00e9"
                ],
                "venueName": "Nespresso Boutique",
                "preference": {
                    "Cheap price": 2,
                    "Coffee Shop": 2,
                    "good venue score": 2,
                    "accept Credit Cards": 1,
                    "recommend coffee by image": 1,
                    "get address and ask for suggestions": 3
                },
                "venueNeigh": "Orchard Road",
                "venueScore": "good",
                "venueDomain": "food",
                "Credit Cards": "Yes"
            }
        ],
        "cnv_cnt": 20,
        "user_setting": "You are staying in <b>Orchard Road</b>, seeking advice for <b>brunch food</b> and <b>coffee</b> place. <b>**Use at least three turns of Question&Answers to find one venue!**</b>",
        "user_location": "Orchard Road"
    }
}