{
    "id": "4898",
    "dialogue": [
        {
            "turn idx": 0,
            "agent": {
                "transcript": "",
                "img_gts": [],
                "dialog_act": {}
            },
            "user": {
                "transcript": "hi, do you have any recommendations for a modern european restaurant?",
                "img_gts": [],
                "turn_label": {
                    "open span: modern european restaurant": "inform",
                    "open span: recommendation": "request",
                    "placeholder": "greet"
                }
            },
            "bstate": {
                "open span: modern european restaurant": "inform",
                "open span: recommendation": "request"
            }
        },
        {
            "turn idx": 1,
            "agent": {
                "transcript": "what would you like to have at the restaurant?",
                "img_gts": [],
                "dialog_act": {
                    "open span: preference": "request"
                }
            },
            "user": {
                "transcript": "i would like to have brunch food.",
                "img_gts": [],
                "turn_label": {
                    "menus: brunch": "inform"
                }
            },
            "bstate": {
                "open span: modern european restaurant": "inform",
                "open span: preference": "request",
                "menus: brunch": "inform"
            }
        },
        {
            "turn idx": 2,
            "agent": {
                "transcript": "you can go to youngs bar & restaurant.",
                "img_gts": [],
                "dialog_act": {
                    "venuename: youngs bar & restaurant": "recommend"
                }
            },
            "user": {
                "transcript": "sure. can i have the address?",
                "img_gts": [],
                "turn_label": {
                    "venueaddress": "request",
                    "venuename: youngs bar & restaurant": "confirm"
                }
            },
            "bstate": {
                "open span: modern european restaurant": "inform",
                "menus: brunch": "inform",
                "venueaddress": "request",
                "venuename: youngs bar & restaurant": "confirm"
            }
        },
        {
            "turn idx": 3,
            "agent": {
                "transcript": "the address is 3 hyde park gate, the oval @ seletar aerospace park 799531 singapore.",
                "img_gts": [],
                "dialog_act": {
                    "venueaddress: 3 hyde park gate, the oval @ seletar aerospace park 799531 singapore": "inform",
                    "venueneigh: seletar": "inform"
                }
            },
            "user": {
                "transcript": "can you check for me if they take reservations?",
                "img_gts": [],
                "turn_label": {
                    "reservations": "request"
                }
            },
            "bstate": {
                "open span: modern european restaurant": "inform",
                "menus: brunch": "inform",
                "venuename: youngs bar & restaurant": "confirm",
                "venueaddress: 3 hyde park gate, the oval @ seletar aerospace park 799531 singapore": "inform",
                "venueneigh: seletar": "inform",
                "reservations": "request"
            }
        },
        {
            "turn idx": 4,
            "agent": {
                "transcript": "yes, they take reservations.",
                "img_gts": [],
                "dialog_act": {
                    "reservations": "request",
                    "open span: yes": "inform",
                    "reservations: yes": "inform"
                }
            },
            "user": {
                "transcript": "great. can you suggest another restaurant that has brunch menus?",
                "img_gts": [],
                "turn_label": {
                    "open span: another restaurant": "request",
                    "open span: tip or suggestion": "request",
                    "menus: brunch": "inform"
                }
            },
            "bstate": {
                "open span: modern european restaurant": "inform",
                "menus: brunch": "inform",
                "venuename: youngs bar & restaurant": "confirm",
                "venueaddress: 3 hyde park gate, the oval @ seletar aerospace park 799531 singapore": "inform",
                "venueneigh: seletar": "inform",
                "open span: yes": "inform",
                "reservations: yes": "inform",
                "open span: another restaurant": "request",
                "open span: tip or suggestion": "request"
            }
        },
        {
            "turn idx": 5,
            "agent": {
                "transcript": "is there a particular dish that you would like to get?",
                "img_gts": [],
                "dialog_act": {
                    "open span: particular food": "inform"
                }
            },
            "user": {
                "transcript": "i want to have char siu.",
                "img_gts": [],
                "turn_label": {
                    "open span: char siu": "inform"
                }
            },
            "bstate": {
                "open span: modern european restaurant": "inform",
                "menus: brunch": "inform",
                "venuename: youngs bar & restaurant": "confirm",
                "venueaddress: 3 hyde park gate, the oval @ seletar aerospace park 799531 singapore": "inform",
                "venueneigh: seletar": "inform",
                "open span: yes": "inform",
                "reservations: yes": "inform",
                "open span: another restaurant": "request",
                "open span: particular food": "inform",
                "open span: char siu": "inform"
            }
        },
        {
            "turn idx": 6,
            "agent": {
                "transcript": "you can check out cherry garden.",
                "img_gts": [],
                "dialog_act": {
                    "venuename: cherry garden": "recommend"
                }
            },
            "user": {
                "transcript": "ok, sure. can i have the address and phone number?",
                "img_gts": [],
                "turn_label": {
                    "venueaddress": "request",
                    "telephone": "request",
                    "venuename: cherry garden": "confirm"
                }
            },
            "bstate": {
                "open span: modern european restaurant": "inform",
                "menus: brunch": "inform",
                "venueneigh: seletar": "inform",
                "open span: yes": "inform",
                "reservations: yes": "inform",
                "open span: another restaurant": "request",
                "open span: particular food": "inform",
                "open span: char siu": "inform",
                "venueaddress": "request",
                "telephone": "request",
                "venuename: cherry garden": "confirm"
            }
        },
        {
            "turn idx": 7,
            "agent": {
                "transcript": "the address is 5 raffles avenue (mandarin oriental, singapore) 039797 singapore. the phone number is +65 6885 3500.",
                "img_gts": [],
                "dialog_act": {
                    "venueaddress: 5 raffles avenue (mandarin oriental, singapore) 039797 singapore": "inform",
                    "venuename": "request",
                    "telephone: +65 6885 3500": "inform"
                }
            },
            "user": {
                "transcript": "noted. thank you. i don't have any other questions.",
                "img_gts": [],
                "turn_label": {
                    "placeholder": "bye"
                }
            },
            "bstate": {
                "open span: modern european restaurant": "inform",
                "menus: brunch": "inform",
                "venueneigh: seletar": "inform",
                "open span: yes": "inform",
                "reservations: yes": "inform",
                "open span: another restaurant": "request",
                "open span: particular food": "inform",
                "open span: char siu": "inform",
                "venueaddress: 5 raffles avenue (mandarin oriental, singapore) 039797 singapore": "inform",
                "venuename": "request",
                "telephone: +65 68853500": "inform"
            }
        },
        {
            "turn idx": 8,
            "agent": {
                "transcript": "you're welcome.",
                "img_gts": [],
                "dialog_act": {
                    "placeholder": "bye"
                }
            },
            "user": {
                "transcript": "",
                "img_gts": [],
                "turn_label": {}
            },
            "bstate": {
                "open span: modern european restaurant": "inform",
                "menus: brunch": "inform",
                "venueneigh: seletar": "inform",
                "open span: yes": "inform",
                "reservations: yes": "inform",
                "open span: another restaurant": "request",
                "open span: particular food": "inform",
                "open span: char siu": "inform",
                "venueaddress: 5 raffles avenue (mandarin oriental, singapore) 039797 singapore": "inform",
                "venuename": "request",
                "telephone: +65 68853500": "inform"
            }
        }
    ],
    "user rating": 5,
    "user setting": "you are finding <b>restaurants</b> for <b>brunch food</b>. <b>**use at least three turns of question&answers to find one venue!**</b>",
    "goal": {
        "id": 1631,
        "type": "multiple",
        "modality": "multiple",
        "content": [
            {
                "imgs": [
                    "34d3d17a037abcb3a56d5770c841d443",
                    "41ed4c3ba7a5eeadb2a14e9c29625bb7"
                ],
                "Menus": [
                    "Brunch",
                    "Lunch",
                    "Dinner"
                ],
                "terms": [
                    "chicken",
                    "brunch food",
                    "lemon",
                    "beer",
                    "pizza"
                ],
                "Drinks": [
                    "Beer"
                ],
                "venueCat": [
                    "Modern European Restaurant"
                ],
                "venueName": "YOUNGS Bar & Restaurant",
                "preference": {
                    "brunch food": 2,
                    "recommend pizza by image": 1,
                    "Modern European Restaurant": 2,
                    "get address and check reservation": 3
                },
                "venueNeigh": "Seletar",
                "venueScore": "average",
                "venueDomain": "food"
            },
            {
                "imgs": [
                    "446d8281dc90657138363f516f27da95",
                    "9963f109b85d5b2b648cd8a5fd8c4c4d",
                    "d8d86fbe525619060e2aa1ad2e86cacd"
                ],
                "Menus": [
                    "Brunch",
                    "Lunch",
                    "Dinner"
                ],
                "Wi-Fi": "Paid",
                "price": "Moderate",
                "terms": [
                    "vegetarian food",
                    "cozy",
                    "good for dates",
                    "dim sum",
                    "char siu",
                    "sticky rice",
                    "espresso",
                    "dinner",
                    "buffet",
                    "comfortable",
                    "dumplings",
                    "buns",
                    "fancy",
                    "lunch",
                    "duck",
                    "trendy",
                    "kurobuta",
                    "authentic",
                    "lychee",
                    "staff"
                ],
                "venueCat": [
                    "Dim Sum Restaurant",
                    "Chinese Restaurant"
                ],
                "venueName": "Cherry Garden",
                "preference": {
                    "char siu": 1,
                    "comfortable": 1,
                    "Brunch Menus": 2,
                    "dim sum by image": 2,
                    "take reservation": 1,
                    "get address and phone number for reservation": 3
                },
                "venueNeigh": "Downtown Core",
                "venueScore": "average",
                "venueDomain": "food",
                "Credit Cards": "Yes",
                "Reservations": "Yes",
                "Dining Options": [
                    "No Delivery"
                ],
                "Outdoor Seating": "No"
            }
        ],
        "cnv_cnt": 20,
        "user_setting": "You are finding <b>restaurants</b> for <b>brunch food</b>. <b>**Use at least three turns of Question&Answers to find one venue!**</b>",
        "user_location": "unknown"
    }
}