{
    "id": "4949",
    "dialogue": [
        {
            "turn idx": 0,
            "agent": {
                "transcript": "",
                "img_gts": [],
                "dialog_act": {}
            },
            "user": {
                "transcript": "hi, i am looking for a food court for lunch. could you help me find one?",
                "img_gts": [],
                "turn_label": {
                    "placeholder": "greet",
                    "menus: lunch": "inform"
                }
            },
            "bstate": {
                "menus: lunch": "inform"
            }
        },
        {
            "turn idx": 1,
            "agent": {
                "transcript": "sure, what kind of place are you looking for?",
                "img_gts": [],
                "dialog_act": {
                    "venueneigh": "request"
                }
            },
            "user": {
                "transcript": "i am hoping to go to one in the jalan bukit merah area. i would like to get have some char siu like in this picture or some carrot cake.",
                "img_gts": [
                    "rice with meat"
                ],
                "turn_label": {
                    "venueneigh": "inform",
                    "open span: image": "inform",
                    "open span: carrot cake": "inform",
                    "img_gts: rice with meat": "inform"
                }
            },
            "bstate": {
                "menus: lunch": "inform",
                "open span: image": "inform",
                "open span: carrot cake": "inform",
                "img_gts: rice with meat": "inform"
            }
        },
        {
            "turn idx": 2,
            "agent": {
                "transcript": "is there anything else you would like?",
                "img_gts": [],
                "dialog_act": {
                    "open span: anything else": "request"
                }
            },
            "user": {
                "transcript": "i would also like to get some dessert like in this picture.",
                "img_gts": [
                    "ice kacang/baobing/shaved ice"
                ],
                "turn_label": {
                    "open span: dessert": "inform",
                    "open span: image": "inform",
                    "img_gts: ice kacang/baobing/shaved ice": "inform"
                }
            },
            "bstate": {
                "menus: lunch": "inform",
                "open span: image": "inform",
                "open span: carrot cake": "inform",
                "open span: anything else": "request",
                "open span: dessert": "inform",
                "img_gts: ice kacang/baobing/shaved ice": "inform"
            }
        },
        {
            "turn idx": 3,
            "agent": {
                "transcript": "you can try going to abc brickworks market & food centre.",
                "img_gts": [],
                "dialog_act": {
                    "venuename: abc brickworks market & food centre": "recommend"
                }
            },
            "user": {
                "transcript": "do you have any recommendations for where to go to get the food i listed?",
                "img_gts": [],
                "turn_label": {
                    "open span: recommendation": "request",
                    "open span: food": "inform"
                }
            },
            "bstate": {
                "menus: lunch": "inform",
                "open span: image": "inform",
                "open span: carrot cake": "inform",
                "open span: dessert": "inform",
                "img_gts: ice kacang/baobing/shaved ice": "inform",
                "venuename: abc brickworks market & food centre": "recommend",
                "open span: recommendation": "request",
                "open span: food": "inform"
            }
        },
        {
            "turn idx": 4,
            "agent": {
                "transcript": "there are stalls for each of them like the char siu stall, carrot cake stall and dessert stall that you can visit.",
                "img_gts": [],
                "dialog_act": {
                    "open span: carrot cake stall": "inform"
                }
            },
            "user": {
                "transcript": "okay, great!",
                "img_gts": [],
                "turn_label": {
                    "venuename: abc brickworks market & food centre": "confirm"
                }
            },
            "bstate": {
                "menus: lunch": "inform",
                "open span: image": "inform",
                "open span: carrot cake": "inform",
                "open span: dessert": "inform",
                "img_gts: ice kacang/baobing/shaved ice": "inform",
                "open span: food": "inform",
                "open span: carrot cake stall": "inform",
                "venuename: abc brickworks market & food centre": "confirm"
            }
        },
        {
            "turn idx": 5,
            "agent": {
                "transcript": "is there anything else i can help with?",
                "img_gts": [],
                "dialog_act": {
                    "open span: anything else": "request"
                }
            },
            "user": {
                "transcript": "no, thank you!",
                "img_gts": [],
                "turn_label": {
                    "open span: no": "others",
                    "placeholder": "bye"
                }
            },
            "bstate": {
                "menus: lunch": "inform",
                "open span: image": "inform",
                "open span: carrot cake": "inform",
                "open span: dessert": "inform",
                "img_gts: ice kacang/baobing/shaved ice": "inform",
                "open span: food": "inform",
                "open span: carrot cake stall": "inform",
                "venuename: abc brickworks market & food centre": "confirm",
                "open span: anything else": "request",
                "open span: no": "others"
            }
        }
    ],
    "user rating": 5,
    "user setting": "you are seeking information about a <b>food court</b> for <b>lunch</b>. <b>**use at least three turns of question&answers to find one venue!**</b>",
    "goal": {
        "id": 1620,
        "type": "single",
        "modality": "multiple",
        "content": [
            {
                "imgs": [
                    "59afe3de350b842e4ab3c82c60252107",
                    "32c6e6b3c40a0f26cc024263908efbe5",
                    "c448c563730a04369807305a45e4866d",
                    "50e32d9e3e2c20399aedca7cf0942d02"
                ],
                "terms": [
                    "fatty cheong",
                    "carrot cake",
                    "rice",
                    "lunch",
                    "char siu",
                    "naan",
                    "gardens",
                    "dinner",
                    "breakfast food",
                    "desserts",
                    "prawn mee",
                    "satay",
                    "lively",
                    "good for a quick meal",
                    "great value",
                    "tea",
                    "noodles",
                    "authentic",
                    "casual",
                    "wow west"
                ],
                "venueCat": [
                    "Food Court",
                    "Market",
                    "Asian Restaurant"
                ],
                "venueName": "ABC Brickworks Market & Food Centre",
                "preference": {
                    "Food Court": 2,
                    "suggest dessert stall": 1,
                    "Jalan Bukit Merah area": 2,
                    "suggest char siu stall": 2,
                    "suggest carrot cake stall": 2,
                    "suggest bak chor mee stall": 1,
                    "ask for recommendations for each food candidates": 3
                },
                "venueNeigh": "Central Region",
                "venueScore": "average",
                "venueDomain": "food",
                "Credit Cards": "No",
                "Reservations": "No"
            }
        ],
        "cnv_cnt": 20,
        "user_setting": "You are seeking information about a <b>Food Court</b> for <b>lunch</b>. <b>**Use at least three turns of Question&Answers to find one venue!**</b>",
        "user_location": "unknown"
    }
}