{
    "id": "4953",
    "dialogue": [
        {
            "turn idx": 0,
            "agent": {
                "transcript": "",
                "img_gts": [],
                "dialog_act": {}
            },
            "user": {
                "transcript": "hi, i am looking for a place to stay, can you help me?",
                "img_gts": [],
                "turn_label": {
                    "open span: place to stay": "request",
                    "placeholder": "greet"
                }
            },
            "bstate": {
                "open span: place to stay": "request"
            }
        },
        {
            "turn idx": 1,
            "agent": {
                "transcript": "sure, what kind of place are you looking for?",
                "img_gts": [],
                "dialog_act": {
                    "open span: place": "inform",
                    "open span: type": "request"
                }
            },
            "user": {
                "transcript": "i am looking for a hotel as i am here for a short business trip.",
                "img_gts": [],
                "turn_label": {
                    "open span: hotel": "inform",
                    "open span: business trip": "inform"
                }
            },
            "bstate": {
                "open span: place": "inform",
                "open span: type": "request",
                "open span: hotel": "inform",
                "open span: business trip": "inform"
            }
        },
        {
            "turn idx": 2,
            "agent": {
                "transcript": "do you have a prefered location?",
                "img_gts": [],
                "dialog_act": {
                    "venueneigh": "request",
                    "open span: location": "inform"
                }
            },
            "user": {
                "transcript": "i will like to stay in orchard road.",
                "img_gts": [],
                "turn_label": {
                    "venueneigh: orchard road": "inform"
                }
            },
            "bstate": {
                "open span: place": "inform",
                "open span: hotel": "inform",
                "open span: business trip": "inform",
                "open span: location": "inform",
                "venueneigh: orchard road": "inform"
            }
        },
        {
            "turn idx": 3,
            "agent": {
                "transcript": "i recommend raffles hotel! it is a historic site  and a hotel with rich history. they have clean rooms.",
                "img_gts": [
                    "hotel bathroom",
                    "hotel bathroom",
                    "museum"
                ],
                "dialog_act": {
                    "venuename: raffles hotel": "recommend",
                    "open span: hotel": "inform",
                    "open span: historic site": "inform",
                    "open span: clean": "inform",
                    "open span: image": "inform",
                    "open span: room": "inform",
                    "img_gts: hotel bathroom, hotel bathroom, museum": "inform"
                }
            },
            "user": {
                "transcript": "what do you suggest i do there?",
                "img_gts": [],
                "turn_label": {
                    "open span: tip or suggestion": "inform"
                }
            },
            "bstate": {
                "open span: place": "inform",
                "open span: hotel": "inform",
                "open span: business trip": "inform",
                "open span: location": "inform",
                "venueneigh: orchard road": "inform",
                "venuename: raffles hotel": "recommend",
                "open span: historic site": "inform",
                "open span: clean": "inform",
                "open span: image": "inform",
                "open span: room": "inform",
                "img_gts: hotel bathroom, hotel bathroom, museum": "inform",
                "open span: tip or suggestion": "inform"
            }
        },
        {
            "turn idx": 4,
            "agent": {
                "transcript": "you can head to the bar to try the original singapore sling!",
                "img_gts": [],
                "dialog_act": {
                    "venueaddress": "request",
                    "open span: bar": "inform",
                    "open span: original singapore sling": "inform"
                }
            },
            "user": {
                "transcript": "ok! can i check the venue score?",
                "img_gts": [],
                "turn_label": {
                    "venuescore": "request",
                    "venuename: raffles hotel": "confirm"
                }
            },
            "bstate": {
                "open span: place": "inform",
                "open span: hotel": "inform",
                "open span: business trip": "inform",
                "open span: location": "inform",
                "venueneigh: orchard road": "inform",
                "open span: historic site": "inform",
                "open span: clean": "inform",
                "open span: image": "inform",
                "open span: room": "inform",
                "img_gts: hotel bathroom, hotel bathroom, museum": "inform",
                "open span: tip or suggestion": "inform",
                "venueaddress": "request",
                "open span: bar": "inform",
                "open span: original singapore sling": "inform",
                "venuescore": "request",
                "venuename: raffles hotel": "confirm"
            }
        },
        {
            "turn idx": 5,
            "agent": {
                "transcript": "they have a good venue score.",
                "img_gts": [],
                "dialog_act": {
                    "venuescore:good": "inform"
                }
            },
            "user": {
                "transcript": "great. i will like to go for breakfast too, can you recommend a place?",
                "img_gts": [],
                "turn_label": {
                    "menus:breakfast": "request",
                    "open span: recommendation": "request",
                    "open span: place": "inform"
                }
            },
            "bstate": {
                "open span: place": "inform",
                "open span: hotel": "inform",
                "open span: business trip": "inform",
                "open span: location": "inform",
                "venueneigh: orchard road": "inform",
                "open span: historic site": "inform",
                "open span: clean": "inform",
                "open span: image": "inform",
                "open span: room": "inform",
                "img_gts: hotel bathroom, hotel bathroom, museum": "inform",
                "open span: tip or suggestion": "inform",
                "venueaddress": "request",
                "open span: bar": "inform",
                "open span: original singapore sling": "inform",
                "venuename: raffles hotel": "confirm",
                "venuescore: good": "inform",
                "menus: breakfast": "request",
                "open span: recommendation": "request"
            }
        },
        {
            "turn idx": 6,
            "agent": {
                "transcript": "what will you like to have for breakfast?",
                "img_gts": [],
                "dialog_act": {
                    "menus:breakfast": "request"
                }
            },
            "user": {
                "transcript": "i will like to try some local food.",
                "img_gts": [],
                "turn_label": {
                    "open span: local food": "inform"
                }
            },
            "bstate": {
                "open span: place": "inform",
                "open span: hotel": "inform",
                "open span: business trip": "inform",
                "open span: location": "inform",
                "venueneigh: orchard road": "inform",
                "open span: historic site": "inform",
                "open span: clean": "inform",
                "open span: image": "inform",
                "open span: room": "inform",
                "img_gts: hotel bathroom, hotel bathroom, museum": "inform",
                "open span: tip or suggestion": "inform",
                "venueaddress": "request",
                "open span: bar": "inform",
                "open span: original singapore sling": "inform",
                "venuename: raffles hotel": "confirm",
                "venuescore: good": "inform",
                "menus: breakfast": "request",
                "open span: local food": "inform"
            }
        },
        {
            "turn idx": 7,
            "agent": {
                "transcript": "do you have a preferred location?",
                "img_gts": [],
                "dialog_act": {
                    "open span: location": "inform"
                }
            },
            "user": {
                "transcript": "i will like orchard road too.",
                "img_gts": [],
                "turn_label": {
                    "venueneigh: orchard road": "inform"
                }
            },
            "bstate": {
                "open span: place": "inform",
                "open span: hotel": "inform",
                "open span: business trip": "inform",
                "open span: location": "inform",
                "open span: historic site": "inform",
                "open span: clean": "inform",
                "open span: image": "inform",
                "open span: room": "inform",
                "img_gts: hotel bathroom, hotel bathroom, museum": "inform",
                "open span: tip or suggestion": "inform",
                "venueaddress": "request",
                "open span: bar": "inform",
                "open span: original singapore sling": "inform",
                "venuename: raffles hotel": "confirm",
                "venuescore: good": "inform",
                "menus: breakfast": "request",
                "open span: local food": "inform",
                "venueneigh: orchard road": "inform"
            }
        },
        {
            "turn idx": 8,
            "agent": {
                "transcript": "i recommend killiney kopitiam. it is a breakfast spot and good for a quick meal.",
                "img_gts": [],
                "dialog_act": {
                    "menus: breakfast": "inform",
                    "open span: spot": "inform",
                    "venuename: killiney kopitiam": "recommend",
                    "open span: good for a quick meal": "inform"
                }
            },
            "user": {
                "transcript": "what do you recommend i order?",
                "img_gts": [],
                "turn_label": {
                    "open span: recommendation": "inform"
                }
            },
            "bstate": {
                "open span: place": "inform",
                "open span: hotel": "inform",
                "open span: business trip": "inform",
                "open span: location": "inform",
                "open span: historic site": "inform",
                "open span: clean": "inform",
                "open span: image": "inform",
                "open span: room": "inform",
                "img_gts: hotel bathroom, hotel bathroom, museum": "inform",
                "open span: tip or suggestion": "inform",
                "venueaddress": "request",
                "open span: bar": "inform",
                "open span: original singapore sling": "inform",
                "venuescore: good": "inform",
                "menus: breakfast": "inform",
                "open span: local food": "inform",
                "venueneigh: orchard road": "inform",
                "open span: spot": "inform",
                "venuename: killiney kopitiam": "recommend",
                "open span: good for a quick meal": "inform",
                "open span: recommendation": "inform"
            }
        },
        {
            "turn idx": 9,
            "agent": {
                "transcript": "i recommend the toast set with soft boiled eggs, mee siam, and laksa. here are some food references.",
                "img_gts": [
                    "coffee",
                    "noodle",
                    "curry"
                ],
                "dialog_act": {
                    "open span: mee siam": "inform",
                    "open span: laksa": "inform",
                    "open span: image": "inform",
                    "open span: toast": "inform",
                    "open span: soft boil egg": "inform",
                    "open span: food": "inform",
                    "img_gts: coffee, noodle, curry": "inform"
                }
            },
            "user": {
                "transcript": "looks yummy!can i get the address?",
                "img_gts": [],
                "turn_label": {
                    "venueaddress": "request",
                    "open span: yummy": "inform",
                    "venuename: killiney kopitiam": "confirm"
                }
            },
            "bstate": {
                "open span: place": "inform",
                "open span: hotel": "inform",
                "open span: business trip": "inform",
                "open span: location": "inform",
                "open span: historic site": "inform",
                "open span: clean": "inform",
                "open span: image": "inform",
                "open span: room": "inform",
                "open span: tip or suggestion": "inform",
                "open span: bar": "inform",
                "open span: original singapore sling": "inform",
                "venuescore: good": "inform",
                "menus: breakfast": "inform",
                "open span: local food": "inform",
                "venueneigh: orchard road": "inform",
                "open span: spot": "inform",
                "open span: good for a quick meal": "inform",
                "open span: recommendation": "inform",
                "open span: mee siam": "inform",
                "open span: laksa": "inform",
                "open span: toast": "inform",
                "open span: soft boil egg": "inform",
                "open span: food": "inform",
                "img_gts: coffee, noodle, curry": "inform",
                "venueaddress": "request",
                "open span: yummy": "inform",
                "venuename: killiney kopitiam": "confirm"
            }
        },
        {
            "turn idx": 10,
            "agent": {
                "transcript": "the address is 67 killiney rd 239525 singapore.",
                "img_gts": [],
                "dialog_act": {
                    "venueaddress: 67 killiney rd 239525 singapore": "inform"
                }
            },
            "user": {
                "transcript": "ok! great thanks! that is all.",
                "img_gts": [],
                "turn_label": {
                    "placeholder": "bye"
                }
            },
            "bstate": {
                "open span: place": "inform",
                "open span: hotel": "inform",
                "open span: business trip": "inform",
                "open span: location": "inform",
                "open span: historic site": "inform",
                "open span: clean": "inform",
                "open span: image": "inform",
                "open span: room": "inform",
                "open span: tip or suggestion": "inform",
                "open span: bar": "inform",
                "open span: original singapore sling": "inform",
                "venuescore: good": "inform",
                "menus: breakfast": "inform",
                "open span: local food": "inform",
                "venueneigh: orchard road": "inform",
                "open span: spot": "inform",
                "open span: good for a quick meal": "inform",
                "open span: recommendation": "inform",
                "open span: mee siam": "inform",
                "open span: laksa": "inform",
                "open span: toast": "inform",
                "open span: soft boil egg": "inform",
                "open span: food": "inform",
                "img_gts: coffee, noodle, curry": "inform",
                "open span: yummy": "inform",
                "venuename: killiney kopitiam": "confirm",
                "venueaddress: 67 killiney rd 239525 singapore": "inform"
            }
        },
        {
            "turn idx": 11,
            "agent": {
                "transcript": "you're welcome, goodbye!",
                "img_gts": [],
                "dialog_act": {
                    "placeholder": "bye"
                }
            },
            "user": {
                "transcript": "",
                "img_gts": [],
                "turn_label": {}
            },
            "bstate": {
                "open span: place": "inform",
                "open span: hotel": "inform",
                "open span: business trip": "inform",
                "open span: location": "inform",
                "open span: historic site": "inform",
                "open span: clean": "inform",
                "open span: image": "inform",
                "open span: room": "inform",
                "open span: tip or suggestion": "inform",
                "open span: bar": "inform",
                "open span: original singapore sling": "inform",
                "venuescore: good": "inform",
                "menus: breakfast": "inform",
                "open span: local food": "inform",
                "venueneigh: orchard road": "inform",
                "open span: spot": "inform",
                "open span: good for a quick meal": "inform",
                "open span: recommendation": "inform",
                "open span: mee siam": "inform",
                "open span: laksa": "inform",
                "open span: toast": "inform",
                "open span: soft boil egg": "inform",
                "open span: food": "inform",
                "img_gts: coffee, noodle, curry": "inform",
                "open span: yummy": "inform",
                "venuename: killiney kopitiam": "confirm",
                "venueaddress: 67 killiney rd 239525 singapore": "inform"
            }
        }
    ],
    "user rating": 5,
    "user setting": "you plan to stay in <b>orchard road</b> for <b>business trip</b>. thus seeking advice for <b>hotel</b> choice. you also look for a <b>breakfast spot</b>. <b>**use at least three turns of question&answers to find one venue!**</b>",
    "goal": {
        "id": 1633,
        "type": "multiple",
        "modality": "multiple",
        "content": [
            {
                "imgs": [
                    "e046f8ea97dce9f52ffc40bf28c0827b",
                    "f3c54fb3c6496905fc24b7b1e1e3b3ba",
                    "b1e69e9aa201a0121c9617b483dfa0d7"
                ],
                "terms": [
                    "Indian food",
                    "fancy",
                    "brunch food",
                    "alcohol",
                    "baked potatoes",
                    "tea",
                    "hotel",
                    "original singapore sling",
                    "gin",
                    "buffet",
                    "breakfast food",
                    "cocktails",
                    "dinner",
                    "steak",
                    "architecture",
                    "caf\u00e9",
                    "stylish",
                    "champagne",
                    "gardens",
                    "sandwiches"
                ],
                "venueCat": [
                    "Hotel",
                    "Historic Site",
                    "Monument / Landmark"
                ],
                "venueName": "Raffles Hotel",
                "preference": {
                    "hotel": 2,
                    "Orchard Road": 2,
                    "Historic Site": 1,
                    "show room picture": 1,
                    "original singapore sling": 1,
                    "show entry image for guidance": 1,
                    "check venue score and ask for suggestions": 3
                },
                "venueNeigh": "Downtown Core",
                "venueScore": "good",
                "venueDomain": "hotel",
                "Credit Cards": "Yes"
            },
            {
                "imgs": [
                    "88f090714b4374bd97ab037aa33a47d1",
                    "6d93f5afc494f3c2ba36009b5dd6a0cc",
                    "e24cd942000f59f1695a7b2d4eb00c9c",
                    "672f1bb0aa612038cd287bb491d9180f",
                    "57c6d72e9876baaba46295deaee69f8f"
                ],
                "Menus": [
                    "Breakfast",
                    "Brunch"
                ],
                "Wi-Fi": "No",
                "price": "Cheap",
                "terms": [
                    "toast",
                    "chicken curry",
                    "coffee",
                    "prata",
                    "tea",
                    "good for working",
                    "grass jelly",
                    "breakfast food",
                    "roti",
                    "lunch",
                    "Mee Siam",
                    "lively",
                    "good for a quick meal",
                    "nasi lemak",
                    "crowded",
                    "laksa",
                    "rice",
                    "beach",
                    "casual",
                    "soft boiled eggs"
                ],
                "venueCat": [
                    "Coffee Shop",
                    "Breakfast Spot",
                    "Caf\u00e9"
                ],
                "venueName": "Killiney Kopitiam",
                "preference": {
                    "get address": 3,
                    "Breakfast Spot": 2,
                    "laksa by image": 1,
                    "Mee Siam by image": 1,
                    "toast set by image": 2,
                    "good for a quick meal": 2,
                    "soft boiled eggs by image": 1
                },
                "venueNeigh": "Orchard Road",
                "venueScore": "average",
                "venueDomain": "food",
                "Credit Cards": "No",
                "Dining Options": [
                    "No Delivery"
                ],
                "Outdoor Seating": "Yes"
            }
        ],
        "cnv_cnt": 16,
        "user_setting": "You plan to stay in <b>Orchard Road</b> for <b>business trip</b>. Thus seeking advice for <b>hotel</b> choice. You also look for a <b>Breakfast Spot</b>. <b>**Use at least three turns of Question&Answers to find one venue!**</b>",
        "user_location": "unknown"
    }
}