{
    "id": "504",
    "dialogue": [
        {
            "turn idx": 0,
            "agent": {
                "transcript": "",
                "img_gts": [],
                "dialog_act": {}
            },
            "user": {
                "transcript": "do you know this place? what is the location?",
                "img_gts": [
                    "building"
                ],
                "turn_label": {
                    "open span: image": "inform",
                    "open span: location": "inform",
                    "placeholder": "greet",
                    "img_gts: building": "inform"
                }
            },
            "bstate": {
                "open span: image": "inform",
                "open span: location": "inform",
                "img_gts: building": "inform"
            }
        },
        {
            "turn idx": 1,
            "agent": {
                "transcript": "i think it is the artscience museum. it is is a museum located within the integrated resort of marina bay sands in the downtown core. the exact address is 10 bayfront ave 018956.",
                "img_gts": [],
                "dialog_act": {
                    "venuename: artscience museum": "recommend",
                    "open span: museum": "inform",
                    "venueneigh: downtown core": "inform",
                    "venueaddress: 10 bayfront ave 018956": "inform"
                }
            },
            "user": {
                "transcript": "got it. can you show me some pictures of it?",
                "img_gts": [],
                "turn_label": {
                    "open span: image": "request"
                }
            },
            "bstate": {
                "open span: location": "inform",
                "img_gts: building": "inform",
                "venuename: artscience museum": "recommend",
                "open span: museum": "inform",
                "venueneigh: downtown core": "inform",
                "venueaddress: 10 bayfront ave 018956": "inform"
            }
        },
        {
            "turn idx": 2,
            "agent": {
                "transcript": "sure, it has scenic views around.",
                "img_gts": [
                    "building",
                    "building"
                ],
                "dialog_act": {
                    "open span: scenic view": "inform",
                    "open span: image": "inform",
                    "img_gts: building, building": "inform"
                }
            },
            "user": {
                "transcript": "nice! thank you.",
                "img_gts": [],
                "turn_label": {
                    "venuename: artscience museum": "confirm",
                    "placeholder": "bye"
                }
            },
            "bstate": {
                "open span: location": "inform",
                "open span: museum": "inform",
                "venueneigh: downtown core": "inform",
                "venueaddress: 10 bayfront ave 018956": "inform",
                "open span: scenic view": "inform",
                "open span: image": "inform",
                "img_gts: building, building": "inform",
                "venuename: artscience museum": "confirm"
            }
        },
        {
            "turn idx": 3,
            "agent": {
                "transcript": "you are welcome.",
                "img_gts": [],
                "dialog_act": {
                    "placeholder": "bye"
                }
            },
            "user": {
                "transcript": "",
                "img_gts": [],
                "turn_label": {}
            },
            "bstate": {
                "open span: location": "inform",
                "open span: museum": "inform",
                "venueneigh: downtown core": "inform",
                "venueaddress: 10 bayfront ave 018956": "inform",
                "open span: scenic view": "inform",
                "open span: image": "inform",
                "img_gts: building, building": "inform",
                "venuename: artscience museum": "confirm"
            }
        }
    ],
    "user rating": 5,
    "user setting": "you are looking for an <b>art museum</b> that is <b>good for a late night</b>.",
    "goal": {
        "id": 1416,
        "type": "single",
        "modality": "multiple",
        "content": [
            {
                "imgs": [
                    "6ad0b2dde14ec1f4ffb71ed435662fa2",
                    "b147ab9fdb81b9863c363a038cca2901",
                    "c548b972c731424b94d869dd9d8fb21c"
                ],
                "Wi-Fi": "Yes",
                "terms": [
                    "scenic views",
                    "flowers",
                    "photography",
                    "jackets",
                    "museums",
                    "dinosaurs",
                    "tours",
                    "artifacts",
                    "good for a late night",
                    "wine",
                    "galleries",
                    "wifi",
                    "rooftop",
                    "arts",
                    "discounts",
                    "marinas",
                    "casual",
                    "architecture",
                    "exhibits",
                    "titanic"
                ],
                "venueCat": [
                    "Art Museum",
                    "Science Museum"
                ],
                "venueName": "ArtScience Museum",
                "preference": {
                    "Art Museum": 0,
                    "get address": 3,
                    "scenic views": 2,
                    "drag image to do search": 2
                },
                "venueNeigh": "Financial District",
                "venueScore": "good",
                "Credit Cards": "Yes"
            }
        ],
        "cnv_cnt": 20,
        "user_setting": "You are looking for an <b>Art Museum</b> that is <b>good for a late night</b>.",
        "user_location": "unknown"
    }
}