{
    "id": "5047",
    "dialogue": [
        {
            "turn idx": 0,
            "agent": {
                "transcript": "",
                "img_gts": [],
                "dialog_act": {}
            },
            "user": {
                "transcript": "hello! i need some information about a food court for lunch.",
                "img_gts": [],
                "turn_label": {
                    "menus: lunch": "inform",
                    "open span: food court": "inform",
                    "placeholder": "greet"
                }
            },
            "bstate": {
                "menus: lunch": "inform",
                "open span: food court": "inform"
            }
        },
        {
            "turn idx": 1,
            "agent": {
                "transcript": "what food court are you looking for?",
                "img_gts": [],
                "dialog_act": {
                    "open span: food court": "request"
                }
            },
            "user": {
                "transcript": "i would like one in the  jalan bukit merah area.",
                "img_gts": [],
                "turn_label": {
                    "venueneigh: jalan bukit merah": "inform"
                }
            },
            "bstate": {
                "menus: lunch": "inform",
                "open span: food court": "inform",
                "venueneigh: jalan bukit merah": "inform"
            }
        },
        {
            "turn idx": 2,
            "agent": {
                "transcript": "there is abc brickworks market & food centre. what kind of food are you looking for?",
                "img_gts": [],
                "dialog_act": {
                    "venuename: abc brickworks market & food centre": "recommend",
                    "open span: type": "request",
                    "open span: food": "inform"
                }
            },
            "user": {
                "transcript": "can i just get some  recommendations for each food candidate?",
                "img_gts": [],
                "turn_label": {
                    "open span: recommendation": "request",
                    "open span: food": "inform"
                }
            },
            "bstate": {
                "menus: lunch": "inform",
                "open span: food court": "inform",
                "venueneigh: jalan bukit merah": "inform",
                "venuename: abc brickworks market & food centre": "recommend",
                "open span: type": "request",
                "open span: food": "inform",
                "open span: recommendation": "request"
            }
        },
        {
            "turn idx": 3,
            "agent": {
                "transcript": "sure.",
                "img_gts": [],
                "dialog_act": {}
            },
            "user": {
                "transcript": "can you suggest a carrot cake stall?",
                "img_gts": [],
                "turn_label": {
                    "open span: carrot cake stall": "request"
                }
            },
            "bstate": {
                "menus: lunch": "inform",
                "open span: food court": "inform",
                "venueneigh: jalan bukit merah": "inform",
                "venuename: abc brickworks market & food centre": "recommend",
                "open span: food": "inform",
                "open span: carrot cake stall": "request"
            }
        },
        {
            "turn idx": 4,
            "agent": {
                "transcript": "there is ghim moh carrot cake (stall #01-140).",
                "img_gts": [],
                "dialog_act": {
                    "venuename: ghim moh carrot cake": "recommend"
                }
            },
            "user": {
                "transcript": "how about a char siu stall and a bak chor mee stall?",
                "img_gts": [],
                "turn_label": {
                    "open span: char siu": "request",
                    "open span: bak chor mee": "request"
                }
            },
            "bstate": {
                "menus: lunch": "inform",
                "open span: food court": "inform",
                "venueneigh: jalan bukit merah": "inform",
                "open span: food": "inform",
                "open span: carrot cake stall": "request",
                "venuename: ghim moh carrot cake": "recommend",
                "open span: char siu": "request",
                "open span: bak chor mee": "request"
            }
        },
        {
            "turn idx": 5,
            "agent": {
                "transcript": "you can check out fatty cheong charsiew and lao jian cheng bak chor mee.",
                "img_gts": [],
                "dialog_act": {
                    "venuename: fatty cheong charsiew": "recommend",
                    "venuename: lao jian cheng bak chor mee": "recommend"
                }
            },
            "user": {
                "transcript": "lastly, where can i find some desserts?",
                "img_gts": [],
                "turn_label": {
                    "open span: dessert": "inform",
                    "venuename": "request"
                }
            },
            "bstate": {
                "menus: lunch": "inform",
                "open span: food court": "inform",
                "venueneigh: jalan bukit merah": "inform",
                "open span: food": "inform",
                "open span: carrot cake stall": "request",
                "open span: char siu": "request",
                "open span: bak chor mee": "request",
                "open span: dessert": "inform",
                "venuename": "request"
            }
        },
        {
            "turn idx": 6,
            "agent": {
                "transcript": "jin jin desserts is a popular option.",
                "img_gts": [],
                "dialog_act": {
                    "venuename: jin jin desserts": "recommend"
                }
            },
            "user": {
                "transcript": "great, thanks for your help!",
                "img_gts": [],
                "turn_label": {
                    "venuename: abc brickworks market & food centre": "confirm",
                    "venuename: lao jian cheng bak chor mee": "confirm",
                    "venuename: jin jin desserts": "confirm",
                    "placeholder": "bye"
                }
            },
            "bstate": {
                "menus: lunch": "inform",
                "open span: food court": "inform",
                "venueneigh: jalan bukit merah": "inform",
                "open span: food": "inform",
                "open span: carrot cake stall": "request",
                "open span: char siu": "request",
                "open span: bak chor mee": "request",
                "open span: dessert": "inform",
                "venuename: jin jin desserts": "confirm"
            }
        },
        {
            "turn idx": 7,
            "agent": {
                "transcript": "no problem, have a nice day!",
                "img_gts": [],
                "dialog_act": {
                    "placeholder": "bye"
                }
            },
            "user": {
                "transcript": "",
                "img_gts": [],
                "turn_label": {}
            },
            "bstate": {
                "menus: lunch": "inform",
                "open span: food court": "inform",
                "venueneigh: jalan bukit merah": "inform",
                "open span: food": "inform",
                "open span: carrot cake stall": "request",
                "open span: char siu": "request",
                "open span: bak chor mee": "request",
                "open span: dessert": "inform",
                "venuename: jin jin desserts": "confirm"
            }
        }
    ],
    "user rating": 5,
    "user setting": "you are seeking information about a <b>food court</b> for <b>lunch</b>. <b>**use at least three turns of question&answers to find one venue!**</b>",
    "goal": {
        "id": 1620,
        "type": "single",
        "modality": "multiple",
        "content": [
            {
                "imgs": [
                    "59afe3de350b842e4ab3c82c60252107",
                    "32c6e6b3c40a0f26cc024263908efbe5",
                    "c448c563730a04369807305a45e4866d",
                    "50e32d9e3e2c20399aedca7cf0942d02"
                ],
                "terms": [
                    "fatty cheong",
                    "carrot cake",
                    "rice",
                    "lunch",
                    "char siu",
                    "naan",
                    "gardens",
                    "dinner",
                    "breakfast food",
                    "desserts",
                    "prawn mee",
                    "satay",
                    "lively",
                    "good for a quick meal",
                    "great value",
                    "tea",
                    "noodles",
                    "authentic",
                    "casual",
                    "wow west"
                ],
                "venueCat": [
                    "Food Court",
                    "Market",
                    "Asian Restaurant"
                ],
                "venueName": "ABC Brickworks Market & Food Centre",
                "preference": {
                    "Food Court": 2,
                    "suggest dessert stall": 1,
                    "Jalan Bukit Merah area": 2,
                    "suggest char siu stall": 2,
                    "suggest carrot cake stall": 2,
                    "suggest bak chor mee stall": 1,
                    "ask for recommendations for each food candidates": 3
                },
                "venueNeigh": "Central Region",
                "venueScore": "average",
                "venueDomain": "food",
                "Credit Cards": "No",
                "Reservations": "No"
            }
        ],
        "cnv_cnt": 20,
        "user_setting": "You are seeking information about a <b>Food Court</b> for <b>lunch</b>. <b>**Use at least three turns of Question&Answers to find one venue!**</b>",
        "user_location": "unknown"
    }
}