{
    "id": "5071",
    "dialogue": [
        {
            "turn idx": 0,
            "agent": {
                "transcript": "",
                "img_gts": [],
                "dialog_act": {}
            },
            "user": {
                "transcript": "hi, i am looking for a place to eat, can you help me?",
                "img_gts": [],
                "turn_label": {
                    "open span: place": "inform",
                    "venuename": "inform",
                    "placeholder": "greet"
                }
            },
            "bstate": {
                "open span: place": "inform"
            }
        },
        {
            "turn idx": 1,
            "agent": {
                "transcript": "sure, what kind of food will you like?",
                "img_gts": [],
                "dialog_act": {
                    "open span: type": "request",
                    "open span: food": "inform"
                }
            },
            "user": {
                "transcript": "i will like to enjoy afternoon tea.",
                "img_gts": [],
                "turn_label": {
                    "open span: afternoon tea": "inform"
                }
            },
            "bstate": {
                "open span: place": "inform",
                "open span: type": "request",
                "open span: food": "inform",
                "open span: afternoon tea": "inform"
            }
        },
        {
            "turn idx": 2,
            "agent": {
                "transcript": "do you have a preferred location?",
                "img_gts": [],
                "dialog_act": {
                    "venueneigh": "request"
                }
            },
            "user": {
                "transcript": "i will like downtown core.",
                "img_gts": [],
                "turn_label": {
                    "venueneigh: downtown core": "inform"
                }
            },
            "bstate": {
                "open span: place": "inform",
                "open span: food": "inform",
                "open span: afternoon tea": "inform",
                "venueneigh: downtown core": "inform"
            }
        },
        {
            "turn idx": 3,
            "agent": {
                "transcript": "i recommend chihuly lounge. they have great value and good service!",
                "img_gts": [],
                "dialog_act": {
                    "venuename: chihuly lounge": "recommend",
                    "open span: good service": "inform",
                    "open span: great value": "inform"
                }
            },
            "user": {
                "transcript": "what do you recommend i order?",
                "img_gts": [],
                "turn_label": {
                    "open span: recommendation": "request"
                }
            },
            "bstate": {
                "open span: place": "inform",
                "open span: food": "inform",
                "open span: afternoon tea": "inform",
                "venueneigh: downtown core": "inform",
                "venuename: chihuly lounge": "recommend",
                "open span: good service": "inform",
                "open span: great value": "inform",
                "open span: recommendation": "request"
            }
        },
        {
            "turn idx": 4,
            "agent": {
                "transcript": "i recommend the beef rolls and desserts!",
                "img_gts": [
                    "cake/dessert",
                    "food images",
                    "burger",
                    "ice cream"
                ],
                "dialog_act": {
                    "open span: beef roll": "inform",
                    "menus: dessert": "inform",
                    "img_gts: cake/dessert, food images, burger, ice cream": "inform"
                }
            },
            "user": {
                "transcript": "great! can i get the address?",
                "img_gts": [],
                "turn_label": {
                    "venueaddress": "request",
                    "venuename: chihuly lounge": "confirm"
                }
            },
            "bstate": {
                "open span: place": "inform",
                "open span: food": "inform",
                "open span: afternoon tea": "inform",
                "venueneigh: downtown core": "inform",
                "open span: good service": "inform",
                "open span: great value": "inform",
                "open span: beef roll": "inform",
                "menus: dessert": "inform",
                "img_gts: cake/dessert, food images, burger, ice cream": "inform",
                "venueaddress": "request",
                "venuename: chihuly lounge": "confirm"
            }
        },
        {
            "turn idx": 5,
            "agent": {
                "transcript": "they are located at the ritz-carlton, millenia singapore, 7 raffles ave 039799 singapore. are you ok with the financial district?",
                "img_gts": [],
                "dialog_act": {
                    "venueaddress": "request",
                    "venueneigh: financial district": "inform"
                }
            },
            "user": {
                "transcript": "thanks! i will like to visit a major tourist attraction when the dusk is coming, where can i go to? yes! financial district is good.",
                "img_gts": [],
                "turn_label": {
                    "open span: tourist attraction": "inform",
                    "open span: dusk": "inform",
                    "venueneigh": "request",
                    "venueneigh: financial district": "inform"
                }
            },
            "bstate": {
                "open span: place": "inform",
                "open span: food": "inform",
                "open span: afternoon tea": "inform",
                "open span: good service": "inform",
                "open span: great value": "inform",
                "open span: beef roll": "inform",
                "menus: dessert": "inform",
                "img_gts: cake/dessert, food images, burger, ice cream": "inform",
                "venuename: chihuly lounge": "confirm",
                "venueaddress": "request",
                "open span: tourist attraction": "inform",
                "open span: dusk": "inform",
                "venueneigh: financial district": "inform"
            }
        },
        {
            "turn idx": 6,
            "agent": {
                "transcript": "i recommend merlion park. it is a tourism spot.",
                "img_gts": [],
                "dialog_act": {
                    "venuename: merlion park": "recommend",
                    "open span: tourism spot": "inform"
                }
            },
            "user": {
                "transcript": "can you tell me more and have some suggestions?",
                "img_gts": [],
                "turn_label": {
                    "open span: tip or suggestion": "request"
                }
            },
            "bstate": {
                "open span: place": "inform",
                "open span: food": "inform",
                "open span: afternoon tea": "inform",
                "open span: good service": "inform",
                "open span: great value": "inform",
                "open span: beef roll": "inform",
                "menus: dessert": "inform",
                "img_gts: cake/dessert, food images, burger, ice cream": "inform",
                "venueaddress": "request",
                "open span: tourist attraction": "inform",
                "open span: dusk": "inform",
                "venueneigh: financial district": "inform",
                "venuename: merlion park": "recommend",
                "open span: tourism spot": "inform",
                "open span: tip or suggestion": "request"
            }
        },
        {
            "turn idx": 7,
            "agent": {
                "transcript": "merlion park, is a singapore landmark and major tourist attraction, located near one fullerton, singapore, near the central business district. the merlion is a mythical creature with a lion's head and the body of a fish that is widely used as a mascot and national personification of singapore.",
                "img_gts": [],
                "dialog_act": {
                    "venuename: merlion park": "recommend",
                    "open span: tourist attraction": "inform",
                    "venueaddress: one fullerton singapore": "inform",
                    "open span: central business district": "inform",
                    "open span: fish": "inform",
                    "open span: merlion": "inform",
                    "open span: mascot": "inform",
                    "open span: mythical creature": "inform"
                }
            },
            "user": {
                "transcript": "can i see an image?",
                "img_gts": [],
                "turn_label": {
                    "open span: image": "request"
                }
            },
            "bstate": {
                "open span: place": "inform",
                "open span: food": "inform",
                "open span: afternoon tea": "inform",
                "open span: good service": "inform",
                "open span: great value": "inform",
                "open span: beef roll": "inform",
                "menus: dessert": "inform",
                "img_gts: cake/dessert, food images, burger, ice cream": "inform",
                "open span: tourist attraction": "inform",
                "open span: dusk": "inform",
                "venueneigh: financial district": "inform",
                "open span: tourism spot": "inform",
                "venuename: merlion park": "recommend",
                "venueaddress: one fullerton singapore": "inform",
                "open span: central business district": "inform",
                "open span: fish": "inform",
                "open span: merlion": "inform",
                "open span: mascot": "inform",
                "open span: mythical creature": "inform",
                "open span: image": "request"
            }
        },
        {
            "turn idx": 8,
            "agent": {
                "transcript": "here is some pictures of the sculpture park!",
                "img_gts": [
                    "statue",
                    "merlion"
                ],
                "dialog_act": {
                    "open span: picture": "inform",
                    "open span: sculpture park": "inform",
                    "img_gts: statue, merlion": "inform"
                }
            },
            "user": {
                "transcript": "ok thank you! that is all.",
                "img_gts": [],
                "turn_label": {
                    "venuename: merlion park": "confirm",
                    "placeholder": "bye"
                }
            },
            "bstate": {
                "open span: place": "inform",
                "open span: food": "inform",
                "open span: afternoon tea": "inform",
                "open span: good service": "inform",
                "open span: great value": "inform",
                "open span: beef roll": "inform",
                "menus: dessert": "inform",
                "open span: tourist attraction": "inform",
                "open span: dusk": "inform",
                "venueneigh: financial district": "inform",
                "open span: tourism spot": "inform",
                "venueaddress: one fullerton singapore": "inform",
                "open span: central business district": "inform",
                "open span: fish": "inform",
                "open span: merlion": "inform",
                "open span: mascot": "inform",
                "open span: mythical creature": "inform",
                "open span: picture": "inform",
                "open span: sculpture park": "inform",
                "img_gts: statue, merlion": "inform",
                "venuename: merlion park": "confirm"
            }
        },
        {
            "turn idx": 9,
            "agent": {
                "transcript": "you're welcome! goodbye!",
                "img_gts": [],
                "dialog_act": {
                    "placeholder": "bye"
                }
            },
            "user": {
                "transcript": "",
                "img_gts": [],
                "turn_label": {}
            },
            "bstate": {
                "open span: place": "inform",
                "open span: food": "inform",
                "open span: afternoon tea": "inform",
                "open span: good service": "inform",
                "open span: great value": "inform",
                "open span: beef roll": "inform",
                "menus: dessert": "inform",
                "open span: tourist attraction": "inform",
                "open span: dusk": "inform",
                "venueneigh: financial district": "inform",
                "open span: tourism spot": "inform",
                "venueaddress: one fullerton singapore": "inform",
                "open span: central business district": "inform",
                "open span: fish": "inform",
                "open span: merlion": "inform",
                "open span: mascot": "inform",
                "open span: mythical creature": "inform",
                "open span: picture": "inform",
                "open span: sculpture park": "inform",
                "img_gts: statue, merlion": "inform",
                "venuename: merlion park": "confirm"
            }
        }
    ],
    "user rating": 5,
    "user setting": "you are looking for a place to enjoy <b>afternoon tea</b>. later plan to visit a <b>major tourist attraction</b> when the dusk is coming. <b>**use at least three turns of question&answers to find one venue!**</b>",
    "goal": {
        "id": 1632,
        "type": "multiple",
        "modality": "multiple",
        "content": [
            {
                "imgs": [
                    "0be632cc14ec1cc5f12ee900e66d4b7b",
                    "fbfda3a748826d4dae25e6ff3a6a9d20",
                    "c8abe6dccd709005b3818745fcf94a4d",
                    "207c5e33f4efdb2a61106bb3fe106256"
                ],
                "price": "Moderate",
                "terms": [
                    "good service",
                    "afternoon tea",
                    "beef rolls",
                    "great value"
                ],
                "Drinks": [
                    "Cocktails"
                ],
                "venueCat": [
                    "Tea Room",
                    "Cocktail Bar",
                    "Lounge"
                ],
                "venueName": "Chihuly Lounge",
                "preference": {
                    "great value": 1,
                    "good service": 1,
                    "Downtown Core": 2,
                    "afternoon tea": 2,
                    "recommend dessserts to user by image": 1,
                    "recommend beef rolls to user by image": 1,
                    "get address and ask for food suggestions": 3
                },
                "venueNeigh": "Downtown Core",
                "venueScore": "average",
                "venueDomain": "food",
                "Credit Cards": "Yes",
                "Outdoor Seating": "Yes"
            },
            {
                "imgs": [
                    "af9bc509da983a023bcf442c604f12b6",
                    "a36385315c57971e85e29fd05a4afca8",
                    "48a957ac6f2d8a024f9c4356aef84552"
                ],
                "terms": [
                    "tourism",
                    "clean"
                ],
                "venueCat": [
                    "Sculpture Garden",
                    "Water Park",
                    "Scenic Lookout"
                ],
                "venueName": "Merlion Park",
                "preference": {
                    "tourism": 2,
                    "Sculpture Garden": 2,
                    "get introduction and ask for suggestions": 3,
                    "show water park image to user for confirmation": 2
                },
                "venueNeigh": "Financial District",
                "venueScore": "good",
                "venueDomain": "sightseeing"
            }
        ],
        "cnv_cnt": 20,
        "user_setting": "You are looking for a place to enjoy <b>afternoon tea</b>. Later plan to visit a <b>major tourist attraction</b> when the dusk is coming. <b>**Use at least three turns of Question&Answers to find one venue!**</b>",
        "user_location": "Downtown Core"
    }
}