{
    "id": "508",
    "dialogue": [
        {
            "turn idx": 0,
            "agent": {
                "transcript": "",
                "img_gts": [],
                "dialog_act": {}
            },
            "user": {
                "transcript": "i am looking for a theme park to play with your children preferably in sentosa or around there because i live at harbourfront.",
                "img_gts": [],
                "turn_label": {
                    "venueneigh: sentosa": "inform",
                    "open span: theme park": "inform",
                    "placeholder": "greet"
                }
            },
            "bstate": {
                "venueneigh: sentosa": "inform",
                "open span: theme park": "inform"
            }
        },
        {
            "turn idx": 1,
            "agent": {
                "transcript": "how about kidzania? they're well-known for their edutainment!",
                "img_gts": [],
                "dialog_act": {
                    "venuename: kidzania": "recommend"
                }
            },
            "user": {
                "transcript": "sounds great, do you have any pictures?",
                "img_gts": [],
                "turn_label": {
                    "venuename: kidzania": "confirm",
                    "open span: image": "request"
                }
            },
            "bstate": {
                "venueneigh: sentosa": "inform",
                "open span: theme park": "inform",
                "venuename: kidzania": "confirm",
                "open span: image": "request"
            }
        },
        {
            "turn idx": 2,
            "agent": {
                "transcript": "here are some pictures.",
                "img_gts": [
                    "building interior",
                    "name board"
                ],
                "dialog_act": {
                    "open span: image": "inform",
                    "img_gts: building interior, name board": "inform"
                }
            },
            "user": {
                "transcript": "great, thanks! i'll be going there then.",
                "img_gts": [],
                "turn_label": {
                    "placeholder": "bye"
                }
            },
            "bstate": {
                "venueneigh: sentosa": "inform",
                "open span: theme park": "inform",
                "venuename: kidzania": "confirm",
                "open span: image": "inform",
                "img_gts: building interior, name board": "inform"
            }
        }
    ],
    "user rating": 4,
    "user setting": "you are looking for a <b>theme park</b> to play with your <b>children</b>.",
    "goal": {
        "id": 1417,
        "type": "single",
        "modality": "multiple",
        "content": [
            {
                "imgs": [
                    "afe7ff118663de1eebcd657341d664d4",
                    "81af94352cafc93681de62dd9013c85c",
                    "e5c6923602af8479abf7e2dc40e12981"
                ],
                "terms": [],
                "venueCat": [
                    "Theme Park",
                    "General Entertainment"
                ],
                "venueName": "Kidzania",
                "preference": {
                    "venueCat:Theme Park": 2,
                    "drag image to search": 2
                },
                "venueNeigh": "Sentosa Island",
                "venueScore": "average"
            }
        ],
        "cnv_cnt": 20,
        "user_setting": "You are looking for a <b>Theme Park</b> to play with your <b>children</b>.",
        "user_location": "Sentosa Island"
    }
}