{
    "id": "5084",
    "dialogue": [
        {
            "turn idx": 0,
            "agent": {
                "transcript": "",
                "img_gts": [],
                "dialog_act": {}
            },
            "user": {
                "transcript": "hi, i am staying at orchard road and looking for a place to eat. could you help me find one?",
                "img_gts": [],
                "turn_label": {
                    "venueneigh: orchard road": "inform",
                    "open span: place to eat": "inform",
                    "venuename": "request",
                    "placeholder": "greet"
                }
            },
            "bstate": {
                "venueneigh: orchard road": "inform",
                "open span: place to eat": "inform",
                "venuename": "request"
            }
        },
        {
            "turn idx": 1,
            "agent": {
                "transcript": "sure, can you tell me more about the kind of place you're looking for?",
                "img_gts": [],
                "dialog_act": {
                    "open span: type": "request"
                }
            },
            "user": {
                "transcript": "i am looking for somewhere cozy to have brunch food like beef and maybe even some ice cream after.",
                "img_gts": [],
                "turn_label": {
                    "menus: brunch": "inform",
                    "open span: cozy": "inform",
                    "open span: beef": "inform",
                    "open span: ice cream": "inform"
                }
            },
            "bstate": {
                "venueneigh: orchard road": "inform",
                "open span: place to eat": "inform",
                "venuename": "request",
                "open span: type": "request",
                "menus: brunch": "inform",
                "open span: cozy": "inform",
                "open span: beef": "inform",
                "open span: ice cream": "inform"
            }
        },
        {
            "turn idx": 2,
            "agent": {
                "transcript": "is there anything else you would like?",
                "img_gts": [],
                "dialog_act": {
                    "open span: anything else": "request"
                }
            },
            "user": {
                "transcript": "i would like to have a look at the kind of food at the place.",
                "img_gts": [],
                "turn_label": {
                    "open span: type": "inform",
                    "open span: food": "inform"
                }
            },
            "bstate": {
                "venueneigh: orchard road": "inform",
                "open span: place to eat": "inform",
                "venuename": "request",
                "open span: type": "inform",
                "menus: brunch": "inform",
                "open span: cozy": "inform",
                "open span: beef": "inform",
                "open span: ice cream": "inform",
                "open span: anything else": "request",
                "open span: food": "inform"
            }
        },
        {
            "turn idx": 3,
            "agent": {
                "transcript": "you can try going to 10 scotts. they have a buffet like in the picture. someone has said: great service and service. love the cold cuts and cheese and the hash beef. very good pricing for these quality! try the mango ice cream with white chocolate curls!",
                "img_gts": [
                    "breakfast"
                ],
                "dialog_act": {
                    "venuename: 10 scotts": "recommend",
                    "open span: picture": "inform",
                    "open span: buffet": "inform",
                    "open span: great service": "inform",
                    "open span: cold cut": "inform",
                    "open span: cheese": "inform",
                    "open span: hash beef": "inform",
                    "open span: mango ice cream": "inform",
                    "open span: white chocolate curls": "inform",
                    "img_gts: breakfast": "inform"
                }
            },
            "user": {
                "transcript": "could i get their address, please?",
                "img_gts": [],
                "turn_label": {
                    "venueaddress": "request"
                }
            },
            "bstate": {
                "venueneigh: orchard road": "inform",
                "open span: place to eat": "inform",
                "open span: type": "inform",
                "menus: brunch": "inform",
                "open span: cozy": "inform",
                "open span: beef": "inform",
                "open span: ice cream": "inform",
                "open span: food": "inform",
                "venuename: 10 scotts": "recommend",
                "open span: picture": "inform",
                "open span: buffet": "inform",
                "open span: great service": "inform",
                "open span: cold cut": "inform",
                "open span: cheese": "inform",
                "open span: hash beef": "inform",
                "open span: mango ice cream": "inform",
                "open span: white chocolate curls": "inform",
                "img_gts: breakfast": "inform",
                "venueaddress": "request"
            }
        },
        {
            "turn idx": 4,
            "agent": {
                "transcript": "sure, it is grand hyatt singapore (10 scotts rd) 228211 singapore.",
                "img_gts": [],
                "dialog_act": {
                    "venueaddress: grand hyatt singapore (10 scotts rd) 228211 singapore": "inform"
                }
            },
            "user": {
                "transcript": "okay! i am also looking for a coffee shop or cafe nearby as i feel like having some coffee.",
                "img_gts": [],
                "turn_label": {
                    "open span: coffee shop": "inform",
                    "open span: cafe": "inform",
                    "open span: nearby": "inform",
                    "open span: coffee": "inform",
                    "venuename: 10 scotts": "confirm"
                }
            },
            "bstate": {
                "venueneigh: orchard road": "inform",
                "open span: place to eat": "inform",
                "open span: type": "inform",
                "menus: brunch": "inform",
                "open span: cozy": "inform",
                "open span: beef": "inform",
                "open span: ice cream": "inform",
                "open span: food": "inform",
                "open span: picture": "inform",
                "open span: buffet": "inform",
                "open span: great service": "inform",
                "open span: cold cut": "inform",
                "open span: cheese": "inform",
                "open span: hash beef": "inform",
                "open span: mango ice cream": "inform",
                "open span: white chocolate curls": "inform",
                "img_gts: breakfast": "inform",
                "venueaddress: grand hyatt singapore (10 scotts rd) 228211 singapore": "inform",
                "open span: coffee shop": "inform",
                "open span: cafe": "inform",
                "open span: nearby": "inform",
                "open span: coffee": "inform",
                "venuename: 10 scotts": "confirm"
            }
        },
        {
            "turn idx": 5,
            "agent": {
                "transcript": "is there anything else you can tell me about the place you're looking for?",
                "img_gts": [],
                "dialog_act": {
                    "open span: anything else": "request"
                }
            },
            "user": {
                "transcript": "i'm looking for somewhere with cheap prices and a good venue score.",
                "img_gts": [],
                "turn_label": {
                    "price: cheap": "inform",
                    "venuescore: good": "inform"
                }
            },
            "bstate": {
                "venueneigh: orchard road": "inform",
                "open span: place to eat": "inform",
                "open span: type": "inform",
                "menus: brunch": "inform",
                "open span: cozy": "inform",
                "open span: beef": "inform",
                "open span: ice cream": "inform",
                "open span: food": "inform",
                "open span: picture": "inform",
                "open span: buffet": "inform",
                "open span: great service": "inform",
                "open span: cold cut": "inform",
                "open span: cheese": "inform",
                "open span: hash beef": "inform",
                "open span: mango ice cream": "inform",
                "open span: white chocolate curls": "inform",
                "img_gts: breakfast": "inform",
                "venueaddress: grand hyatt singapore (10 scotts rd) 228211 singapore": "inform",
                "open span: coffee shop": "inform",
                "open span: cafe": "inform",
                "open span: nearby": "inform",
                "open span: coffee": "inform",
                "venuename: 10 scotts": "confirm",
                "open span: anything else": "request",
                "price: cheap": "inform",
                "venuescore: good": "inform"
            }
        },
        {
            "turn idx": 6,
            "agent": {
                "transcript": "do you have any other preferences?",
                "img_gts": [],
                "dialog_act": {
                    "open span: preference": "request",
                    "open span: any other": "request"
                }
            },
            "user": {
                "transcript": "i would prefer if they accept credit cards. i would also like to get their address!",
                "img_gts": [],
                "turn_label": {
                    "credit cards: yes": "inform",
                    "venueaddress": "request"
                }
            },
            "bstate": {
                "venueneigh: orchard road": "inform",
                "open span: place to eat": "inform",
                "open span: type": "inform",
                "menus: brunch": "inform",
                "open span: cozy": "inform",
                "open span: beef": "inform",
                "open span: ice cream": "inform",
                "open span: food": "inform",
                "open span: picture": "inform",
                "open span: buffet": "inform",
                "open span: great service": "inform",
                "open span: cold cut": "inform",
                "open span: cheese": "inform",
                "open span: hash beef": "inform",
                "open span: mango ice cream": "inform",
                "open span: white chocolate curls": "inform",
                "img_gts: breakfast": "inform",
                "open span: coffee shop": "inform",
                "open span: cafe": "inform",
                "open span: nearby": "inform",
                "open span: coffee": "inform",
                "venuename: 10 scotts": "confirm",
                "price: cheap": "inform",
                "venuescore: good": "inform",
                "open span: preference": "request",
                "open span: any other": "request",
                "credit cards: yes": "inform",
                "venueaddress": "request"
            }
        },
        {
            "turn idx": 7,
            "agent": {
                "transcript": "you can try going to nespresso boutique. their address is takashimaya s.c. (391 orchard road) 238872 singapore and you can try their coffee like in the picture there.",
                "img_gts": [
                    "drink"
                ],
                "dialog_act": {
                    "venuename: nespresso boutique": "recommend",
                    "venueneigh: orchard road": "inform",
                    "venueaddress: takashimaya s.c. (391 orchard road) 238872 singapore": "inform",
                    "open span: coffee": "inform",
                    "open span: picture": "inform",
                    "img_gts: drink": "inform"
                }
            },
            "user": {
                "transcript": "do you have any tips about the place?",
                "img_gts": [],
                "turn_label": {
                    "venuename: nespresso boutique": "confirm",
                    "open span: tip or suggestion": "request"
                }
            },
            "bstate": {
                "open span: place to eat": "inform",
                "open span: type": "inform",
                "menus: brunch": "inform",
                "open span: cozy": "inform",
                "open span: beef": "inform",
                "open span: ice cream": "inform",
                "open span: food": "inform",
                "open span: picture": "inform",
                "open span: buffet": "inform",
                "open span: great service": "inform",
                "open span: cold cut": "inform",
                "open span: cheese": "inform",
                "open span: hash beef": "inform",
                "open span: mango ice cream": "inform",
                "open span: white chocolate curls": "inform",
                "open span: coffee shop": "inform",
                "open span: cafe": "inform",
                "open span: nearby": "inform",
                "open span: coffee": "inform",
                "price: cheap": "inform",
                "venuescore: good": "inform",
                "credit cards: yes": "inform",
                "venueneigh: orchard road": "inform",
                "venueaddress: takashimaya s.c. (391 orchard road) 238872 singapore": "inform",
                "img_gts: drink": "inform",
                "venuename: nespresso boutique": "confirm",
                "open span: tip or suggestion": "request"
            }
        },
        {
            "turn idx": 8,
            "agent": {
                "transcript": "someone has said: collection is great.",
                "img_gts": [],
                "dialog_act": {
                    "open span: collection": "inform"
                }
            },
            "user": {
                "transcript": "okay, great!",
                "img_gts": [],
                "turn_label": {}
            },
            "bstate": {
                "open span: place to eat": "inform",
                "open span: type": "inform",
                "menus: brunch": "inform",
                "open span: cozy": "inform",
                "open span: beef": "inform",
                "open span: ice cream": "inform",
                "open span: food": "inform",
                "open span: picture": "inform",
                "open span: buffet": "inform",
                "open span: great service": "inform",
                "open span: cold cut": "inform",
                "open span: cheese": "inform",
                "open span: hash beef": "inform",
                "open span: mango ice cream": "inform",
                "open span: white chocolate curls": "inform",
                "open span: coffee shop": "inform",
                "open span: cafe": "inform",
                "open span: nearby": "inform",
                "open span: coffee": "inform",
                "price: cheap": "inform",
                "venuescore: good": "inform",
                "credit cards: yes": "inform",
                "venueneigh: orchard road": "inform",
                "venueaddress: takashimaya s.c. (391 orchard road) 238872 singapore": "inform",
                "img_gts: drink": "inform",
                "venuename: nespresso boutique": "confirm",
                "open span: collection": "inform"
            }
        },
        {
            "turn idx": 9,
            "agent": {
                "transcript": "is there anything else i can help with?",
                "img_gts": [],
                "dialog_act": {
                    "open span: anything else": "request"
                }
            },
            "user": {
                "transcript": "nope, thank you!",
                "img_gts": [],
                "turn_label": {
                    "placeholder": "bye"
                }
            },
            "bstate": {
                "open span: place to eat": "inform",
                "open span: type": "inform",
                "menus: brunch": "inform",
                "open span: cozy": "inform",
                "open span: beef": "inform",
                "open span: ice cream": "inform",
                "open span: food": "inform",
                "open span: picture": "inform",
                "open span: buffet": "inform",
                "open span: great service": "inform",
                "open span: cold cut": "inform",
                "open span: cheese": "inform",
                "open span: hash beef": "inform",
                "open span: mango ice cream": "inform",
                "open span: white chocolate curls": "inform",
                "open span: coffee shop": "inform",
                "open span: cafe": "inform",
                "open span: nearby": "inform",
                "open span: coffee": "inform",
                "price: cheap": "inform",
                "venuescore: good": "inform",
                "credit cards: yes": "inform",
                "venueneigh: orchard road": "inform",
                "venueaddress: takashimaya s.c. (391 orchard road) 238872 singapore": "inform",
                "img_gts: drink": "inform",
                "venuename: nespresso boutique": "confirm",
                "open span: collection": "inform",
                "open span: anything else": "request"
            }
        }
    ],
    "user rating": 5,
    "user setting": "you are staying in <b>orchard road</b>, seeking advice for <b>brunch food</b> and <b>coffee</b> place. <b>**use at least three turns of question&answers to find one venue!**</b>",
    "goal": {
        "id": 1624,
        "type": "multiple",
        "modality": "multiple",
        "content": [
            {
                "imgs": [
                    "29207bc986dbca485fb3a63a15ceaf31",
                    "50f85dc07281bb52b06dff77428eea94"
                ],
                "Menus": [
                    "Happy Hour"
                ],
                "Wi-Fi": "Yes",
                "price": "Moderate",
                "terms": [
                    "cheese",
                    "coffee",
                    "beef",
                    "hash",
                    "cozy",
                    "high tea",
                    "snacks",
                    "brunch food",
                    "salmon",
                    "quiet",
                    "buffet",
                    "ice cream",
                    "happy hour",
                    "mango",
                    "fancy",
                    "curry puffs",
                    "champagne",
                    "cold cuts",
                    "good for groups",
                    "bottomless drinks"
                ],
                "Drinks": [
                    "Wine",
                    "Full Bar"
                ],
                "venueCat": [
                    "Tea Room",
                    "Lounge",
                    "Restaurant"
                ],
                "venueName": "10 Scotts",
                "preference": {
                    "brunch food": 2,
                    "get address": 3,
                    "Orchard Road": 2,
                    "buffet image to user": 2
                },
                "venueNeigh": "Orchard Road",
                "venueScore": "average",
                "venueDomain": "food",
                "Credit Cards": "Yes",
                "Reservations": "Yes",
                "Dining Options": [
                    "No Delivery"
                ],
                "Outdoor Seating": "No"
            },
            {
                "imgs": [
                    "c9eafc6c324d6104600b32a6f3376668",
                    "8b0495ca4221dc14d5e0eb9e1cc34249",
                    "d889071c9abd3f325b492e0ef7a3e6a2"
                ],
                "price": "Cheap",
                "terms": [],
                "venueCat": [
                    "Coffee Shop",
                    "Gourmet Shop",
                    "Caf\u00e9"
                ],
                "venueName": "Nespresso Boutique",
                "preference": {
                    "Cheap price": 2,
                    "Coffee Shop": 2,
                    "good venue score": 2,
                    "accept Credit Cards": 1,
                    "recommend coffee by image": 1,
                    "get address and ask for suggestions": 3
                },
                "venueNeigh": "Orchard Road",
                "venueScore": "good",
                "venueDomain": "food",
                "Credit Cards": "Yes"
            }
        ],
        "cnv_cnt": 20,
        "user_setting": "You are staying in <b>Orchard Road</b>, seeking advice for <b>brunch food</b> and <b>coffee</b> place. <b>**Use at least three turns of Question&Answers to find one venue!**</b>",
        "user_location": "Orchard Road"
    }
}