{
    "id": "5102",
    "dialogue": [
        {
            "turn idx": 0,
            "agent": {
                "transcript": "",
                "img_gts": [],
                "dialog_act": {}
            },
            "user": {
                "transcript": "hello, i'm looking for a shopping mall in punggol. do you know of any?",
                "img_gts": [],
                "turn_label": {
                    "venueneigh: punggol": "inform",
                    "open span: shopping mall": "request",
                    "placeholder": "greet"
                }
            },
            "bstate": {
                "venueneigh: punggol": "inform",
                "open span: shopping mall": "request"
            }
        },
        {
            "turn idx": 1,
            "agent": {
                "transcript": "what would you like to get at the mall?",
                "img_gts": [],
                "dialog_act": {
                    "open span: mall": "request"
                }
            },
            "user": {
                "transcript": "i plan to drink bubble tea.",
                "img_gts": [],
                "turn_label": {
                    "open span: bubble tea": "inform"
                }
            },
            "bstate": {
                "venueneigh: punggol": "inform",
                "open span: shopping mall": "request",
                "open span: mall": "request",
                "open span: bubble tea": "inform"
            }
        },
        {
            "turn idx": 2,
            "agent": {
                "transcript": "you can check out punggol plaza! this is a picture of the building for your reference.",
                "img_gts": [
                    "building"
                ],
                "dialog_act": {
                    "venueneigh: punggol": "inform",
                    "venuename: punggol plaza": "recommend",
                    "open span: picnic": "inform",
                    "open span: building": "inform",
                    "img_gts: building": "inform"
                }
            },
            "user": {
                "transcript": "ok, sure. where's the mall at?",
                "img_gts": [],
                "turn_label": {
                    "venuename: punggol plaza": "confirm",
                    "venueaddress": "request"
                }
            },
            "bstate": {
                "open span: shopping mall": "request",
                "open span: mall": "request",
                "open span: bubble tea": "inform",
                "venueneigh: punggol": "inform",
                "open span: picnic": "inform",
                "open span: building": "inform",
                "img_gts: building": "inform",
                "venuename: punggol plaza": "confirm",
                "venueaddress": "request"
            }
        },
        {
            "turn idx": 3,
            "agent": {
                "transcript": "the mall is at 168 punggol field 820168 singapore.",
                "img_gts": [],
                "dialog_act": {
                    "venueneigh: punggol": "inform",
                    "venueaddress: 168 punggol field 820168 singapore": "inform"
                }
            },
            "user": {
                "transcript": "ok thanks. is there a nature preserve nearby with scenic views?",
                "img_gts": [],
                "turn_label": {
                    "open span: scenic view": "inform",
                    "open span: nearby": "inform",
                    "open span: nature preserve": "inform"
                }
            },
            "bstate": {
                "open span: shopping mall": "request",
                "open span: mall": "request",
                "open span: bubble tea": "inform",
                "open span: picnic": "inform",
                "open span: building": "inform",
                "img_gts: building": "inform",
                "venuename: punggol plaza": "confirm",
                "venueneigh: punggol": "inform",
                "venueaddress: 168 punggol field 820168 singapore": "inform",
                "open span: scenic view": "inform",
                "open span: nearby": "inform",
                "open span: nature preserve": "inform"
            }
        },
        {
            "turn idx": 4,
            "agent": {
                "transcript": "what would you like to do there?",
                "img_gts": [],
                "dialog_act": {
                    "open span: what": "request"
                }
            },
            "user": {
                "transcript": "i plan to take an evening walk.",
                "img_gts": [],
                "turn_label": {
                    "open span: evening walk": "inform"
                }
            },
            "bstate": {
                "open span: shopping mall": "request",
                "open span: mall": "request",
                "open span: bubble tea": "inform",
                "open span: picnic": "inform",
                "open span: building": "inform",
                "img_gts: building": "inform",
                "venuename: punggol plaza": "confirm",
                "venueneigh: punggol": "inform",
                "venueaddress: 168 punggol field 820168 singapore": "inform",
                "open span: scenic view": "inform",
                "open span: nearby": "inform",
                "open span: nature preserve": "inform",
                "open span: what": "request",
                "open span: evening walk": "inform"
            }
        },
        {
            "turn idx": 5,
            "agent": {
                "transcript": "you can go to punggol waterway park!",
                "img_gts": [],
                "dialog_act": {
                    "venueneigh: punggol": "inform",
                    "venuename: punggol waterway park": "recommend"
                }
            },
            "user": {
                "transcript": "ok, i will go there. where's the park at?",
                "img_gts": [],
                "turn_label": {
                    "venuename: punggol waterway park": "confirm",
                    "venueaddress": "request"
                }
            },
            "bstate": {
                "open span: shopping mall": "request",
                "open span: mall": "request",
                "open span: bubble tea": "inform",
                "open span: picnic": "inform",
                "open span: building": "inform",
                "img_gts: building": "inform",
                "open span: scenic view": "inform",
                "open span: nearby": "inform",
                "open span: nature preserve": "inform",
                "open span: what": "request",
                "open span: evening walk": "inform",
                "venueneigh: punggol": "inform",
                "venuename: punggol waterway park": "confirm",
                "venueaddress": "request"
            }
        },
        {
            "turn idx": 6,
            "agent": {
                "transcript": "the park is at punggol singapore.",
                "img_gts": [],
                "dialog_act": {
                    "venueneigh: punggol": "inform",
                    "venueaddress: punggol singapore": "inform"
                }
            },
            "user": {
                "transcript": "do you have any suggestions for this park?",
                "img_gts": [],
                "turn_label": {
                    "open span: tip or suggestion": "request"
                }
            },
            "bstate": {
                "open span: shopping mall": "request",
                "open span: mall": "request",
                "open span: bubble tea": "inform",
                "open span: picnic": "inform",
                "open span: building": "inform",
                "img_gts: building": "inform",
                "open span: scenic view": "inform",
                "open span: nearby": "inform",
                "open span: nature preserve": "inform",
                "open span: what": "request",
                "open span: evening walk": "inform",
                "venuename: punggol waterway park": "confirm",
                "venueneigh: punggol": "inform",
                "venueaddress: punggol singapore": "inform",
                "open span: tip or suggestion": "request"
            }
        },
        {
            "turn idx": 7,
            "agent": {
                "transcript": "the park has a beautiful scenery with the touch of cool breeze at night so it's a great place for an evening walk. you can even picnic here!",
                "img_gts": [],
                "dialog_act": {
                    "open span: picnic": "inform",
                    "open span: beautiful scenery": "inform",
                    "open span: great place": "inform",
                    "open span: park": "inform",
                    "open span: evening walk": "inform"
                }
            },
            "user": {
                "transcript": "thank you. i don't have any other queries.",
                "img_gts": [],
                "turn_label": {
                    "placeholder": "bye"
                }
            },
            "bstate": {
                "open span: shopping mall": "request",
                "open span: mall": "request",
                "open span: bubble tea": "inform",
                "open span: picnic": "inform",
                "open span: building": "inform",
                "img_gts: building": "inform",
                "open span: scenic view": "inform",
                "open span: nearby": "inform",
                "open span: nature preserve": "inform",
                "open span: what": "request",
                "open span: evening walk": "inform",
                "venuename: punggol waterway park": "confirm",
                "venueneigh: punggol": "inform",
                "venueaddress: punggol singapore": "inform",
                "open span: beautiful scenery": "inform",
                "open span: great place": "inform",
                "open span: park": "inform"
            }
        },
        {
            "turn idx": 8,
            "agent": {
                "transcript": "my pleasure.",
                "img_gts": [],
                "dialog_act": {
                    "placeholder": "bye"
                }
            },
            "user": {
                "transcript": "",
                "img_gts": [],
                "turn_label": {}
            },
            "bstate": {
                "open span: shopping mall": "request",
                "open span: mall": "request",
                "open span: bubble tea": "inform",
                "open span: picnic": "inform",
                "open span: building": "inform",
                "img_gts: building": "inform",
                "open span: scenic view": "inform",
                "open span: nearby": "inform",
                "open span: nature preserve": "inform",
                "open span: what": "request",
                "open span: evening walk": "inform",
                "venuename: punggol waterway park": "confirm",
                "venueneigh: punggol": "inform",
                "venueaddress: punggol singapore": "inform",
                "open span: beautiful scenery": "inform",
                "open span: great place": "inform",
                "open span: park": "inform"
            }
        }
    ],
    "user rating": 5,
    "user setting": "you are at <b>punggol</b>. plan to drink <b>bubble tea</b> in a <b>shopping mall</b>, later visit a <b>nature preserve</b>. <b>**use at least three turns of question&answers to find one venue!**</b>",
    "goal": {
        "id": 1639,
        "type": "multiple",
        "modality": "multiple",
        "content": [
            {
                "imgs": [
                    "53316da5d2725a323f912f8993f1c642"
                ],
                "terms": [
                    "sushi",
                    "lunch",
                    "prima deli",
                    "food courts",
                    "dinner",
                    "bubble tea",
                    "buns",
                    "bread",
                    "koufu",
                    "duck rice",
                    "groceries",
                    "chocolate fudge cake",
                    "brunch food",
                    "ice talk express",
                    "breakfast food",
                    "bus",
                    "prata",
                    "waffles"
                ],
                "venueCat": [
                    "Shopping Mall"
                ],
                "venueName": "Punggol Plaza",
                "preference": {
                    "Punggol": 2,
                    "bubble tea": 2,
                    "get address": 3,
                    "Shopping Mall": 2,
                    "show building image for guidance": 1
                },
                "venueNeigh": "Punggol",
                "venueScore": "poor",
                "Credit Cards": "Yes"
            },
            {
                "imgs": [
                    "75e555bcc02e27abc434f6aa6a697a00",
                    "7a6f893c131ad17ba859bbe1ab2e35cd"
                ],
                "terms": [
                    "cycling",
                    "evening walk",
                    "park",
                    "scenic views",
                    "casual",
                    "picnics",
                    "fishing",
                    "sand pit"
                ],
                "venueCat": [
                    "Park",
                    "River",
                    "and Nature Preserve"
                ],
                "venueName": "Punggol Waterway Park",
                "preference": {
                    "fishing": 1,
                    "evening walk": 2,
                    "scenic views": 2,
                    "excellent venue score": 1,
                    "get address and ask for suggestions": 3
                },
                "venueNeigh": "Punggol",
                "venueScore": "excellent"
            }
        ],
        "cnv_cnt": 10,
        "user_setting": "You are at <b>Punggol</b>. Plan to drink <b>bubble tea</b> in a <b>Shopping Mall</b>, later visit a <b>Nature Preserve</b>. <b>**Use at least three turns of Question&Answers to find one venue!**</b>",
        "user_location": "Punggol"
    }
}