{
    "id": "5138",
    "dialogue": [
        {
            "turn idx": 0,
            "agent": {
                "transcript": "",
                "img_gts": [],
                "dialog_act": {}
            },
            "user": {
                "transcript": "hi, i am looking for a place to have some lunch at moderate prices. could you help me find somewhere to go to?",
                "img_gts": [],
                "turn_label": {
                    "menus: lunch": "inform",
                    "open span: place": "inform",
                    "price: moderate": "inform",
                    "placeholder": "greet"
                }
            },
            "bstate": {
                "menus: lunch": "inform",
                "open span: place": "inform",
                "price: moderate": "inform"
            }
        },
        {
            "turn idx": 1,
            "agent": {
                "transcript": "sure, what kind of place are you looking for?",
                "img_gts": [],
                "dialog_act": {
                    "open span: type": "request"
                }
            },
            "user": {
                "transcript": "i am looking for somewhere along orchard road that is casual.",
                "img_gts": [],
                "turn_label": {
                    "venueneigh: orchard road": "inform",
                    "open span: casual": "inform"
                }
            },
            "bstate": {
                "menus: lunch": "inform",
                "open span: place": "inform",
                "price: moderate": "inform",
                "open span: type": "request",
                "venueneigh: orchard road": "inform",
                "open span: casual": "inform"
            }
        },
        {
            "turn idx": 2,
            "agent": {
                "transcript": "is there anything else you would like?",
                "img_gts": [],
                "dialog_act": {
                    "open span: anything else": "request"
                }
            },
            "user": {
                "transcript": "i would like to go to a japanese restaurant that has food like authentic sashimi in this picture and maybe some miso and rice.",
                "img_gts": [
                    "sashimi"
                ],
                "turn_label": {
                    "open span: picture": "inform",
                    "open span: japanese restaurant": "inform",
                    "open span: authentic": "inform",
                    "open span: sashimi": "inform",
                    "open span: miso": "inform",
                    "open span: rice": "inform",
                    "img_gts: sashimi": "inform"
                }
            },
            "bstate": {
                "menus: lunch": "inform",
                "open span: place": "inform",
                "price: moderate": "inform",
                "venueneigh: orchard road": "inform",
                "open span: casual": "inform",
                "open span: anything else": "request",
                "open span: picture": "inform",
                "open span: japanese restaurant": "inform",
                "open span: authentic": "inform",
                "open span: sashimi": "inform",
                "open span: miso": "inform",
                "open span: rice": "inform",
                "img_gts: sashimi": "inform"
            }
        },
        {
            "turn idx": 3,
            "agent": {
                "transcript": "you can try going to akashi. someone has said: try the amazing sushi and sashimi but be willing to spend!",
                "img_gts": [],
                "dialog_act": {
                    "venuename: akashi": "recommend",
                    "open span: sashimi": "inform",
                    "open span: amazing": "inform",
                    "open span: sushi": "inform"
                }
            },
            "user": {
                "transcript": "do they take reservations?",
                "img_gts": [],
                "turn_label": {
                    "reservations: yes": "request"
                }
            },
            "bstate": {
                "menus: lunch": "inform",
                "open span: place": "inform",
                "price: moderate": "inform",
                "venueneigh: orchard road": "inform",
                "open span: casual": "inform",
                "open span: picture": "inform",
                "open span: japanese restaurant": "inform",
                "open span: authentic": "inform",
                "open span: sashimi": "inform",
                "open span: miso": "inform",
                "open span: rice": "inform",
                "img_gts: sashimi": "inform",
                "venuename: akashi": "recommend",
                "open span: amazing": "inform",
                "open span: sushi": "inform",
                "reservations: yes": "request"
            }
        },
        {
            "turn idx": 4,
            "agent": {
                "transcript": "yes, they do.",
                "img_gts": [],
                "dialog_act": {
                    "reservations: yes": "inform",
                    "open span: yes": "inform"
                }
            },
            "user": {
                "transcript": "could i get their phone number to make a reservation? could i also get their address?",
                "img_gts": [],
                "turn_label": {
                    "telephone": "request",
                    "reservations: yes": "inform",
                    "venueaddress": "request"
                }
            },
            "bstate": {
                "menus: lunch": "inform",
                "open span: place": "inform",
                "price: moderate": "inform",
                "venueneigh: orchard road": "inform",
                "open span: casual": "inform",
                "open span: picture": "inform",
                "open span: japanese restaurant": "inform",
                "open span: authentic": "inform",
                "open span: sashimi": "inform",
                "open span: miso": "inform",
                "open span: rice": "inform",
                "img_gts: sashimi": "inform",
                "venuename: akashi": "recommend",
                "open span: amazing": "inform",
                "open span: sushi": "inform",
                "open span: yes": "inform",
                "telephone": "request",
                "reservations: yes": "inform",
                "venueaddress": "request"
            }
        },
        {
            "turn idx": 5,
            "agent": {
                "transcript": "their phone number is +65 6735 8887. and their address is #b1-01, paragon shopping centre (290 orchard rd) 238859 singapore.",
                "img_gts": [],
                "dialog_act": {
                    "telephone: +65 6735 8887": "inform",
                    "venueaddress: #b1-01, paragon shopping centre (290 orchard rd) 238859 singapore": "inform"
                }
            },
            "user": {
                "transcript": "okay! do you also know if there is a shopping mall nearby to go to?",
                "img_gts": [],
                "turn_label": {
                    "open span: shopping mall": "request",
                    "open span: nearby": "inform",
                    "venuename: akashi": "confirm"
                }
            },
            "bstate": {
                "menus: lunch": "inform",
                "open span: place": "inform",
                "price: moderate": "inform",
                "venueneigh: orchard road": "inform",
                "open span: casual": "inform",
                "open span: picture": "inform",
                "open span: japanese restaurant": "inform",
                "open span: authentic": "inform",
                "open span: sashimi": "inform",
                "open span: miso": "inform",
                "open span: rice": "inform",
                "img_gts: sashimi": "inform",
                "open span: amazing": "inform",
                "open span: sushi": "inform",
                "open span: yes": "inform",
                "reservations: yes": "inform",
                "telephone: +65 67358887": "inform",
                "venueaddress: #b1-01, paragon shopping centre (290 orchard rd) 238859 singapore": "inform",
                "open span: shopping mall": "request",
                "open span: nearby": "inform",
                "venuename: akashi": "confirm"
            }
        },
        {
            "turn idx": 6,
            "agent": {
                "transcript": "there are a few shopping malls along orchard road. what kind of mall are you looking for?",
                "img_gts": [],
                "dialog_act": {
                    "open span: shopping mall": "inform",
                    "venueneigh: orchard road": "inform",
                    "open span: type": "request"
                }
            },
            "user": {
                "transcript": "i am looking for somewhere to do facials and maybe a massage.",
                "img_gts": [],
                "turn_label": {
                    "open span: massage": "inform",
                    "open span: facial": "inform"
                }
            },
            "bstate": {
                "menus: lunch": "inform",
                "open span: place": "inform",
                "price: moderate": "inform",
                "open span: casual": "inform",
                "open span: picture": "inform",
                "open span: japanese restaurant": "inform",
                "open span: authentic": "inform",
                "open span: sashimi": "inform",
                "open span: miso": "inform",
                "open span: rice": "inform",
                "img_gts: sashimi": "inform",
                "open span: amazing": "inform",
                "open span: sushi": "inform",
                "open span: yes": "inform",
                "reservations: yes": "inform",
                "telephone: +65 67358887": "inform",
                "venueaddress: #b1-01, paragon shopping centre (290 orchard rd) 238859 singapore": "inform",
                "open span: shopping mall": "inform",
                "open span: nearby": "inform",
                "venuename: akashi": "confirm",
                "venueneigh: orchard road": "inform",
                "open span: type": "request",
                "open span: massage": "inform",
                "open span: facial": "inform"
            }
        },
        {
            "turn idx": 7,
            "agent": {
                "transcript": "you can go to orchard plaza.",
                "img_gts": [],
                "dialog_act": {
                    "venuename: orchard plaza": "recommend"
                }
            },
            "user": {
                "transcript": "could i get the address of the place and a picture of the building?",
                "img_gts": [],
                "turn_label": {
                    "venueaddress": "request",
                    "open span: picture": "request",
                    "open span: building": "inform"
                }
            },
            "bstate": {
                "menus: lunch": "inform",
                "open span: place": "inform",
                "price: moderate": "inform",
                "open span: casual": "inform",
                "open span: japanese restaurant": "inform",
                "open span: authentic": "inform",
                "open span: sashimi": "inform",
                "open span: miso": "inform",
                "open span: rice": "inform",
                "img_gts: sashimi": "inform",
                "open span: amazing": "inform",
                "open span: sushi": "inform",
                "open span: yes": "inform",
                "reservations: yes": "inform",
                "telephone: +65 67358887": "inform",
                "open span: shopping mall": "inform",
                "open span: nearby": "inform",
                "venueneigh: orchard road": "inform",
                "open span: massage": "inform",
                "open span: facial": "inform",
                "venuename: orchard plaza": "recommend",
                "venueaddress": "request",
                "open span: building": "inform"
            }
        },
        {
            "turn idx": 8,
            "agent": {
                "transcript": "the address is 150 orchard rd 238841 singapore and here is a picture of the building.",
                "img_gts": [
                    "building"
                ],
                "dialog_act": {
                    "venueaddress: 150 orchard rd 238841 singapore": "inform",
                    "open span: picture": "inform",
                    "open span: building": "inform",
                    "img_gts: building": "inform"
                }
            },
            "user": {
                "transcript": "could i also get other information about the place?",
                "img_gts": [],
                "turn_label": {
                    "open span: information": "request",
                    "open span: other": "request"
                }
            },
            "bstate": {
                "menus: lunch": "inform",
                "open span: place": "inform",
                "price: moderate": "inform",
                "open span: casual": "inform",
                "open span: japanese restaurant": "inform",
                "open span: authentic": "inform",
                "open span: sashimi": "inform",
                "open span: miso": "inform",
                "open span: rice": "inform",
                "open span: amazing": "inform",
                "open span: sushi": "inform",
                "open span: yes": "inform",
                "reservations: yes": "inform",
                "telephone: +65 67358887": "inform",
                "open span: shopping mall": "inform",
                "open span: nearby": "inform",
                "venueneigh: orchard road": "inform",
                "open span: massage": "inform",
                "open span: facial": "inform",
                "venuename: orchard plaza": "recommend",
                "open span: building": "inform",
                "venueaddress: 150 orchard rd 238841 singapore": "inform",
                "open span: picture": "inform",
                "img_gts: building": "inform",
                "open span: information": "request",
                "open span: other": "request"
            }
        },
        {
            "turn idx": 9,
            "agent": {
                "transcript": "their venue score is 6.2/10. and someone has said: i'm very pleased with tailor ron for delivering 3 x exquisite slim-cut italian fabric tuxedo suits within a week @s$1.2k/-. ron master tailors, #01-14. t: 6735 1992.",
                "img_gts": [],
                "dialog_act": {
                    "venuescore: 6.2/10": "inform"
                }
            },
            "user": {
                "transcript": "okay, great!",
                "img_gts": [],
                "turn_label": {
                    "venuename: orchard plaza": "confirm"
                }
            },
            "bstate": {
                "menus: lunch": "inform",
                "open span: place": "inform",
                "price: moderate": "inform",
                "open span: casual": "inform",
                "open span: japanese restaurant": "inform",
                "open span: authentic": "inform",
                "open span: sashimi": "inform",
                "open span: miso": "inform",
                "open span: rice": "inform",
                "open span: amazing": "inform",
                "open span: sushi": "inform",
                "open span: yes": "inform",
                "reservations: yes": "inform",
                "telephone: +65 67358887": "inform",
                "open span: shopping mall": "inform",
                "open span: nearby": "inform",
                "venueneigh: orchard road": "inform",
                "open span: massage": "inform",
                "open span: facial": "inform",
                "open span: building": "inform",
                "venueaddress: 150 orchard rd 238841 singapore": "inform",
                "open span: picture": "inform",
                "img_gts: building": "inform",
                "open span: other": "request",
                "venuescore: 6.2/10": "inform",
                "venuename: orchard plaza": "confirm"
            }
        },
        {
            "turn idx": 10,
            "agent": {
                "transcript": "is there anything else i can help with?",
                "img_gts": [],
                "dialog_act": {
                    "open span: anything else": "request"
                }
            },
            "user": {
                "transcript": "nope, thank you!",
                "img_gts": [],
                "turn_label": {
                    "placeholder": "bye"
                }
            },
            "bstate": {
                "menus: lunch": "inform",
                "open span: place": "inform",
                "price: moderate": "inform",
                "open span: casual": "inform",
                "open span: japanese restaurant": "inform",
                "open span: authentic": "inform",
                "open span: sashimi": "inform",
                "open span: miso": "inform",
                "open span: rice": "inform",
                "open span: amazing": "inform",
                "open span: sushi": "inform",
                "open span: yes": "inform",
                "reservations: yes": "inform",
                "telephone: +65 67358887": "inform",
                "open span: shopping mall": "inform",
                "open span: nearby": "inform",
                "venueneigh: orchard road": "inform",
                "open span: massage": "inform",
                "open span: facial": "inform",
                "open span: building": "inform",
                "venueaddress: 150 orchard rd 238841 singapore": "inform",
                "open span: picture": "inform",
                "img_gts: building": "inform",
                "open span: other": "request",
                "venuescore: 6.2/10": "inform",
                "venuename: orchard plaza": "confirm",
                "open span: anything else": "request"
            }
        }
    ],
    "user rating": 5,
    "user setting": "you are around <b>orchard road</b>. plan to have <b>lunch</b> in <b>japanese restaurant</b> and do <b>facials</b> later with your <b>friend</b>. <b>**use at least three turns of question&answers to find one venue!**</b>",
    "goal": {
        "id": 1629,
        "type": "multiple",
        "modality": "multiple",
        "content": [
            {
                "imgs": [
                    "400679f77e2d3f49d51dd67c46ea54f4",
                    "dcb351bc5117f18f0a54b353a9f2f685",
                    "8dd07812aed2a1854368113a8625e48a",
                    "45d33caa9287deebd9778c896cb0e3db"
                ],
                "Menus": [
                    "Brunch",
                    "Lunch",
                    "Dinner"
                ],
                "price": "Moderate",
                "terms": [
                    "miso",
                    "rice",
                    "soba",
                    "beef",
                    "eel",
                    "sake",
                    "salads",
                    "Gindara",
                    "tofu",
                    "wasabi",
                    "casual",
                    "lunch",
                    "dinner",
                    "family-friendly",
                    "freshly grates",
                    "great value",
                    "chicken",
                    "sashimi",
                    "authentic",
                    "katsu"
                ],
                "venueCat": [
                    "Japanese Restaurant"
                ],
                "venueName": "Akashi",
                "preference": {
                    "lunch": 1,
                    "Orchard Road": 2,
                    "Moderate price": 1,
                    "check reservation": 2,
                    "authentic sashimi by image": 1,
                    "get address and phone number for reservation": 3
                },
                "venueNeigh": "Orchard Road",
                "venueScore": "average",
                "venueDomain": "food",
                "Credit Cards": "Yes",
                "Reservations": "Yes",
                "Dining Options": [
                    "No Delivery"
                ],
                "Outdoor Seating": "No"
            },
            {
                "imgs": [
                    "4f8e8784745df2dd66bd5fc222a6eda2",
                    "cf28971ebae26d9c656e4073fad88305"
                ],
                "terms": [
                    "arts",
                    "dinner",
                    "rice",
                    "massage",
                    "tuxedos",
                    "facials"
                ],
                "venueCat": [
                    "Shopping Mall",
                    "Boutique",
                    "Clothing Store"
                ],
                "venueName": "Orchard Plaza",
                "preference": {
                    "facials": 2,
                    "Shopping Mall": 2,
                    "show building image for guidance": 1,
                    "get address and other information": 3
                },
                "venueNeigh": "Orchard Road",
                "venueScore": "fair",
                "venueDomain": "mall",
                "Credit Cards": "Yes"
            }
        ],
        "cnv_cnt": 20,
        "user_setting": "You are around <b>Orchard Road</b>. Plan to have <b>lunch</b> in <b>Japanese Restaurant</b> and do <b>facials</b> later with your <b>friend</b>. <b>**Use at least three turns of Question&Answers to find one venue!**</b>",
        "user_location": "Orchard Road"
    }
}