{
    "id": "5289",
    "dialogue": [
        {
            "turn idx": 0,
            "agent": {
                "transcript": "",
                "img_gts": [],
                "dialog_act": {}
            },
            "user": {
                "transcript": "hello is there a shopping mall in choa chu kang? i'd like to get some information about 3 malls for comparison.",
                "img_gts": [],
                "turn_label": {
                    "venueneigh: choa chu kang": "inform",
                    "open span: information": "inform",
                    "open span: mall": "inform",
                    "placeholder": "greet"
                }
            },
            "bstate": {
                "venueneigh: choa chu kang": "inform",
                "open span: information": "inform",
                "open span: mall": "inform"
            }
        },
        {
            "turn idx": 1,
            "agent": {
                "transcript": "what kind of shopping mall are you looking for?",
                "img_gts": [],
                "dialog_act": {
                    "open span: preference": "request"
                }
            },
            "user": {
                "transcript": "i came across this picture on the internet. can you tell me where it is?",
                "img_gts": [
                    "building"
                ],
                "turn_label": {
                    "open span: image": "inform",
                    "img_gts: building": "inform"
                }
            },
            "bstate": {
                "venueneigh: choa chu kang": "inform",
                "open span: information": "inform",
                "open span: mall": "inform",
                "open span: preference": "request",
                "open span: image": "inform",
                "img_gts: building": "inform"
            }
        },
        {
            "turn idx": 2,
            "agent": {
                "transcript": "well, this is junction 10.",
                "img_gts": [],
                "dialog_act": {
                    "venuename: junction 10": "recommend"
                }
            },
            "user": {
                "transcript": "is there anything i need to take note of?",
                "img_gts": [],
                "turn_label": {
                    "venuename: junction 10": "confirm",
                    "open span: tip or suggestion": "request"
                }
            },
            "bstate": {
                "venueneigh: choa chu kang": "inform",
                "open span: information": "inform",
                "open span: mall": "inform",
                "open span: image": "inform",
                "img_gts: building": "inform",
                "venuename: junction 10": "confirm",
                "open span: tip or suggestion": "request"
            }
        },
        {
            "turn idx": 3,
            "agent": {
                "transcript": "the first lrt rail service (service \"c\") from this station starts at 9am and ends at 11pm. the frequency is 20mins.",
                "img_gts": [],
                "dialog_act": {}
            },
            "user": {
                "transcript": "that is useful to know. can you give me another shopping mall that has pets and kittens?",
                "img_gts": [],
                "turn_label": {
                    "open span: pet": "inform",
                    "open span: kitten": "inform",
                    "open span: mall": "inform"
                }
            },
            "bstate": {
                "venueneigh: choa chu kang": "inform",
                "open span: information": "inform",
                "open span: mall": "inform",
                "open span: image": "inform",
                "img_gts: building": "inform",
                "venuename: junction 10": "confirm",
                "open span: pet": "inform",
                "open span: kitten": "inform"
            }
        },
        {
            "turn idx": 4,
            "agent": {
                "transcript": "then limbang shopping centre is the place for you.",
                "img_gts": [],
                "dialog_act": {
                    "venuename: limbang shopping centre": "recommend"
                }
            },
            "user": {
                "transcript": "what suggestions do you have for me there?",
                "img_gts": [],
                "turn_label": {
                    "open span: recommendation": "request"
                }
            },
            "bstate": {
                "venueneigh: choa chu kang": "inform",
                "open span: information": "inform",
                "open span: mall": "inform",
                "open span: image": "inform",
                "img_gts: building": "inform",
                "open span: pet": "inform",
                "open span: kitten": "inform",
                "venuename: limbang shopping centre": "recommend",
                "open span: recommendation": "request"
            }
        },
        {
            "turn idx": 5,
            "agent": {
                "transcript": "you can get cute pets at takara pets shop.",
                "img_gts": [],
                "dialog_act": {}
            },
            "user": {
                "transcript": "nice. what's the address of this place?",
                "img_gts": [],
                "turn_label": {
                    "venueaddress": "request",
                    "venuename: limbang shopping centre": "confirm"
                }
            },
            "bstate": {
                "venueneigh: choa chu kang": "inform",
                "open span: information": "inform",
                "open span: mall": "inform",
                "open span: image": "inform",
                "img_gts: building": "inform",
                "open span: pet": "inform",
                "open span: kitten": "inform",
                "venueaddress": "request",
                "venuename: limbang shopping centre": "confirm"
            }
        },
        {
            "turn idx": 6,
            "agent": {
                "transcript": "534 choa chu kang street 51 680534 singapore is where they are located.",
                "img_gts": [],
                "dialog_act": {
                    "venueneigh: choa chu kang": "inform",
                    "venueaddress: 534 choa chu kang street 51 680534 singapore": "inform"
                }
            },
            "user": {
                "transcript": "then for the last shopping mall, i'd like a place where i can get desserts at the food courts.",
                "img_gts": [],
                "turn_label": {
                    "open span: dessert": "infrom"
                }
            },
            "bstate": {
                "open span: information": "inform",
                "open span: mall": "inform",
                "open span: image": "inform",
                "img_gts: building": "inform",
                "open span: pet": "inform",
                "open span: kitten": "inform",
                "venuename: limbang shopping centre": "confirm",
                "venueneigh: choa chu kang": "inform",
                "venueaddress: 534 choa chu kang street 51 680534 singapore": "inform",
                "open span: dessert": "infrom"
            }
        },
        {
            "turn idx": 7,
            "agent": {
                "transcript": "then lot one shoppers' mall is where you should head to.",
                "img_gts": [],
                "dialog_act": {
                    "venuename: lot one shoppers' mall": "recommend"
                }
            },
            "user": {
                "transcript": "any tips for me there?",
                "img_gts": [],
                "turn_label": {
                    "venuename: lot one shoppers' mall": "confirm",
                    "open span: tip or suggestion": "request"
                }
            },
            "bstate": {
                "open span: information": "inform",
                "open span: mall": "inform",
                "open span: image": "inform",
                "img_gts: building": "inform",
                "open span: pet": "inform",
                "open span: kitten": "inform",
                "venueneigh: choa chu kang": "inform",
                "venueaddress: 534 choa chu kang street 51 680534 singapore": "inform",
                "open span: dessert": "infrom",
                "venuename: lot one shoppers' mall": "confirm",
                "open span: tip or suggestion": "request"
            }
        },
        {
            "turn idx": 8,
            "agent": {
                "transcript": "food culture has great food, try the saba fish set.",
                "img_gts": [],
                "dialog_act": {}
            },
            "user": {
                "transcript": "thanks, the information has been very helpful.",
                "img_gts": [],
                "turn_label": {
                    "placeholder": "bye"
                }
            },
            "bstate": {
                "open span: information": "inform",
                "open span: mall": "inform",
                "open span: image": "inform",
                "img_gts: building": "inform",
                "open span: pet": "inform",
                "open span: kitten": "inform",
                "venueneigh: choa chu kang": "inform",
                "venueaddress: 534 choa chu kang street 51 680534 singapore": "inform",
                "open span: dessert": "infrom",
                "venuename: lot one shoppers' mall": "confirm"
            }
        }
    ],
    "user rating": 5,
    "user setting": "you are looking for a <b>shopping mall</b> in <b>choa chu kang</b>. you want to get information about 3 different places for comparison. <b>**use at least three turns of question&answers to find one venue!**</b>",
    "goal": {
        "id": 1668,
        "type": "multiple",
        "modality": "multiple",
        "content": [
            {
                "imgs": [
                    "40b087e033469925c19b4aa9d54e4d87",
                    "0de314d61e617b26091a35917107bb64"
                ],
                "terms": [
                    "lunch",
                    "soup dumplings",
                    "bus",
                    "Thai food",
                    "dinner",
                    "groceries",
                    "Asian food",
                    "fresh food",
                    "pizza"
                ],
                "venueCat": [
                    "Shopping Mall"
                ],
                "venueName": "Junction 10",
                "preference": {
                    "Thai food": 1,
                    "groceries": 1,
                    "Asian food": 2,
                    "Choa Chu Kang": 2,
                    "show building image to agent": 1,
                    "get tips or suggestions or things to take note of": 3
                },
                "venueNeigh": "Choa Chu Kang",
                "venueScore": "poor",
                "Credit Cards": "No"
            },
            {
                "imgs": [],
                "terms": [
                    "lunch",
                    "dinner",
                    "cute",
                    "pets",
                    "kittens",
                    "breakfast food"
                ],
                "venueCat": [
                    "Shopping Mall"
                ],
                "venueName": "Limbang Shopping Centre",
                "preference": {
                    "pets": 2,
                    "kittens": 1,
                    "Choa Chu Kang": 2,
                    "get address and tips or suggestions or things to take note of": 3
                },
                "venueNeigh": "Choa Chu Kang",
                "venueScore": "poor",
                "Credit Cards": "Yes"
            },
            {
                "imgs": [],
                "terms": [
                    "lunch",
                    "comfortable",
                    "burgers",
                    "pastamania",
                    "dinner",
                    "sushi",
                    "food culture",
                    "gardens",
                    "cake",
                    "movies",
                    "books",
                    "rooftop",
                    "pizza",
                    "desserts",
                    "shoes",
                    "playground",
                    "french fries",
                    "food courts",
                    "food junction",
                    "breakfast food"
                ],
                "venueCat": [
                    "Shopping Mall"
                ],
                "venueName": "Lot One Shoppers' Mall",
                "preference": {
                    "pizza": 1,
                    "sushi": 1,
                    "burgers": 1,
                    "desserts": 1,
                    "food courts": 1,
                    "Choa Chu Kang": 2,
                    "get tips or suggestions or things to take note of": 3
                },
                "venueNeigh": "Choa Chu Kang",
                "venueScore": "poor",
                "Credit Cards": "Yes"
            }
        ],
        "cnv_cnt": 10,
        "user_setting": "You are looking for a <b>shopping mall</b> in <b>Choa Chu Kang</b>. You want to get information about 3 different places for comparison. <b>**Use at least three turns of Question&Answers to find one venue!**</b>",
        "user_location": "unknown"
    }
}