{
    "id": "5315",
    "dialogue": [
        {
            "turn idx": 0,
            "agent": {
                "transcript": "",
                "img_gts": [],
                "dialog_act": {}
            },
            "user": {
                "transcript": "hello! i need some food recommendations. hello! where are you?",
                "img_gts": [],
                "turn_label": {
                    "open span: recommendation": "request",
                    "open span: food": "inform",
                    "placeholder": "greet"
                }
            },
            "bstate": {
                "open span: recommendation": "request",
                "open span: food": "inform"
            }
        },
        {
            "turn idx": 1,
            "agent": {
                "transcript": "hello! where are you?",
                "img_gts": [],
                "dialog_act": {
                    "venueneigh": "request"
                }
            },
            "user": {
                "transcript": "i am in jurong east.",
                "img_gts": [],
                "turn_label": {
                    "venueneigh: jurong east": "inform"
                }
            },
            "bstate": {
                "open span: food": "inform",
                "venueneigh: jurong east": "inform"
            }
        },
        {
            "turn idx": 2,
            "agent": {
                "transcript": "what kind of food are you looking for?",
                "img_gts": [],
                "dialog_act": {
                    "open span: food": "inform",
                    "open span: preference": "request"
                }
            },
            "user": {
                "transcript": "i want to find some local breakfast food.",
                "img_gts": [],
                "turn_label": {
                    "open span: local food": "inform",
                    "menus: breakfast": "inform"
                }
            },
            "bstate": {
                "open span: food": "inform",
                "venueneigh: jurong east": "inform",
                "open span: preference": "request",
                "open span: local food": "inform",
                "menus: breakfast": "inform"
            }
        },
        {
            "turn idx": 3,
            "agent": {
                "transcript": "what kind of place do you want to eat at?",
                "img_gts": [],
                "dialog_act": {
                    "open span: place": "inform",
                    "open span: preference": "request"
                }
            },
            "user": {
                "transcript": "i am looking for a food court.",
                "img_gts": [],
                "turn_label": {
                    "open span: food court": "inform"
                }
            },
            "bstate": {
                "open span: food": "inform",
                "venueneigh: jurong east": "inform",
                "open span: local food": "inform",
                "menus: breakfast": "inform",
                "open span: place": "inform",
                "open span: food court": "inform"
            }
        },
        {
            "turn idx": 4,
            "agent": {
                "transcript": "you can try penjuru foodcourt. they have  a lot of local and homemade food.",
                "img_gts": [],
                "dialog_act": {
                    "venuename: penjuru foodcourt": "recommend",
                    "open span: local": "inform",
                    "open span: homemade food": "inform"
                }
            },
            "user": {
                "transcript": "do you have any food recommendation?",
                "img_gts": [],
                "turn_label": {}
            },
            "bstate": {
                "open span: food": "inform",
                "venueneigh: jurong east": "inform",
                "open span: local food": "inform",
                "menus: breakfast": "inform",
                "open span: place": "inform",
                "open span: food court": "inform",
                "venuename: penjuru foodcourt": "recommend",
                "open span: local": "inform",
                "open span: homemade food": "inform"
            }
        },
        {
            "turn idx": 5,
            "agent": {
                "transcript": "you can try the tau suan.",
                "img_gts": [
                    "rice porridge",
                    "dessert"
                ],
                "dialog_act": {
                    "open span: tau suan": "inform",
                    "open span: image": "inform",
                    "img_gts: rice porridge, dessert": "inform"
                }
            },
            "user": {
                "transcript": "i see. can you also recommend another place?",
                "img_gts": [],
                "turn_label": {
                    "open span: place": "request",
                    "open span: another": "request"
                }
            },
            "bstate": {
                "open span: food": "inform",
                "venueneigh: jurong east": "inform",
                "open span: local food": "inform",
                "menus: breakfast": "inform",
                "open span: food court": "inform",
                "venuename: penjuru foodcourt": "recommend",
                "open span: local": "inform",
                "open span: homemade food": "inform",
                "open span: tau suan": "inform",
                "open span: image": "inform",
                "img_gts: rice porridge, dessert": "inform",
                "open span: another": "request"
            }
        },
        {
            "turn idx": 6,
            "agent": {
                "transcript": "where would you like to go this time?",
                "img_gts": [],
                "dialog_act": {
                    "venueneigh": "request"
                }
            },
            "user": {
                "transcript": "in jurong east as well.",
                "img_gts": [],
                "turn_label": {
                    "venueneigh": "request"
                }
            },
            "bstate": {
                "open span: food": "inform",
                "open span: local food": "inform",
                "menus: breakfast": "inform",
                "open span: food court": "inform",
                "venuename: penjuru foodcourt": "recommend",
                "open span: local": "inform",
                "open span: homemade food": "inform",
                "open span: tau suan": "inform",
                "open span: image": "inform",
                "img_gts: rice porridge, dessert": "inform",
                "venueneigh": "request"
            }
        },
        {
            "turn idx": 7,
            "agent": {
                "transcript": "what would you like to eat?",
                "img_gts": [],
                "dialog_act": {
                    "open span: preference": "request"
                }
            },
            "user": {
                "transcript": "i feel like having noodles for breakfast food.",
                "img_gts": [],
                "turn_label": {
                    "menus: breakfast": "inform",
                    "open span: noodle": "inform"
                }
            },
            "bstate": {
                "open span: food": "inform",
                "open span: local food": "inform",
                "menus: breakfast": "inform",
                "open span: food court": "inform",
                "venuename: penjuru foodcourt": "recommend",
                "open span: local": "inform",
                "open span: homemade food": "inform",
                "open span: tau suan": "inform",
                "open span: image": "inform",
                "img_gts: rice porridge, dessert": "inform",
                "venueneigh": "request",
                "open span: preference": "request",
                "open span: noodle": "inform"
            }
        },
        {
            "turn idx": 8,
            "agent": {
                "transcript": "do you have a budget?",
                "img_gts": [],
                "dialog_act": {
                    "open span: budget": "inform"
                }
            },
            "user": {
                "transcript": "no.",
                "img_gts": [],
                "turn_label": {
                    "open span: no": "inform"
                }
            },
            "bstate": {
                "open span: food": "inform",
                "open span: local food": "inform",
                "menus: breakfast": "inform",
                "open span: food court": "inform",
                "venuename: penjuru foodcourt": "recommend",
                "open span: local": "inform",
                "open span: homemade food": "inform",
                "open span: tau suan": "inform",
                "open span: image": "inform",
                "img_gts: rice porridge, dessert": "inform",
                "venueneigh": "request",
                "open span: noodle": "inform",
                "open span: budget": "inform",
                "open span: no": "inform"
            }
        },
        {
            "turn idx": 9,
            "agent": {
                "transcript": "you can go to yuhua market & hawker centre.",
                "img_gts": [],
                "dialog_act": {
                    "venuename: yuhua market & hawker centre": "recommend"
                }
            },
            "user": {
                "transcript": "do you have any food suggestions and what is the address?",
                "img_gts": [],
                "turn_label": {
                    "venueaddress": "request"
                }
            },
            "bstate": {
                "open span: food": "inform",
                "open span: local food": "inform",
                "menus: breakfast": "inform",
                "open span: food court": "inform",
                "open span: local": "inform",
                "open span: homemade food": "inform",
                "open span: tau suan": "inform",
                "open span: image": "inform",
                "img_gts: rice porridge, dessert": "inform",
                "venueneigh": "request",
                "open span: noodle": "inform",
                "open span: budget": "inform",
                "open span: no": "inform",
                "venuename: yuhua market & hawker centre": "recommend",
                "venueaddress": "request"
            }
        },
        {
            "turn idx": 10,
            "agent": {
                "transcript": "you can try the laksa and other noodles. it is located at blk 347 jurong east ave 1 600347 singapore.",
                "img_gts": [
                    "laksa",
                    "seafood noodle",
                    "noodle"
                ],
                "dialog_act": {
                    "venueneigh: jurong east": "inform",
                    "venueaddress: blk 347 jurong east ave 1 600347 singapore": "inform",
                    "open span: laksa": "inform",
                    "open span: noodle": "inform",
                    "open span: image": "inform",
                    "img_gts: laksa, seafood noodle, noodle": "inform"
                }
            },
            "user": {
                "transcript": "i see. thanks for your help!",
                "img_gts": [],
                "turn_label": {
                    "placeholder": "bye"
                }
            },
            "bstate": {
                "open span: food": "inform",
                "open span: local food": "inform",
                "menus: breakfast": "inform",
                "open span: food court": "inform",
                "open span: local": "inform",
                "open span: homemade food": "inform",
                "open span: tau suan": "inform",
                "open span: image": "inform",
                "open span: noodle": "inform",
                "open span: budget": "inform",
                "open span: no": "inform",
                "venuename: yuhua market & hawker centre": "recommend",
                "venueneigh: jurong east": "inform",
                "venueaddress: blk 347 jurong east ave 1 600347 singapore": "inform",
                "open span: laksa": "inform",
                "img_gts: laksa, seafood noodle, noodle": "inform"
            }
        },
        {
            "turn idx": 11,
            "agent": {
                "transcript": "no worries, enjoy your meal!",
                "img_gts": [],
                "dialog_act": {
                    "placeholder": "bye"
                }
            },
            "user": {
                "transcript": "",
                "img_gts": [],
                "turn_label": {}
            },
            "bstate": {
                "open span: food": "inform",
                "open span: local food": "inform",
                "menus: breakfast": "inform",
                "open span: food court": "inform",
                "open span: local": "inform",
                "open span: homemade food": "inform",
                "open span: tau suan": "inform",
                "open span: image": "inform",
                "open span: noodle": "inform",
                "open span: budget": "inform",
                "open span: no": "inform",
                "venuename: yuhua market & hawker centre": "recommend",
                "venueneigh: jurong east": "inform",
                "venueaddress: blk 347 jurong east ave 1 600347 singapore": "inform",
                "open span: laksa": "inform",
                "img_gts: laksa, seafood noodle, noodle": "inform"
            }
        }
    ],
    "user rating": 5,
    "user setting": "you are in <b>jurong east</b> area. hope to choose a <b>food court</b> for <b>local breakfast food</b>. <b>**use at least three turns of question&answers to find one venue!**</b>",
    "goal": {
        "id": 1656,
        "type": "multiple",
        "modality": "multiple",
        "content": [
            {
                "imgs": [
                    "1d84d74d7310e66876ca3765abfdf5cd",
                    "145218c634e6aa65b4b508cffbd2fd03"
                ],
                "Menus": [
                    "Breakfast",
                    "Brunch",
                    "Lunch"
                ],
                "terms": [
                    "fish",
                    "fat mama",
                    "breakfast food",
                    "lunch",
                    "biryani",
                    "homemade food"
                ],
                "venueCat": [
                    "Food Court and Coffee Shop"
                ],
                "venueName": "Penjuru Foodcourt",
                "preference": {
                    "Food Court": 1,
                    "Jurong East": 2,
                    "homemade food": 1,
                    "breakfast food": 1,
                    "recommed Tau Suan by image": 2,
                    "ask for food recommendation": 3
                },
                "venueNeigh": "Jurong East",
                "venueScore": "average",
                "Credit Cards": "No"
            },
            {
                "imgs": [
                    "82f01d02e37ef7330751b9afbcbb5cfb",
                    "96e36b3d0d5f9de30759b71d5cab554d",
                    "0828a4028a4402b7e6a85dc8d20e7e41"
                ],
                "Menus": [
                    "Breakfast",
                    "Brunch",
                    "Lunch"
                ],
                "terms": [
                    "Hainanese chicken rice",
                    "pork",
                    "vegetarian food",
                    "fresh fruit juice",
                    "soup dumplings",
                    "brunch food",
                    "breakfast food",
                    "lunch",
                    "dinner",
                    "nan feng coffee stall",
                    "laksa",
                    "xing yun",
                    "handmade teochew kueh",
                    "bak kut teh"
                ],
                "venueCat": [
                    "Food Court and Market"
                ],
                "venueName": "Yuhua Market & Hawker Centre",
                "preference": {
                    "Jurong East": 2,
                    "breakfast food": 2,
                    "show noodle image": 1,
                    "recommend laksa by image": 2,
                    "get address and fodd suggestion": 3
                },
                "venueNeigh": "Jurong East",
                "venueScore": "average",
                "Credit Cards": "No"
            }
        ],
        "cnv_cnt": 10,
        "user_setting": "You are in <b>Jurong East</b> area. Hope to choose a <b>Food Court</b> for <b>local breakfast food</b>. <b>**Use at least three turns of Question&Answers to find one venue!**</b>",
        "user_location": "Jurong East"
    }
}