{
    "id": "5342",
    "dialogue": [
        {
            "turn idx": 0,
            "agent": {
                "transcript": "",
                "img_gts": [],
                "dialog_act": {}
            },
            "user": {
                "transcript": "hi! i'm hoping to try the coffee in the picture below. can you tell me the place?",
                "img_gts": [
                    "coffee"
                ],
                "turn_label": {
                    "open span: coffee": "inform",
                    "open span: image": "inform",
                    "open span: place to eat": "request",
                    "placeholder": "greet",
                    "img_gts: coffee": "inform"
                }
            },
            "bstate": {
                "open span: coffee": "inform",
                "open span: image": "inform",
                "open span: place to eat": "request",
                "img_gts: coffee": "inform"
            }
        },
        {
            "turn idx": 1,
            "agent": {
                "transcript": "hello! that coffee is from 6oz espresso bar. they have good coffee and their super friendly staff always smiling!",
                "img_gts": [],
                "dialog_act": {
                    "venuename: 6oz espresso bar": "recommend",
                    "open span: friendly staff": "inform"
                }
            },
            "user": {
                "transcript": "awesome! do they offer delivery?",
                "img_gts": [],
                "turn_label": {
                    "dining options": "request"
                }
            },
            "bstate": {
                "open span: coffee": "inform",
                "open span: image": "inform",
                "img_gts: coffee": "inform",
                "venuename: 6oz espresso bar": "recommend",
                "open span: friendly staff": "inform",
                "dining options": "request"
            }
        },
        {
            "turn idx": 2,
            "agent": {
                "transcript": "no they do not.",
                "img_gts": [],
                "dialog_act": {
                    "dining options: no delivery": "inform"
                }
            },
            "user": {
                "transcript": "aww...do they have outdoor seating?",
                "img_gts": [],
                "turn_label": {
                    "outdoor seating": "request"
                }
            },
            "bstate": {
                "open span: coffee": "inform",
                "open span: image": "inform",
                "img_gts: coffee": "inform",
                "venuename: 6oz espresso bar": "recommend",
                "open span: friendly staff": "inform",
                "dining options: no delivery": "inform",
                "outdoor seating": "request"
            }
        },
        {
            "turn idx": 3,
            "agent": {
                "transcript": "yes they do.",
                "img_gts": [],
                "dialog_act": {
                    "outdoor seating: yes": "inform"
                }
            },
            "user": {
                "transcript": "great! can you give me their address?",
                "img_gts": [],
                "turn_label": {
                    "venueaddress": "request",
                    "venuename: 6oz espresso bar": "confirm"
                }
            },
            "bstate": {
                "open span: coffee": "inform",
                "open span: image": "inform",
                "img_gts: coffee": "inform",
                "open span: friendly staff": "inform",
                "dining options: no delivery": "inform",
                "outdoor seating: yes": "inform",
                "venueaddress": "request",
                "venuename: 6oz espresso bar": "confirm"
            }
        },
        {
            "turn idx": 4,
            "agent": {
                "transcript": "certainly! they are located at tokio marine centre, 01-k1 (20 mccallum street) singapore 069046.",
                "img_gts": [],
                "dialog_act": {
                    "venueaddress: #01-k1, tokio marine centre (20 mccallum st) 069046 singapore": "inform"
                }
            },
            "user": {
                "transcript": "thanks! i'm also planning to visit a cocktail bar later. do you have any recommendations?",
                "img_gts": [],
                "turn_label": {
                    "drinks: full bar": "inform",
                    "drinks:  cocktails": "inform",
                    "open span: recommendation": "request"
                }
            },
            "bstate": {
                "open span: coffee": "inform",
                "open span: image": "inform",
                "img_gts: coffee": "inform",
                "open span: friendly staff": "inform",
                "dining options: no delivery": "inform",
                "outdoor seating: yes": "inform",
                "venuename: 6oz espresso bar": "confirm",
                "venueaddress: #01-k1, tokio marine centre (20 mccallum st) 069046 singapore": "inform",
                "drinks: full bar": "inform",
                "drinks: cocktails": "inform",
                "open span: recommendation": "request"
            }
        },
        {
            "turn idx": 5,
            "agent": {
                "transcript": "i do have a few!  do you have any specific requirements?",
                "img_gts": [],
                "dialog_act": {
                    "open span: preference": "request"
                }
            },
            "user": {
                "transcript": "i'll need a place that is good for groups.",
                "img_gts": [],
                "turn_label": {
                    "open span: good for group": "inform"
                }
            },
            "bstate": {
                "open span: coffee": "inform",
                "open span: image": "inform",
                "img_gts: coffee": "inform",
                "open span: friendly staff": "inform",
                "dining options: no delivery": "inform",
                "outdoor seating: yes": "inform",
                "venuename: 6oz espresso bar": "confirm",
                "venueaddress: #01-k1, tokio marine centre (20 mccallum st) 069046 singapore": "inform",
                "drinks: full bar": "inform",
                "drinks: cocktails": "inform",
                "open span: preference": "request",
                "open span: good for group": "inform"
            }
        },
        {
            "turn idx": 6,
            "agent": {
                "transcript": "i would recommend the black swan then. it's a little piece of manhattan in the heart of this city. here is a picture of their interior.",
                "img_gts": [
                    "bar interior"
                ],
                "dialog_act": {
                    "venuename: the black swan": "recommend",
                    "open span: image": "inform",
                    "img_gts: bar interior": "inform"
                }
            },
            "user": {
                "transcript": "cool! what is their address?",
                "img_gts": [],
                "turn_label": {
                    "venueaddress": "request",
                    "venuename: the black swan": "confirm"
                }
            },
            "bstate": {
                "open span: coffee": "inform",
                "open span: image": "inform",
                "open span: friendly staff": "inform",
                "dining options: no delivery": "inform",
                "outdoor seating: yes": "inform",
                "drinks: full bar": "inform",
                "drinks: cocktails": "inform",
                "open span: good for group": "inform",
                "img_gts: bar interior": "inform",
                "venueaddress": "request",
                "venuename: the black swan": "confirm"
            }
        },
        {
            "turn idx": 7,
            "agent": {
                "transcript": "you can find them at 19 cecil street #01-01 singapore 049704.",
                "img_gts": [],
                "dialog_act": {
                    "venueaddress: 19 cecil street #01-01 049704 singapore": "inform"
                }
            },
            "user": {
                "transcript": "thanks for all your help!",
                "img_gts": [],
                "turn_label": {
                    "placeholder": "bye"
                }
            },
            "bstate": {
                "open span: coffee": "inform",
                "open span: image": "inform",
                "open span: friendly staff": "inform",
                "dining options: no delivery": "inform",
                "outdoor seating: yes": "inform",
                "drinks: full bar": "inform",
                "drinks: cocktails": "inform",
                "open span: good for group": "inform",
                "img_gts: bar interior": "inform",
                "venuename: the black swan": "confirm",
                "venueaddress: 19 cecil street #01-01 049704 singapore": "inform"
            }
        },
        {
            "turn idx": 8,
            "agent": {
                "transcript": "my pleasure! hope you have a wonderful time.",
                "img_gts": [],
                "dialog_act": {
                    "placeholder": "bye"
                }
            },
            "user": {
                "transcript": "",
                "img_gts": [],
                "turn_label": {}
            },
            "bstate": {
                "open span: coffee": "inform",
                "open span: image": "inform",
                "open span: friendly staff": "inform",
                "dining options: no delivery": "inform",
                "outdoor seating: yes": "inform",
                "drinks: full bar": "inform",
                "drinks: cocktails": "inform",
                "open span: good for group": "inform",
                "img_gts: bar interior": "inform",
                "venuename: the black swan": "confirm",
                "venueaddress: 19 cecil street #01-01 049704 singapore": "inform"
            }
        }
    ],
    "user rating": 4,
    "user setting": "you hope to try the <b>coffee</b> as in the <b>image</b>. also you plan to go to a <b>cocktail bar</b> with <b>several friends</b>. <b>**use at least three turns of question&answers to find one venue!**</b>",
    "goal": {
        "id": 1659,
        "type": "multiple",
        "modality": "multiple",
        "content": [
            {
                "imgs": [
                    "2c1aae5d7ed1d34a58b3e073aae5be58"
                ],
                "Menus": [
                    "Breakfast",
                    "Brunch",
                    "Lunch"
                ],
                "Wi-Fi": "Yes",
                "terms": [
                    "coffee",
                    "good for business meetings",
                    "variations",
                    "breakfast food",
                    "lunch",
                    "sandwiches",
                    "good for a quick meal",
                    "authentic",
                    "casual"
                ],
                "venueCat": [
                    "Coffee Shop and Caf\u00e9"
                ],
                "venueName": "6oz Espresso Bar",
                "preference": {
                    "check wifi": 1,
                    "check Delivery": 2,
                    "search venue by image": 2,
                    "get address and check for outdoor seating": 3
                },
                "venueNeigh": "Financial District",
                "venueScore": "average",
                "Credit Cards": "Yes",
                "Reservations": "No",
                "Dining Options": [
                    "No Delivery"
                ],
                "Outdoor Seating": "Yes"
            },
            {
                "imgs": [
                    "0594dcbbe04a22ecf279a344173e588c",
                    "4a3721ce8a4343a9a6b003b41e7ece46",
                    "659d76ccf7ce06d0ea963db4c88567cb",
                    "20ea2427cb92303c268345e5e1b9328f",
                    "8c08a0f2c8d28fc09220fed4a39ea961"
                ],
                "Menus": [
                    "Happy Hour"
                ],
                "Wi-Fi": "Yes",
                "terms": [
                    "steak",
                    "sliders",
                    "calamari",
                    "cookies & cream",
                    "beer",
                    "bacon",
                    "background music",
                    "fancy",
                    "casual",
                    "cocktails",
                    "burgers",
                    "happy hour",
                    "meats",
                    "Art Deco",
                    "trendy",
                    "stylish",
                    "good for a late night",
                    "champagne",
                    "oysters",
                    "good for groups"
                ],
                "Drinks": [
                    "Full Bar",
                    "Cocktails"
                ],
                "venueCat": [
                    "Cocktail Bar"
                ],
                "venueName": "The Black Swan",
                "preference": {
                    "Cocktail Bar": 2,
                    "good for groups": 2,
                    "show interior image": 1,
                    "show wine collection image": 1,
                    "recommend fresh oysters by image": 2,
                    "get address and phone number for reservations": 3
                },
                "venueNeigh": "Financial District",
                "venueScore": "average",
                "Credit Cards": "Yes",
                "Reservations": "Yes",
                "Outdoor Seating": "Yes"
            }
        ],
        "cnv_cnt": 10,
        "user_setting": "You hope to try the <b>coffee</b> as in the <b>image</b>. Also you plan to go to a <b>Cocktail Bar</b> with <b>several friends</b>. <b>**Use at least three turns of Question&Answers to find one venue!**</b>",
        "user_location": "unknown"
    }
}