{
    "id": "5362",
    "dialogue": [
        {
            "turn idx": 0,
            "agent": {
                "transcript": "",
                "img_gts": [],
                "dialog_act": {}
            },
            "user": {
                "transcript": "hi, i am looking for a coffee shop to rest at in the financial district as i'm feeling quite tired.",
                "img_gts": [],
                "turn_label": {
                    "venueneigh: financial district": "inform",
                    "open span: coffee mall": "inform",
                    "open span:tired": "inform",
                    "placeholder": "greet"
                }
            },
            "bstate": {
                "venueneigh: financial district": "inform",
                "open span: coffee mall": "inform",
                "open span: tired": "inform"
            }
        },
        {
            "turn idx": 1,
            "agent": {
                "transcript": "can you tell me more about the place you're looking for?",
                "img_gts": [],
                "dialog_act": {
                    "open span: more information": "request"
                }
            },
            "user": {
                "transcript": "i heard that there is somewhere that i can have some healthy food and also get some drinks with sea salt caramel and iced chocolate kind of flavours.",
                "img_gts": [],
                "turn_label": {}
            },
            "bstate": {
                "venueneigh: financial district": "inform",
                "open span: coffee mall": "inform",
                "open span: tired": "inform",
                "open span: more information": "request"
            }
        },
        {
            "turn idx": 2,
            "agent": {
                "transcript": "is there anything else you would like?",
                "img_gts": [],
                "dialog_act": {
                    "open span: anything else": "request"
                }
            },
            "user": {
                "transcript": "i would like if the place is a bit more lively too.",
                "img_gts": [],
                "turn_label": {
                    "open span: lively": "inform"
                }
            },
            "bstate": {
                "venueneigh: financial district": "inform",
                "open span: coffee mall": "inform",
                "open span: tired": "inform",
                "open span: anything else": "request",
                "open span: lively": "inform"
            }
        },
        {
            "turn idx": 3,
            "agent": {
                "transcript": "you can try going to coffee break.",
                "img_gts": [],
                "dialog_act": {
                    "venuename: coffee break": "recommend"
                }
            },
            "user": {
                "transcript": "do they have outdoor seating? and could i get their address?",
                "img_gts": [],
                "turn_label": {
                    "outdoor seating": "request",
                    "venueaddress": "request"
                }
            },
            "bstate": {
                "venueneigh: financial district": "inform",
                "open span: coffee mall": "inform",
                "open span: tired": "inform",
                "open span: lively": "inform",
                "venuename: coffee break": "recommend",
                "outdoor seating": "request",
                "venueaddress": "request"
            }
        },
        {
            "turn idx": 4,
            "agent": {
                "transcript": "yes, they have outdoor seating and their address is #02-78 amoy street food centre (7 maxwell road) 069111 singapore.",
                "img_gts": [],
                "dialog_act": {
                    "outdoor seating: yes": "inform",
                    "venuename": "request",
                    "venueaddress: #02-78 amoy street food centre (7 maxwell road) 069111 singapore": "inform",
                    "open span: yes": "inform"
                }
            },
            "user": {
                "transcript": "could i also get a picture of the place for guidance?",
                "img_gts": [],
                "turn_label": {
                    "open span: image": "request"
                }
            },
            "bstate": {
                "venueneigh: financial district": "inform",
                "open span: coffee mall": "inform",
                "open span: tired": "inform",
                "open span: lively": "inform",
                "outdoor seating: yes": "inform",
                "venuename": "request",
                "venueaddress: #02-78 amoy street food centre (7 maxwell road) 069111 singapore": "inform",
                "open span: yes": "inform",
                "open span: image": "request"
            }
        },
        {
            "turn idx": 5,
            "agent": {
                "transcript": "sure, here is a picture of the stall.",
                "img_gts": [
                    "food stall"
                ],
                "dialog_act": {
                    "open span: image": "inform",
                    "open span: stall": "inform",
                    "img_gts: food stall": "inform"
                }
            },
            "user": {
                "transcript": "okay! i am also looking for an italian restaurant with a bar to go to with my friend.",
                "img_gts": [],
                "turn_label": {
                    "open span: bar": "inform",
                    "venuename: coffee break": "confirm",
                    "open span: good for group": "inform"
                }
            },
            "bstate": {
                "venueneigh: financial district": "inform",
                "open span: coffee mall": "inform",
                "open span: tired": "inform",
                "open span: lively": "inform",
                "outdoor seating: yes": "inform",
                "venueaddress: #02-78 amoy street food centre (7 maxwell road) 069111 singapore": "inform",
                "open span: yes": "inform",
                "open span: image": "inform",
                "open span: stall": "inform",
                "img_gts: food stall": "inform",
                "open span: bar": "inform",
                "venuename: coffee break": "confirm",
                "open span: good for group": "inform"
            }
        },
        {
            "turn idx": 6,
            "agent": {
                "transcript": "is there anything else you would like?",
                "img_gts": [],
                "dialog_act": {
                    "open span: anything else": "request"
                }
            },
            "user": {
                "transcript": "i would like to find somewhere we can have some cocktails and it would be great if the place has a good venue score.",
                "img_gts": [],
                "turn_label": {
                    "drinks: cocktails": "inform",
                    "venuescore: good": "inform"
                }
            },
            "bstate": {
                "venueneigh: financial district": "inform",
                "open span: coffee mall": "inform",
                "open span: tired": "inform",
                "open span: lively": "inform",
                "outdoor seating: yes": "inform",
                "venueaddress: #02-78 amoy street food centre (7 maxwell road) 069111 singapore": "inform",
                "open span: yes": "inform",
                "open span: image": "inform",
                "open span: stall": "inform",
                "img_gts: food stall": "inform",
                "open span: bar": "inform",
                "venuename: coffee break": "confirm",
                "open span: good for group": "inform",
                "open span: anything else": "request",
                "drinks: cocktails": "inform",
                "venuescore: good": "inform"
            }
        },
        {
            "turn idx": 7,
            "agent": {
                "transcript": "you can try going to caffe fernet.",
                "img_gts": [],
                "dialog_act": {
                    "venuename: caffe fernet": "recommend"
                }
            },
            "user": {
                "transcript": "what does the place look like?",
                "img_gts": [],
                "turn_label": {
                    "open span: place": "request",
                    "venuename: caffe fernet": "confirm"
                }
            },
            "bstate": {
                "venueneigh: financial district": "inform",
                "open span: coffee mall": "inform",
                "open span: tired": "inform",
                "open span: lively": "inform",
                "outdoor seating: yes": "inform",
                "venueaddress: #02-78 amoy street food centre (7 maxwell road) 069111 singapore": "inform",
                "open span: yes": "inform",
                "open span: image": "inform",
                "open span: stall": "inform",
                "img_gts: food stall": "inform",
                "open span: bar": "inform",
                "open span: good for group": "inform",
                "drinks: cocktails": "inform",
                "venuescore: good": "inform",
                "open span: place": "request",
                "venuename: caffe fernet": "confirm"
            }
        },
        {
            "turn idx": 8,
            "agent": {
                "transcript": "here is a picture of the interior of the restaurant.",
                "img_gts": [
                    "food stall"
                ],
                "dialog_act": {
                    "open span: image": "inform",
                    "img_gts: food stall": "inform"
                }
            },
            "user": {
                "transcript": "is there anything good there that you would recommend to try?",
                "img_gts": [],
                "turn_label": {
                    "open span: recommendation": "request"
                }
            },
            "bstate": {
                "venueneigh: financial district": "inform",
                "open span: coffee mall": "inform",
                "open span: tired": "inform",
                "open span: lively": "inform",
                "outdoor seating: yes": "inform",
                "venueaddress: #02-78 amoy street food centre (7 maxwell road) 069111 singapore": "inform",
                "open span: yes": "inform",
                "open span: image": "inform",
                "open span: stall": "inform",
                "open span: bar": "inform",
                "open span: good for group": "inform",
                "drinks: cocktails": "inform",
                "venuescore: good": "inform",
                "venuename: caffe fernet": "confirm",
                "img_gts: food stall": "inform",
                "open span: recommendation": "request"
            }
        },
        {
            "turn idx": 9,
            "agent": {
                "transcript": "i would recommend the negroni like in this picture.",
                "img_gts": [
                    "drink"
                ],
                "dialog_act": {
                    "open span: image": "inform",
                    "open span: negroni": "inform",
                    "img_gts: drink": "inform"
                }
            },
            "user": {
                "transcript": "alright, could i get their address and phone number, please?",
                "img_gts": [],
                "turn_label": {
                    "venueaddress": "request",
                    "telephone": "request"
                }
            },
            "bstate": {
                "venueneigh: financial district": "inform",
                "open span: coffee mall": "inform",
                "open span: tired": "inform",
                "open span: lively": "inform",
                "outdoor seating: yes": "inform",
                "open span: yes": "inform",
                "open span: image": "inform",
                "open span: stall": "inform",
                "open span: bar": "inform",
                "open span: good for group": "inform",
                "drinks: cocktails": "inform",
                "venuescore: good": "inform",
                "venuename: caffe fernet": "confirm",
                "open span: negroni": "inform",
                "img_gts: drink": "inform",
                "venueaddress": "request",
                "telephone": "request"
            }
        },
        {
            "turn idx": 10,
            "agent": {
                "transcript": "sure, their address is 01-05 customs house (70 collyer quay) 049326 singapore and their phone number is +65 9178 1105.",
                "img_gts": [],
                "dialog_act": {
                    "venueaddress: 01-05 customs house (70 collyer quay) 049326 singapore": "inform",
                    "telephone: +65 9178 1105": "inform"
                }
            },
            "user": {
                "transcript": "okay, great!",
                "img_gts": [],
                "turn_label": {}
            },
            "bstate": {
                "venueneigh: financial district": "inform",
                "open span: coffee mall": "inform",
                "open span: tired": "inform",
                "open span: lively": "inform",
                "outdoor seating: yes": "inform",
                "open span: yes": "inform",
                "open span: image": "inform",
                "open span: stall": "inform",
                "open span: bar": "inform",
                "open span: good for group": "inform",
                "drinks: cocktails": "inform",
                "venuescore: good": "inform",
                "venuename: caffe fernet": "confirm",
                "open span: negroni": "inform",
                "img_gts: drink": "inform",
                "venueaddress: 01-05 customs house (70 collyer quay) 049326 singapore": "inform",
                "telephone: +65 91781105": "inform"
            }
        },
        {
            "turn idx": 11,
            "agent": {
                "transcript": "is there anything else i can help with?",
                "img_gts": [],
                "dialog_act": {
                    "open span: anything else": "request"
                }
            },
            "user": {
                "transcript": "nope, thank you!",
                "img_gts": [],
                "turn_label": {
                    "placeholder": "bye"
                }
            },
            "bstate": {
                "venueneigh: financial district": "inform",
                "open span: coffee mall": "inform",
                "open span: tired": "inform",
                "open span: lively": "inform",
                "outdoor seating: yes": "inform",
                "open span: yes": "inform",
                "open span: image": "inform",
                "open span: stall": "inform",
                "open span: bar": "inform",
                "open span: good for group": "inform",
                "drinks: cocktails": "inform",
                "venuescore: good": "inform",
                "venuename: caffe fernet": "confirm",
                "open span: negroni": "inform",
                "img_gts: drink": "inform",
                "venueaddress: 01-05 customs house (70 collyer quay) 049326 singapore": "inform",
                "telephone: +65 91781105": "inform",
                "open span: anything else": "request"
            }
        }
    ],
    "user rating": 5,
    "user setting": "you are in <b>financial district</b> and <b>tired</b>. hope get advice on choosing a <b>coffee shop</b> to rest. later plan to go to a <b>bar</b> with friend. <b>**use at least three turns of question&answers to find one venue!**</b>",
    "goal": {
        "id": 1653,
        "type": "multiple",
        "modality": "multiple",
        "content": [
            {
                "imgs": [
                    "9bdc2038566972993736cb6f99f6b45b",
                    "bda867bb35ac8ebcfbfb45ec94d82285"
                ],
                "Menus": [
                    "Breakfast",
                    "Brunch"
                ],
                "Wi-Fi": "No",
                "terms": [
                    "crowded",
                    "healthy food",
                    "sea salt caramels",
                    "ice chocolate",
                    "lively",
                    "casual"
                ],
                "venueCat": [
                    "Coffee Shop"
                ],
                "venueName": "Coffee Break",
                "preference": {
                    "healthy food": 1,
                    "ice chocolate": 1,
                    "sea salt caramels": 2,
                    "Financial District": 2,
                    "show stall image for guidance": 1,
                    "get address and check Outdoor Seating": 3
                },
                "venueNeigh": "Financial District",
                "venueScore": "good",
                "Credit Cards": "No",
                "Outdoor Seating": "Yes"
            },
            {
                "imgs": [
                    "28240753fc3c7075671bf74dec9929e0",
                    "6af1b679d0cece84ad779317115f4ef7"
                ],
                "Menus": [
                    "Brunch",
                    "Lunch",
                    "Dinner"
                ],
                "terms": [
                    "charcuterie",
                    "cocktails",
                    "negroni",
                    "gibson"
                ],
                "Drinks": [
                    "Cocktails"
                ],
                "venueCat": [
                    "Italian Restaurant",
                    "Bar",
                    "and Cocktail Bar"
                ],
                "venueName": "Caffe Fernet",
                "preference": {
                    "cocktails": 2,
                    "good venue score": 1,
                    "Italian Restaurant": 2,
                    "recommend negroni by image": 2,
                    "show interior image to user": 1,
                    "get address and phone number": 3
                },
                "venueNeigh": "Financial District",
                "venueScore": "good"
            }
        ],
        "cnv_cnt": 10,
        "user_setting": "You are in <b>Financial District</b> and <b>tired</b>. Hope get advice on choosing a <b>Coffee Shop</b> to rest. Later plan to go to a <b>Bar</b> with friend. <b>**Use at least three turns of Question&Answers to find one venue!**</b>",
        "user_location": "Financial District"
    }
}