{
    "id": "5460",
    "dialogue": [
        {
            "turn idx": 0,
            "agent": {
                "transcript": "",
                "img_gts": [],
                "dialog_act": {}
            },
            "user": {
                "transcript": "hello! i am looking for a place to have lunch.",
                "img_gts": [],
                "turn_label": {
                    "open span: place": "inform",
                    "placeholder": "greet",
                    "menus: lunch": "inform"
                }
            },
            "bstate": {
                "open span: place": "inform",
                "menus: lunch": "inform"
            }
        },
        {
            "turn idx": 1,
            "agent": {
                "transcript": "hello! where are you?",
                "img_gts": [],
                "dialog_act": {
                    "venueneigh": "request"
                }
            },
            "user": {
                "transcript": "i am in clementi. is there a shopping mall?",
                "img_gts": [],
                "turn_label": {
                    "venueneigh: clementi": "inform",
                    "open span: mall": "inform"
                }
            },
            "bstate": {
                "open span: place": "inform",
                "menus: lunch": "inform",
                "venueneigh: clementi": "inform",
                "open span: mall": "inform"
            }
        },
        {
            "turn idx": 2,
            "agent": {
                "transcript": "yes, what do you need from the mall?",
                "img_gts": [],
                "dialog_act": {
                    "open span: mall": "inform",
                    "open span: yes": "inform",
                    "open span: preference": "request"
                }
            },
            "user": {
                "transcript": "i want to get fruit juice and do groceries at   fairprice finest.",
                "img_gts": [],
                "turn_label": {
                    "open span: grocery": "inform",
                    "open span: fruit juice": "inform",
                    "open span: fair": "inform",
                    "open span: price": "inform"
                }
            },
            "bstate": {
                "open span: place": "inform",
                "menus: lunch": "inform",
                "venueneigh: clementi": "inform",
                "open span: mall": "inform",
                "open span: yes": "inform",
                "open span: preference": "request",
                "open span: grocery": "inform",
                "open span: fruit juice": "inform",
                "open span: fair": "inform",
                "open span: price": "inform"
            }
        },
        {
            "turn idx": 3,
            "agent": {
                "transcript": "you can go to the clementi mall.",
                "img_gts": [
                    "store front",
                    "building",
                    "building",
                    "building",
                    "street"
                ],
                "dialog_act": {
                    "venueneigh: clementi": "inform",
                    "venuename: the clementi mall": "recommend",
                    "open span: image": "inform",
                    "img_gts: store front, building, building, building, street": "inform"
                }
            },
            "user": {
                "transcript": "what is the address?",
                "img_gts": [],
                "turn_label": {
                    "venueaddress": "request"
                }
            },
            "bstate": {
                "open span: place": "inform",
                "menus: lunch": "inform",
                "open span: mall": "inform",
                "open span: yes": "inform",
                "open span: grocery": "inform",
                "open span: fruit juice": "inform",
                "open span: fair": "inform",
                "open span: price": "inform",
                "venueneigh: clementi": "inform",
                "venuename: the clementi mall": "recommend",
                "open span: image": "inform",
                "img_gts: store front, building, building, building, street": "inform",
                "venueaddress": "request"
            }
        },
        {
            "turn idx": 4,
            "agent": {
                "transcript": "it is at 3155 commonwealth ave west 129588 singapore.",
                "img_gts": [],
                "dialog_act": {
                    "venueaddress: 3155 commonwealth ave west 129588 singapore": "inform"
                }
            },
            "user": {
                "transcript": "i see. where can i get some snacks?",
                "img_gts": [],
                "turn_label": {
                    "open span: snack": "inform",
                    "venuename": "request"
                }
            },
            "bstate": {
                "open span: place": "inform",
                "menus: lunch": "inform",
                "open span: mall": "inform",
                "open span: yes": "inform",
                "open span: grocery": "inform",
                "open span: fruit juice": "inform",
                "open span: fair": "inform",
                "open span: price": "inform",
                "venueneigh: clementi": "inform",
                "open span: image": "inform",
                "img_gts: store front, building, building, building, street": "inform",
                "venueaddress: 3155 commonwealth ave west 129588 singapore": "inform",
                "open span: snack": "inform",
                "venuename": "request"
            }
        },
        {
            "turn idx": 5,
            "agent": {
                "transcript": "what kind of snacks do you want?",
                "img_gts": [],
                "dialog_act": {
                    "open span: what": "request",
                    "open span: snack": "inform"
                }
            },
            "user": {
                "transcript": "i would like some custard puff and chicken pies.",
                "img_gts": [],
                "turn_label": {
                    "open span: custard puff": "inform",
                    "open span: chicken": "inform"
                }
            },
            "bstate": {
                "open span: place": "inform",
                "menus: lunch": "inform",
                "open span: mall": "inform",
                "open span: yes": "inform",
                "open span: grocery": "inform",
                "open span: fruit juice": "inform",
                "open span: fair": "inform",
                "open span: price": "inform",
                "venueneigh: clementi": "inform",
                "open span: image": "inform",
                "img_gts: store front, building, building, building, street": "inform",
                "venueaddress: 3155 commonwealth ave west 129588 singapore": "inform",
                "open span: snack": "inform",
                "venuename": "request",
                "open span: what": "request",
                "open span: custard puff": "inform",
                "open span: chicken": "inform"
            }
        },
        {
            "turn idx": 6,
            "agent": {
                "transcript": "do you want to check out a bakery?",
                "img_gts": [],
                "dialog_act": {
                    "open span: bakery": "inform"
                }
            },
            "user": {
                "transcript": "sure, what would you suggest to get?",
                "img_gts": [],
                "turn_label": {
                    "open span: yes": "inform",
                    "open span: recommendation": "request"
                }
            },
            "bstate": {
                "open span: place": "inform",
                "menus: lunch": "inform",
                "open span: mall": "inform",
                "open span: yes": "inform",
                "open span: grocery": "inform",
                "open span: fruit juice": "inform",
                "open span: fair": "inform",
                "open span: price": "inform",
                "venueneigh: clementi": "inform",
                "open span: image": "inform",
                "img_gts: store front, building, building, building, street": "inform",
                "venueaddress: 3155 commonwealth ave west 129588 singapore": "inform",
                "open span: snack": "inform",
                "venuename": "request",
                "open span: what": "request",
                "open span: custard puff": "inform",
                "open span: chicken": "inform",
                "open span: bakery": "inform",
                "open span: recommendation": "request"
            }
        },
        {
            "turn idx": 7,
            "agent": {
                "transcript": "you can go to balmoral bakery. the cakes and pastries there are very nice.",
                "img_gts": [
                    "egg tart",
                    "cupcake"
                ],
                "dialog_act": {
                    "venuename: balmoral bakery": "recommend",
                    "open span: cake": "inform",
                    "open span: pastry": "inform",
                    "open span: image": "inform",
                    "img_gts: egg tart, cupcake": "inform"
                }
            },
            "user": {
                "transcript": "great! how about a dinner place?",
                "img_gts": [],
                "turn_label": {
                    "venuename: balmoral bakery": "confirm",
                    "menus: dinner": "inform"
                }
            },
            "bstate": {
                "open span: place": "inform",
                "menus: lunch": "inform",
                "open span: mall": "inform",
                "open span: yes": "inform",
                "open span: grocery": "inform",
                "open span: fruit juice": "inform",
                "open span: fair": "inform",
                "open span: price": "inform",
                "venueneigh: clementi": "inform",
                "open span: image": "inform",
                "venueaddress: 3155 commonwealth ave west 129588 singapore": "inform",
                "open span: snack": "inform",
                "open span: what": "request",
                "open span: custard puff": "inform",
                "open span: chicken": "inform",
                "open span: bakery": "inform",
                "open span: cake": "inform",
                "open span: pastry": "inform",
                "img_gts: egg tart, cupcake": "inform",
                "venuename: balmoral bakery": "confirm",
                "menus: dinner": "inform"
            }
        },
        {
            "turn idx": 8,
            "agent": {
                "transcript": "where do you want to go for dinner?",
                "img_gts": [],
                "dialog_act": {
                    "venueneigh": "request",
                    "menus: dinner": "inform"
                }
            },
            "user": {
                "transcript": "in clementi as well. is there a noodle house?",
                "img_gts": [],
                "turn_label": {
                    "venueneigh: clementi": "inform",
                    "open span: noodle": "inform"
                }
            },
            "bstate": {
                "open span: place": "inform",
                "menus: lunch": "inform",
                "open span: mall": "inform",
                "open span: yes": "inform",
                "open span: grocery": "inform",
                "open span: fruit juice": "inform",
                "open span: fair": "inform",
                "open span: price": "inform",
                "open span: image": "inform",
                "venueaddress: 3155 commonwealth ave west 129588 singapore": "inform",
                "open span: snack": "inform",
                "open span: what": "request",
                "open span: custard puff": "inform",
                "open span: chicken": "inform",
                "open span: bakery": "inform",
                "open span: cake": "inform",
                "open span: pastry": "inform",
                "img_gts: egg tart, cupcake": "inform",
                "venuename: balmoral bakery": "confirm",
                "menus: dinner": "inform",
                "venueneigh: clementi": "inform",
                "open span: noodle": "inform"
            }
        },
        {
            "turn idx": 9,
            "agent": {
                "transcript": "yes, do you have a budget?",
                "img_gts": [],
                "dialog_act": {
                    "open span: budget": "request",
                    "open span: yes": "inform"
                }
            },
            "user": {
                "transcript": "no.",
                "img_gts": [],
                "turn_label": {
                    "open span: no": "inform"
                }
            },
            "bstate": {
                "open span: place": "inform",
                "menus: lunch": "inform",
                "open span: mall": "inform",
                "open span: yes": "inform",
                "open span: grocery": "inform",
                "open span: fruit juice": "inform",
                "open span: fair": "inform",
                "open span: price": "inform",
                "open span: image": "inform",
                "venueaddress: 3155 commonwealth ave west 129588 singapore": "inform",
                "open span: snack": "inform",
                "open span: what": "request",
                "open span: custard puff": "inform",
                "open span: chicken": "inform",
                "open span: bakery": "inform",
                "open span: cake": "inform",
                "open span: pastry": "inform",
                "img_gts: egg tart, cupcake": "inform",
                "venuename: balmoral bakery": "confirm",
                "menus: dinner": "inform",
                "venueneigh: clementi": "inform",
                "open span: noodle": "inform",
                "open span: budget": "request",
                "open span: no": "inform"
            }
        },
        {
            "turn idx": 10,
            "agent": {
                "transcript": "you can check out li yuan mee pok.",
                "img_gts": [],
                "dialog_act": {
                    "venuename: li yuan mee pok": "recommend"
                }
            },
            "user": {
                "transcript": "what do you suggest to order?",
                "img_gts": [],
                "turn_label": {
                    "open span: order": "request"
                }
            },
            "bstate": {
                "open span: place": "inform",
                "menus: lunch": "inform",
                "open span: mall": "inform",
                "open span: yes": "inform",
                "open span: grocery": "inform",
                "open span: fruit juice": "inform",
                "open span: fair": "inform",
                "open span: price": "inform",
                "open span: image": "inform",
                "venueaddress: 3155 commonwealth ave west 129588 singapore": "inform",
                "open span: snack": "inform",
                "open span: what": "request",
                "open span: custard puff": "inform",
                "open span: chicken": "inform",
                "open span: bakery": "inform",
                "open span: cake": "inform",
                "open span: pastry": "inform",
                "img_gts: egg tart, cupcake": "inform",
                "menus: dinner": "inform",
                "venueneigh: clementi": "inform",
                "open span: noodle": "inform",
                "open span: budget": "request",
                "open span: no": "inform",
                "venuename: li yuan mee pok": "recommend",
                "open span: order": "request"
            }
        },
        {
            "turn idx": 11,
            "agent": {
                "transcript": "you must try the mee pok there.",
                "img_gts": [
                    "fishball dry noodle",
                    "fishball dry noodle"
                ],
                "dialog_act": {
                    "open span: image": "inform",
                    "img_gts: fishball dry noodle, fishball dry noodle": "inform"
                }
            },
            "user": {
                "transcript": "ok, thanks for your help!",
                "img_gts": [],
                "turn_label": {
                    "venuename: li yuan mee pok": "confirm",
                    "placeholder": "bye"
                }
            },
            "bstate": {
                "open span: place": "inform",
                "menus: lunch": "inform",
                "open span: mall": "inform",
                "open span: yes": "inform",
                "open span: grocery": "inform",
                "open span: fruit juice": "inform",
                "open span: fair": "inform",
                "open span: price": "inform",
                "open span: image": "inform",
                "venueaddress: 3155 commonwealth ave west 129588 singapore": "inform",
                "open span: snack": "inform",
                "open span: what": "request",
                "open span: custard puff": "inform",
                "open span: chicken": "inform",
                "open span: bakery": "inform",
                "open span: cake": "inform",
                "open span: pastry": "inform",
                "menus: dinner": "inform",
                "venueneigh: clementi": "inform",
                "open span: noodle": "inform",
                "open span: budget": "request",
                "open span: no": "inform",
                "open span: order": "request",
                "img_gts: fishball dry noodle, fishball dry noodle": "inform",
                "venuename: li yuan mee pok": "confirm"
            }
        },
        {
            "turn idx": 12,
            "agent": {
                "transcript": "no worries, have a nice day!",
                "img_gts": [],
                "dialog_act": {
                    "placeholder": "bye"
                }
            },
            "user": {
                "transcript": "",
                "img_gts": [],
                "turn_label": {}
            },
            "bstate": {
                "open span: place": "inform",
                "menus: lunch": "inform",
                "open span: mall": "inform",
                "open span: yes": "inform",
                "open span: grocery": "inform",
                "open span: fruit juice": "inform",
                "open span: fair": "inform",
                "open span: price": "inform",
                "open span: image": "inform",
                "venueaddress: 3155 commonwealth ave west 129588 singapore": "inform",
                "open span: snack": "inform",
                "open span: what": "request",
                "open span: custard puff": "inform",
                "open span: chicken": "inform",
                "open span: bakery": "inform",
                "open span: cake": "inform",
                "open span: pastry": "inform",
                "menus: dinner": "inform",
                "venueneigh: clementi": "inform",
                "open span: noodle": "inform",
                "open span: budget": "request",
                "open span: no": "inform",
                "open span: order": "request",
                "img_gts: fishball dry noodle, fishball dry noodle": "inform",
                "venuename: li yuan mee pok": "confirm"
            }
        }
    ],
    "user rating": 5,
    "user setting": "you are in <b>clementi</b>, looking for a <b>shopping mall</b> to have <b>lunch</b> and with <b>fruit juice</b> and buy <b>groceries</b> later. you also want to get some <b>snacks</b> at a <b>bakery</b> and get <b>dinner</b> nearby. <b>**use at least three turns of question&answers to find one venue!**</b>",
    "goal": {
        "id": 1672,
        "type": "multiple",
        "modality": "multiple",
        "content": [
            {
                "imgs": [
                    "95eaddabb6b7da105007d5da803e99b6",
                    "1492283c8acaffb4e49591f380749c42",
                    "1aceebaf61ce22b3d31bbdf6c3163a4e",
                    "a440ab1bb22bd581324ccf50c1fc4ed5",
                    "b3c03bea7f7435b67e4218e2399c6c3e"
                ],
                "Wi-Fi": "Yes",
                "terms": [
                    "fish",
                    "basement",
                    "soup",
                    "dinner",
                    "books",
                    "malls",
                    "brunch food",
                    "shoes",
                    "casual",
                    "sunsets",
                    "Japanese food",
                    "desserts",
                    "fairprice finest",
                    "chocolate cake",
                    "breakfast food",
                    "yogurt",
                    "bistros",
                    "fruit juice",
                    "lunch",
                    "gardens"
                ],
                "venueCat": [
                    "Shopping Mall"
                ],
                "venueName": "The Clementi Mall",
                "preference": {
                    "lunch": 2,
                    "malls": 1,
                    "fruit juice": 2,
                    "get address": 3,
                    "fairprice finest": 1,
                    "show picture of building to user": 1
                },
                "venueNeigh": "Clementi",
                "venueScore": "poor",
                "Credit Cards": "Yes"
            },
            {
                "imgs": [
                    "20d56cf2dc85a64cdb7b77f63850102a",
                    "de25f3fc4f5cd75c7f317229ab3d8ccc"
                ],
                "Menus": [
                    "Breakfast",
                    "Brunch",
                    "Lunch"
                ],
                "terms": [
                    "beef pies",
                    "custard puff",
                    "chicken pies",
                    "cake",
                    "samosas",
                    "pastries"
                ],
                "venueCat": [
                    "Bakery"
                ],
                "venueName": "Balmoral Bakery",
                "preference": {
                    "cake": 1,
                    "bakery": 2,
                    "chicken pies": 1,
                    "custard puff": 1,
                    "get food suggestions": 3,
                    "recommend pastries by image": 2
                },
                "venueNeigh": "Clementi",
                "venueScore": "average",
                "Credit Cards": "No",
                "Reservations": "No",
                "Dining Options": [
                    "No Delivery"
                ],
                "Outdoor Seating": "No"
            },
            {
                "imgs": [
                    "6661eafc17b10b2cf0e1d731c5eb4b9d",
                    "e97e493aa3a54a4fd4ad6ed81e851dba"
                ],
                "terms": [
                    "mushrooms",
                    "soup",
                    "family-friendly",
                    "mee pok",
                    "crowded"
                ],
                "venueCat": [
                    "Noodle House"
                ],
                "venueName": "Li Yuan Mee Pok",
                "preference": {
                    "mushrooms": 1,
                    "noodle house": 2,
                    "mee pok by image": 2,
                    "get tips or suggestions or things to take note of": 3
                },
                "venueNeigh": "Clementi",
                "venueScore": "average",
                "Credit Cards": "No",
                "Reservations": "No"
            }
        ],
        "cnv_cnt": 10,
        "user_setting": "You are in <b>Clementi</b>, looking for a <b>shopping mall</b> to have <b>lunch</b> and with <b>fruit juice</b> and buy <b>groceries</b> later. You also want to get some <b>snacks</b> at a <b>bakery</b> and get <b>dinner</b> nearby. <b>**Use at least three turns of Question&Answers to find one venue!**</b>",
        "user_location": "Clementi"
    }
}