{
    "id": "5525",
    "dialogue": [
        {
            "turn idx": 0,
            "agent": {
                "transcript": "",
                "img_gts": [],
                "dialog_act": {}
            },
            "user": {
                "transcript": "hello! i am staying in the financial district and i am planning to find a good spot in the marina bay area for morning jogging. any suggestions?",
                "img_gts": [],
                "turn_label": {
                    "venueneigh: financial district": "inform",
                    "open span: jog": "inform",
                    "open span: marina bay": "inform",
                    "placeholder": "greet"
                }
            },
            "bstate": {
                "venueneigh: financial district": "inform",
                "open span: jog": "inform",
                "open span: marina bay": "inform"
            }
        },
        {
            "turn idx": 1,
            "agent": {
                "transcript": "hello! may i know if you have any specific preferences for exercising that i need to take note of?",
                "img_gts": [],
                "dialog_act": {
                    "open span: preference": "request"
                }
            },
            "user": {
                "transcript": "not really but i would appreciate if you can find me a place with lots of photo opportunities and have scenic views.",
                "img_gts": [],
                "turn_label": {
                    "open span: scenic view": "inform",
                    "open span: image": "request"
                }
            },
            "bstate": {
                "venueneigh: financial district": "inform",
                "open span: jog": "inform",
                "open span: marina bay": "inform",
                "open span: preference": "request",
                "open span: scenic view": "inform",
                "open span: image": "request"
            }
        },
        {
            "turn idx": 2,
            "agent": {
                "transcript": "i would highly recommend marina bay waterfront promenade. you can jog along the waterfront while enjoying the good scenic views like those in the pictures.",
                "img_gts": [
                    "marina bay sands",
                    "waterside cityview"
                ],
                "dialog_act": {
                    "venuename: marina bay waterfront promenade": "recommend",
                    "open span: image": "inform",
                    "img_gts: marina bay sands, waterside cityview": "inform"
                }
            },
            "user": {
                "transcript": "do you have any other suggestions of what i can do there?",
                "img_gts": [],
                "turn_label": {
                    "open span: recommendation": "request",
                    "open span: tip or suggestion": "request"
                }
            },
            "bstate": {
                "venueneigh: financial district": "inform",
                "open span: jog": "inform",
                "open span: marina bay": "inform",
                "open span: scenic view": "inform",
                "open span: image": "inform",
                "venuename: marina bay waterfront promenade": "recommend",
                "img_gts: marina bay sands, waterside cityview": "inform",
                "open span: recommendation": "request",
                "open span: tip or suggestion": "request"
            }
        },
        {
            "turn idx": 3,
            "agent": {
                "transcript": "that place is also a popular cycling spot and you can rent a bicycle nearby.",
                "img_gts": [],
                "dialog_act": {
                    "open span: cycling": "inform"
                }
            },
            "user": {
                "transcript": "cool! i would also like to find a place near marina bay area to have breakfast. any recommendation?",
                "img_gts": [],
                "turn_label": {
                    "menus: breakfast": "inform",
                    "open span: marina bay": "inform",
                    "venuename: marina bay waterfront promenade": "confirm"
                }
            },
            "bstate": {
                "venueneigh: financial district": "inform",
                "open span: jog": "inform",
                "open span: marina bay": "inform",
                "open span: scenic view": "inform",
                "open span: image": "inform",
                "img_gts: marina bay sands, waterside cityview": "inform",
                "open span: cycling": "inform",
                "menus: breakfast": "inform",
                "venuename: marina bay waterfront promenade": "confirm"
            }
        },
        {
            "turn idx": 4,
            "agent": {
                "transcript": "i would strongly recommend the providore.",
                "img_gts": [],
                "dialog_act": {
                    "venuename: the providore": "recommend"
                }
            },
            "user": {
                "transcript": "can i see the food images?",
                "img_gts": [],
                "turn_label": {
                    "open span: image": "request"
                }
            },
            "bstate": {
                "venueneigh: financial district": "inform",
                "open span: jog": "inform",
                "open span: marina bay": "inform",
                "open span: scenic view": "inform",
                "img_gts: marina bay sands, waterside cityview": "inform",
                "open span: cycling": "inform",
                "menus: breakfast": "inform",
                "venuename: the providore": "recommend"
            }
        },
        {
            "turn idx": 5,
            "agent": {
                "transcript": "here you go!",
                "img_gts": [
                    "set meal",
                    "sausage meal",
                    "burger",
                    "rice set"
                ],
                "dialog_act": {
                    "open span: image": "inform",
                    "img_gts: set meal, sausage meal, burger, rice set": "inform"
                }
            },
            "user": {
                "transcript": "looks hearty! may i have the address of that place?",
                "img_gts": [],
                "turn_label": {
                    "venueaddress": "request",
                    "venuename: the providore": "confirm"
                }
            },
            "bstate": {
                "venueneigh: financial district": "inform",
                "open span: jog": "inform",
                "open span: marina bay": "inform",
                "open span: scenic view": "inform",
                "open span: cycling": "inform",
                "menus: breakfast": "inform",
                "open span: image": "inform",
                "img_gts: set meal, sausage meal, burger, rice set": "inform",
                "venueaddress": "request",
                "venuename: the providore": "confirm"
            }
        },
        {
            "turn idx": 6,
            "agent": {
                "transcript": "the address is  7 raffles place, singapore 048625.",
                "img_gts": [],
                "dialog_act": {
                    "venueaddress: 7 raffles place, singapore 048625": "inform"
                }
            },
            "user": {
                "transcript": "cool, thanks! i have no more questions so that's all. thanks for helping and goodbye!",
                "img_gts": [],
                "turn_label": {
                    "placeholder": "bye"
                }
            },
            "bstate": {
                "venueneigh: financial district": "inform",
                "open span: jog": "inform",
                "open span: marina bay": "inform",
                "open span: scenic view": "inform",
                "open span: cycling": "inform",
                "menus: breakfast": "inform",
                "open span: image": "inform",
                "img_gts: set meal, sausage meal, burger, rice set": "inform",
                "venuename: the providore": "confirm",
                "venueaddress: 7 raffles place, singapore 048625": "inform"
            }
        },
        {
            "turn idx": 7,
            "agent": {
                "transcript": "your welcome, bye!",
                "img_gts": [],
                "dialog_act": {
                    "placeholder": "bye"
                }
            },
            "user": {
                "transcript": "",
                "img_gts": [],
                "turn_label": {}
            },
            "bstate": {
                "venueneigh: financial district": "inform",
                "open span: jog": "inform",
                "open span: marina bay": "inform",
                "open span: scenic view": "inform",
                "open span: cycling": "inform",
                "menus: breakfast": "inform",
                "open span: image": "inform",
                "img_gts: set meal, sausage meal, burger, rice set": "inform",
                "venuename: the providore": "confirm",
                "venueaddress: 7 raffles place, singapore 048625": "inform"
            }
        }
    ],
    "user rating": 5,
    "user setting": "you are staying in <b>financial district</b>. plan to do <b>morning jogging</b> and find a <b>breakfast</b> spot. <b>**use at least three turns of question&answers to find one venue!**</b>",
    "goal": {
        "id": 1663,
        "type": "multiple",
        "modality": "multiple",
        "content": [
            {
                "imgs": [
                    "c2eab1730f7f021790104e08699ef04e",
                    "dc0084e6ec7c12fa7b863d772c6c6d1e",
                    "72ad9fd11797ede89da55221c41b862b"
                ],
                "terms": [
                    "fireworks",
                    "photo opportunities",
                    "food courts",
                    "laser show",
                    "books",
                    "light show",
                    "marinas",
                    "scenic views",
                    "quiet",
                    "jazz music",
                    "fountains",
                    "waterfront",
                    "tours",
                    "photography",
                    "casual"
                ],
                "venueCat": [
                    "Waterfront and Scenic Lookout"
                ],
                "venueName": "Marina Bay Waterfront Promenade",
                "preference": {
                    "e": 1,
                    "Marina Bay area": 2,
                    "get suggestions": 3,
                    "Financial District": 2,
                    "photo opportunities": 1,
                    "show scenic views by image": 2,
                    "Waterfront and Scenic Lookout": 1
                },
                "venueNeigh": "Financial District",
                "venueScore": "excellent",
                "Credit Cards": "No"
            },
            {
                "imgs": [
                    "f86942cfd1902f25ed60877376e93035",
                    "5b77077c1a1a2799df92d804cb9eaca2",
                    "1f9d543b4480becf9c0a8dc00e2761d2",
                    "8a869d64f2562ecea8ab6ef374d7151e",
                    "efd0d2ebf0420e3fbfb11f3ad99a96b2",
                    "c5cef2876841287f6e8ffe2ddef312d9",
                    "0f840b9135e6428eacd0e69f1ed2d6a1",
                    "d5e3964e2c52b5972044ff9b2044f5b7"
                ],
                "Menus": [
                    "Breakfast",
                    "Brunch",
                    "Lunch",
                    "Dinner"
                ],
                "terms": [
                    "cheese"
                ],
                "venueCat": [
                    "Caf\u00e9"
                ],
                "venueName": "The Providore",
                "preference": {
                    "Breakfast": 2,
                    "get address": 3,
                    "near bay area": 2,
                    "show food image": 1
                },
                "venueNeigh": "Financial District",
                "venueScore": "average"
            }
        ],
        "cnv_cnt": 10,
        "user_setting": "You are staying in <b>Financial District</b>. Plan to do <b>morning jogging</b> and find a <b>breakfast</b> spot. <b>**Use at least three turns of Question&Answers to find one venue!**</b>",
        "user_location": "unknown"
    }
}