{
    "id": "5600",
    "dialogue": [
        {
            "turn idx": 0,
            "agent": {
                "transcript": "hi, how may i help you?",
                "img_gts": [],
                "dialog_act": {
                    "placeholder": "greet"
                }
            },
            "user": {
                "transcript": "hi, i am looking for something to do while i wait for my friend to be done at his office, can you give me some suggestions?",
                "img_gts": [],
                "turn_label": {
                    "open span: good value": "inform",
                    "open span: wait": "request",
                    "placeholder": "greet"
                }
            },
            "bstate": {
                "open span: good value": "inform",
                "open span: wait": "request"
            }
        },
        {
            "turn idx": 1,
            "agent": {
                "transcript": "okay, where is your friend's office?",
                "img_gts": [],
                "dialog_act": {
                    "open span: office": "inform",
                    "venueneigh": "request"
                }
            },
            "user": {
                "transcript": "it is in the financial district.",
                "img_gts": [],
                "turn_label": {
                    "venueneigh: financial district": "inform"
                }
            },
            "bstate": {
                "open span: good value": "inform",
                "open span: wait": "request",
                "open span: office": "inform",
                "venueneigh: financial district": "inform"
            }
        },
        {
            "turn idx": 2,
            "agent": {
                "transcript": "i see, and what do you plan to do while waiting?",
                "img_gts": [],
                "dialog_act": {
                    "open span: what will you like": "request"
                }
            },
            "user": {
                "transcript": "hm, maybe grab a snack, do you know any bakeries where i can get coffee or cake?",
                "img_gts": [],
                "turn_label": {
                    "open span: coffee": "inform",
                    "open span: cake": "inform",
                    "open span: bakery": "inform"
                }
            },
            "bstate": {
                "open span: good value": "inform",
                "open span: wait": "request",
                "open span: office": "inform",
                "venueneigh: financial district": "inform",
                "open span: what will you like": "request",
                "open span: coffee": "inform",
                "open span: cake": "inform",
                "open span: bakery": "inform"
            }
        },
        {
            "turn idx": 3,
            "agent": {
                "transcript": "i see, i would recommend going to one raffles place, it is a shopping mall in the financial district and there are many bakeries there!",
                "img_gts": [],
                "dialog_act": {
                    "venuename: one raffles place": "recommend",
                    "venueneigh: financial district": "inform",
                    "open span: mall": "inform",
                    "open span: bakery": "inform"
                }
            },
            "user": {
                "transcript": "i see, can i get the address?",
                "img_gts": [],
                "turn_label": {
                    "venueaddress": "request"
                }
            },
            "bstate": {
                "open span: good value": "inform",
                "open span: wait": "request",
                "open span: office": "inform",
                "open span: coffee": "inform",
                "open span: cake": "inform",
                "open span: bakery": "inform",
                "venuename: one raffles place": "recommend",
                "venueneigh: financial district": "inform",
                "open span: mall": "inform",
                "venueaddress": "request"
            }
        },
        {
            "turn idx": 4,
            "agent": {
                "transcript": "the address is 1 raffles place, singapore 048616.",
                "img_gts": [],
                "dialog_act": {
                    "venueaddress: 1 raffles place 048616 singapore": "inform"
                }
            },
            "user": {
                "transcript": "ok thanks! can i also get a recommendation for a restaurant to get dinner?",
                "img_gts": [],
                "turn_label": {
                    "menus: dinner": "inform",
                    "open span: recommendation": "request",
                    "venuename: one raffles place": "confirm"
                }
            },
            "bstate": {
                "open span: good value": "inform",
                "open span: wait": "request",
                "open span: office": "inform",
                "open span: coffee": "inform",
                "open span: cake": "inform",
                "open span: bakery": "inform",
                "venueneigh: financial district": "inform",
                "open span: mall": "inform",
                "venueaddress: 1 raffles place 048616 singapore": "inform",
                "menus: dinner": "inform",
                "open span: recommendation": "request",
                "venuename: one raffles place": "confirm"
            }
        },
        {
            "turn idx": 5,
            "agent": {
                "transcript": "i see, what kind of cuisine would you prefer?",
                "img_gts": [],
                "dialog_act": {
                    "open span: cuisine": "inform",
                    "open span: preference": "request"
                }
            },
            "user": {
                "transcript": "i would prefer to get some japanese food.",
                "img_gts": [],
                "turn_label": {
                    "open span: japanese food": "inform"
                }
            },
            "bstate": {
                "open span: good value": "inform",
                "open span: wait": "request",
                "open span: office": "inform",
                "open span: coffee": "inform",
                "open span: cake": "inform",
                "open span: bakery": "inform",
                "venueneigh: financial district": "inform",
                "open span: mall": "inform",
                "venueaddress: 1 raffles place 048616 singapore": "inform",
                "menus: dinner": "inform",
                "venuename: one raffles place": "confirm",
                "open span: cuisine": "inform",
                "open span: preference": "request",
                "open span: japanese food": "inform"
            }
        },
        {
            "turn idx": 6,
            "agent": {
                "transcript": "i see, is there anything more specific you have in mind?",
                "img_gts": [],
                "dialog_act": {
                    "open span: specific": "request"
                }
            },
            "user": {
                "transcript": "i would prefer if it is a bbq joint.",
                "img_gts": [],
                "turn_label": {
                    "open span: bbq": "request"
                }
            },
            "bstate": {
                "open span: good value": "inform",
                "open span: wait": "request",
                "open span: office": "inform",
                "open span: coffee": "inform",
                "open span: cake": "inform",
                "open span: bakery": "inform",
                "venueneigh: financial district": "inform",
                "open span: mall": "inform",
                "venueaddress: 1 raffles place 048616 singapore": "inform",
                "menus: dinner": "inform",
                "venuename: one raffles place": "confirm",
                "open span: cuisine": "inform",
                "open span: japanese food": "inform",
                "open span: specific": "request",
                "open span: bbq": "request"
            }
        },
        {
            "turn idx": 7,
            "agent": {
                "transcript": "okay, and where would you prefer to dine at?",
                "img_gts": [],
                "dialog_act": {
                    "venueneigh": "request"
                }
            },
            "user": {
                "transcript": "i would prefer to dine in the financial district as well.",
                "img_gts": [],
                "turn_label": {
                    "venueneigh: financial district": "inform"
                }
            },
            "bstate": {
                "open span: good value": "inform",
                "open span: wait": "request",
                "open span: office": "inform",
                "open span: coffee": "inform",
                "open span: cake": "inform",
                "open span: bakery": "inform",
                "open span: mall": "inform",
                "venueaddress: 1 raffles place 048616 singapore": "inform",
                "menus: dinner": "inform",
                "venuename: one raffles place": "confirm",
                "open span: cuisine": "inform",
                "open span: japanese food": "inform",
                "open span: bbq": "request",
                "venueneigh: financial district": "inform"
            }
        },
        {
            "turn idx": 8,
            "agent": {
                "transcript": "okay, i recommend going to hamburg steak keisuke. it is a japanese restaurant in the financial district!",
                "img_gts": [],
                "dialog_act": {
                    "venuename: hamburg steak keisuke": "recommend",
                    "venueneigh: financial district": "inform"
                }
            },
            "user": {
                "transcript": "i see, can you give me some suggestions?",
                "img_gts": [],
                "turn_label": {
                    "venuename: hamburg steak keisuke": "confirm",
                    "open span: recommendation": "request"
                }
            },
            "bstate": {
                "open span: good value": "inform",
                "open span: wait": "request",
                "open span: office": "inform",
                "open span: coffee": "inform",
                "open span: cake": "inform",
                "open span: bakery": "inform",
                "open span: mall": "inform",
                "venueaddress: 1 raffles place 048616 singapore": "inform",
                "menus: dinner": "inform",
                "open span: cuisine": "inform",
                "open span: japanese food": "inform",
                "open span: bbq": "request",
                "venueneigh: financial district": "inform",
                "venuename: hamburg steak keisuke": "confirm",
                "open span: recommendation": "request"
            }
        },
        {
            "turn idx": 9,
            "agent": {
                "transcript": "i would recommend getting the steak with cheese as the cheese perfectly complements the meat, as seen in this picture! you can also add extra ingredients like a fried egg or some fried prawn!",
                "img_gts": [
                    "grilled"
                ],
                "dialog_act": {
                    "open span: cheese": "inform",
                    "open span: steak": "inform",
                    "open span: egg": "inform",
                    "open span: image": "inform",
                    "img_gts: grilled": "inform"
                }
            },
            "user": {
                "transcript": "i see, thanks for the suggestion!",
                "img_gts": [],
                "turn_label": {
                    "placeholder": "bye"
                }
            },
            "bstate": {
                "open span: good value": "inform",
                "open span: wait": "request",
                "open span: office": "inform",
                "open span: coffee": "inform",
                "open span: cake": "inform",
                "open span: bakery": "inform",
                "open span: mall": "inform",
                "venueaddress: 1 raffles place 048616 singapore": "inform",
                "menus: dinner": "inform",
                "open span: cuisine": "inform",
                "open span: japanese food": "inform",
                "open span: bbq": "request",
                "venueneigh: financial district": "inform",
                "venuename: hamburg steak keisuke": "confirm",
                "open span: cheese": "inform",
                "open span: steak": "inform",
                "open span: egg": "inform",
                "open span: image": "inform",
                "img_gts: grilled": "inform"
            }
        },
        {
            "turn idx": 10,
            "agent": {
                "transcript": "no problem, have a nice day!",
                "img_gts": [],
                "dialog_act": {
                    "placeholder": "bye"
                }
            },
            "user": {
                "transcript": "",
                "img_gts": [],
                "turn_label": {}
            },
            "bstate": {
                "open span: good value": "inform",
                "open span: wait": "request",
                "open span: office": "inform",
                "open span: coffee": "inform",
                "open span: cake": "inform",
                "open span: bakery": "inform",
                "open span: mall": "inform",
                "venueaddress: 1 raffles place 048616 singapore": "inform",
                "menus: dinner": "inform",
                "open span: cuisine": "inform",
                "open span: japanese food": "inform",
                "open span: bbq": "request",
                "venueneigh: financial district": "inform",
                "venuename: hamburg steak keisuke": "confirm",
                "open span: cheese": "inform",
                "open span: steak": "inform",
                "open span: egg": "inform",
                "open span: image": "inform",
                "img_gts: grilled": "inform"
            }
        }
    ],
    "user rating": 5,
    "user setting": "you are trying to find your friend's <b>office</b> to wait and you want to kill some time. then, you want to find a <b>japanese restaurant</b> for <b>dinner</b>. <b>**use at least three turns of question&answers to find one venue!**</b>",
    "goal": {
        "id": 1681,
        "type": "multiple",
        "modality": "multiple",
        "content": [
            {
                "imgs": [
                    "73f9add698bb456f3105940678067670",
                    "209047c3ea5aea92d7644f957d8e716e"
                ],
                "terms": [
                    "bakeries",
                    "coffee",
                    "facials",
                    "raisins",
                    "basement",
                    "dinner",
                    "breakfast food",
                    "lunch",
                    "clinic",
                    "caf\u00e9",
                    "cake",
                    "salads",
                    "scenic views",
                    "doctors",
                    "custard"
                ],
                "venueCat": [
                    "Building",
                    "Office",
                    "Shopping Mall"
                ],
                "venueName": "One Raffles Place",
                "preference": {
                    "cake": 1,
                    "coffee": 1,
                    "office": 2,
                    "bakeries": 2,
                    "get address": 3,
                    "search venue by image": 1
                },
                "venueNeigh": "Financial District",
                "venueScore": "average"
            },
            {
                "imgs": [
                    "b543793509376b4effe32f4aaee38248",
                    "b883b6c865965ec29edf924e193680a2",
                    "2c6410a01513000bc9a243f0cfc40e10",
                    "69ef004f3b8ca20b9008e3496752ee1a"
                ],
                "terms": [
                    "cheese",
                    "salad bar",
                    "eggs",
                    "green tea",
                    "burgers",
                    "dinner",
                    "tan",
                    "spaghetti",
                    "soba"
                ],
                "venueCat": [
                    "Japanese Restaurant and BBQ Joint"
                ],
                "venueName": "Hamburg Steak Keisuke",
                "preference": {
                    "eggs": 1,
                    "cheese": 1,
                    "dinner": 1,
                    "burgers": 1,
                    "BBQ joint": 2,
                    "Japanese restaurant": 2,
                    "show food image to user": 2,
                    "get tips or suggestions or things to take note of": 3
                },
                "venueNeigh": "Financial District",
                "venueScore": "average",
                "Credit Cards": "No"
            }
        ],
        "cnv_cnt": 10,
        "user_setting": "You are trying to find your friend's <b>office</b> to wait and you want to kill some time. Then, you want to find a <b>Japanese restaurant</b> for <b>dinner</b>. <b>**Use at least three turns of Question&Answers to find one venue!**</b>",
        "user_location": "unknown"
    }
}