{
    "id": "5641",
    "dialogue": [
        {
            "turn idx": 0,
            "agent": {
                "transcript": "",
                "img_gts": [],
                "dialog_act": {}
            },
            "user": {
                "transcript": "hi, i am looking for a shopping mall for dinner. could you help me find one?",
                "img_gts": [],
                "turn_label": {
                    "menus: dinner": "inform",
                    "open span: mall": "inform",
                    "placeholder": "greet"
                }
            },
            "bstate": {
                "menus: dinner": "inform",
                "open span: mall": "inform"
            }
        },
        {
            "turn idx": 1,
            "agent": {
                "transcript": "sure, what kind of place are you looking for?",
                "img_gts": [],
                "dialog_act": {
                    "open span: preference": "request"
                }
            },
            "user": {
                "transcript": "i am looking for somewhere with asian food.",
                "img_gts": [],
                "turn_label": {
                    "open span: asian food": "inform"
                }
            },
            "bstate": {
                "menus: dinner": "inform",
                "open span: mall": "inform",
                "open span: preference": "request",
                "open span: asian food": "inform"
            }
        },
        {
            "turn idx": 2,
            "agent": {
                "transcript": "is there anything else you would like about the place?",
                "img_gts": [],
                "dialog_act": {
                    "open span: anything else": "request"
                }
            },
            "user": {
                "transcript": "i would like if the place is somewhere that is quiet.",
                "img_gts": [],
                "turn_label": {
                    "open span: quiet": "inform"
                }
            },
            "bstate": {
                "menus: dinner": "inform",
                "open span: mall": "inform",
                "open span: asian food": "inform",
                "open span: anything else": "request",
                "open span: quiet": "inform"
            }
        },
        {
            "turn idx": 3,
            "agent": {
                "transcript": "you can try going to alexandra retail centre (arc).",
                "img_gts": [],
                "dialog_act": {
                    "venuename: alexandra retail centre (arc)": "recommend"
                }
            },
            "user": {
                "transcript": "could i get the address and some tips about this place? i will also need to check if there is parking and if i can get a picture of the building.",
                "img_gts": [],
                "turn_label": {
                    "venueaddress": "request",
                    "parking": "request",
                    "open span: image": "request",
                    "venuename: alexandra retail centre (arc)": "confirm",
                    "open span: tip or suggestion": "request"
                }
            },
            "bstate": {
                "menus: dinner": "inform",
                "open span: mall": "inform",
                "open span: asian food": "inform",
                "open span: quiet": "inform",
                "venueaddress": "request",
                "parking": "request",
                "open span: image": "request",
                "venuename: alexandra retail centre (arc)": "confirm",
                "open span: tip or suggestion": "request"
            }
        },
        {
            "turn idx": 4,
            "agent": {
                "transcript": "the address of the place is 460 alexandra rd 119963 singapore and someone has said: nice and quiet place to have dinner, try out bistroquet if u like french /italian cuisine, or sugar n spice for the indochina cuisine.auntie kim is best for korean food in the area...enjoy!! there is parking there and here is a picture of the building.",
                "img_gts": [
                    "building"
                ],
                "dialog_act": {
                    "venueaddress: 460 alexandra rd 119963 singapore": "inform",
                    "parking: yes": "inform",
                    "open span: image": "inform",
                    "open span: building": "inform",
                    "img_gts: building": "inform"
                }
            },
            "user": {
                "transcript": "okay! i am also looking for another place that is cozy to get some japanese style desserts like cake and other desserts like in this picture.",
                "img_gts": [
                    "cake/dessert"
                ],
                "turn_label": {
                    "open span: image": "inform",
                    "open span: cake": "inform",
                    "open span: cozy": "inform",
                    "img_gts: cake/dessert": "inform"
                }
            },
            "bstate": {
                "menus: dinner": "inform",
                "open span: mall": "inform",
                "open span: asian food": "inform",
                "open span: quiet": "inform",
                "open span: image": "inform",
                "venuename: alexandra retail centre (arc)": "confirm",
                "venueaddress: 460 alexandra rd 119963 singapore": "inform",
                "parking: yes": "inform",
                "open span: building": "inform",
                "open span: cake": "inform",
                "open span: cozy": "inform",
                "img_gts: cake/dessert": "inform"
            }
        },
        {
            "turn idx": 5,
            "agent": {
                "transcript": "you can go to chef yamashita.",
                "img_gts": [],
                "dialog_act": {
                    "venuename: chef yamashita": "recommend"
                }
            },
            "user": {
                "transcript": "do you have any tips about the place? and is there some way to recognise the place?",
                "img_gts": [],
                "turn_label": {
                    "open span: recognise": "inform",
                    "venuename: chef yamashita": "confirm",
                    "open span: tip or suggestion": "request"
                }
            },
            "bstate": {
                "menus: dinner": "inform",
                "open span: mall": "inform",
                "open span: asian food": "inform",
                "open span: quiet": "inform",
                "open span: image": "inform",
                "venueaddress: 460 alexandra rd 119963 singapore": "inform",
                "parking: yes": "inform",
                "open span: building": "inform",
                "open span: cake": "inform",
                "open span: cozy": "inform",
                "img_gts: cake/dessert": "inform",
                "open span: recognise": "inform",
                "venuename: chef yamashita": "confirm",
                "open span: tip or suggestion": "request"
            }
        },
        {
            "turn idx": 6,
            "agent": {
                "transcript": "someone has said: try the luna cakes! they're like mini pancakes wrapped around cream and fillings. very soft and yummy. mostly a take away place, they do have 2 tiny tables outside along the corridor though. here is a picture of the signboard that you can use to look out for the place.",
                "img_gts": [
                    "name board"
                ],
                "dialog_act": {
                    "open span: image": "inform",
                    "img_gts: name board": "inform"
                }
            },
            "user": {
                "transcript": "okay, great!",
                "img_gts": [],
                "turn_label": {}
            },
            "bstate": {
                "menus: dinner": "inform",
                "open span: mall": "inform",
                "open span: asian food": "inform",
                "open span: quiet": "inform",
                "open span: image": "inform",
                "venueaddress: 460 alexandra rd 119963 singapore": "inform",
                "parking: yes": "inform",
                "open span: building": "inform",
                "open span: cake": "inform",
                "open span: cozy": "inform",
                "open span: recognise": "inform",
                "venuename: chef yamashita": "confirm",
                "img_gts: name board": "inform"
            }
        },
        {
            "turn idx": 7,
            "agent": {
                "transcript": "is there anything else i can help with?",
                "img_gts": [],
                "dialog_act": {
                    "open span: anything else": "request"
                }
            },
            "user": {
                "transcript": "nope, thank you!",
                "img_gts": [],
                "turn_label": {
                    "placeholder": "bye"
                }
            },
            "bstate": {
                "menus: dinner": "inform",
                "open span: mall": "inform",
                "open span: asian food": "inform",
                "open span: quiet": "inform",
                "open span: image": "inform",
                "venueaddress: 460 alexandra rd 119963 singapore": "inform",
                "parking: yes": "inform",
                "open span: building": "inform",
                "open span: cake": "inform",
                "open span: cozy": "inform",
                "open span: recognise": "inform",
                "venuename: chef yamashita": "confirm",
                "img_gts: name board": "inform",
                "open span: anything else": "request"
            }
        }
    ],
    "user rating": 5,
    "user setting": "you are looking for a <b>shopping mall</b> to have <b>dinner</b> at. then, you would like to get some <b>dessert</b> nearby. <b>**use at least three turns of question&answers to find one venue!**</b>",
    "goal": {
        "id": 1692,
        "type": "multiple",
        "modality": "multiple",
        "content": [
            {
                "imgs": [
                    "84422041b42352f28b47c7662a4f5c2a",
                    "520141d0e6dc4fd338f42bf5dfc85183",
                    "b50a9b013734d55cdd0a994b5000b512",
                    "d61e83b331d3ef81fb871e7008895147"
                ],
                "Wi-Fi": "Free",
                "terms": [
                    "quiet",
                    "dinner",
                    "Korean food",
                    "lunch",
                    "parking",
                    "Asian food"
                ],
                "venueCat": [
                    "Shopping Mall"
                ],
                "venueName": "Alexandra Retail Centre (ARC)",
                "preference": {
                    "quiet": 1,
                    "dinner": 2,
                    "Asian food": 1,
                    "check parking": 1,
                    "show building image to user": 2,
                    "get address and tips or suggestions or things to take note of": 3
                },
                "venueNeigh": "Central Region",
                "venueScore": "poor",
                "Credit Cards": "Yes"
            },
            {
                "imgs": [
                    "b0335cb635468e57f9d9ef6657e790fc",
                    "75cf3e14fe3c3e3edc04dc961bbafead",
                    "da2ce207b41d94542a7052e7918ac578",
                    "24d6e88a94c816a1666bcdc91f15ad43"
                ],
                "Menus": [
                    "Dessert"
                ],
                "terms": [
                    "cozy",
                    "Japanese style",
                    "cake",
                    "mt fuji",
                    "authentic",
                    "casual"
                ],
                "venueCat": [
                    "Bakery"
                ],
                "venueName": "Chef Yamashita",
                "preference": {
                    "cake": 1,
                    "cozy": 1,
                    "Japanese style": 2,
                    "search venue by dessert image": 2,
                    "show image of sign to user for recognition": 1,
                    "get tips or suggestions or things to take note of": 3
                },
                "venueNeigh": "Central Region",
                "venueScore": "average",
                "Credit Cards": "No",
                "Reservations": "No",
                "Dining Options": [
                    "No Delivery"
                ],
                "Outdoor Seating": "No"
            }
        ],
        "cnv_cnt": 10,
        "user_setting": "You are looking for a <b>shopping mall</b> to have <b>dinner</b> at. Then, you would like to get some <b>dessert</b> nearby. <b>**Use at least three turns of Question&Answers to find one venue!**</b>",
        "user_location": "unknown"
    }
}