{
    "id": "5657",
    "dialogue": [
        {
            "turn idx": 0,
            "agent": {
                "transcript": "",
                "img_gts": [],
                "dialog_act": {}
            },
            "user": {
                "transcript": "hi i am looking for a place for dinner in simei. can you recommend a place for me?",
                "img_gts": [],
                "turn_label": {
                    "menus: dinner": "inform",
                    "venueneigh: simei": "inform",
                    "placeholder": "greet"
                }
            },
            "bstate": {
                "menus: dinner": "inform",
                "venueneigh: simei": "inform"
            }
        },
        {
            "turn idx": 1,
            "agent": {
                "transcript": "sure. do you have any specific preferences about the food and place?",
                "img_gts": [],
                "dialog_act": {
                    "open span: place": "inform",
                    "open span: preference": "request",
                    "open span: food": "inform"
                }
            },
            "user": {
                "transcript": "can you recommend a food court that has japanese food?",
                "img_gts": [],
                "turn_label": {
                    "open span: japanese food": "inform"
                }
            },
            "bstate": {
                "menus: dinner": "inform",
                "venueneigh: simei": "inform",
                "open span: place": "inform",
                "open span: preference": "request",
                "open span: food": "inform",
                "open span: japanese food": "inform"
            }
        },
        {
            "turn idx": 2,
            "agent": {
                "transcript": "you can visit eastpoint mall. this is the mall buidling image!",
                "img_gts": [
                    "building"
                ],
                "dialog_act": {
                    "venuename: eastpoint mall": "recommend",
                    "open span: image": "inform",
                    "open span: building": "inform",
                    "img_gts: building": "inform"
                }
            },
            "user": {
                "transcript": "good idea! can i have the address?",
                "img_gts": [],
                "turn_label": {
                    "venueaddress": "request",
                    "venuename: eastpoint mall": "confirm"
                }
            },
            "bstate": {
                "menus: dinner": "inform",
                "venueneigh: simei": "inform",
                "open span: place": "inform",
                "open span: food": "inform",
                "open span: japanese food": "inform",
                "open span: image": "inform",
                "open span: building": "inform",
                "img_gts: building": "inform",
                "venueaddress": "request",
                "venuename: eastpoint mall": "confirm"
            }
        },
        {
            "turn idx": 3,
            "agent": {
                "transcript": "it is located at 3 simei street 6 528833 singapore. any other information that you need?",
                "img_gts": [],
                "dialog_act": {
                    "venueneigh: simei": "inform",
                    "venueaddress: 3 simei street 6 528833 singapore": "inform",
                    "open span: other information": "request"
                }
            },
            "user": {
                "transcript": "that's all i need. thanks!",
                "img_gts": [],
                "turn_label": {
                    "placeholder": "bye"
                }
            },
            "bstate": {
                "menus: dinner": "inform",
                "open span: place": "inform",
                "open span: food": "inform",
                "open span: japanese food": "inform",
                "open span: image": "inform",
                "open span: building": "inform",
                "img_gts: building": "inform",
                "venuename: eastpoint mall": "confirm",
                "venueneigh: simei": "inform",
                "venueaddress: 3 simei street 6 528833 singapore": "inform",
                "open span: other information": "request"
            }
        },
        {
            "turn idx": 4,
            "agent": {
                "transcript": "bye!",
                "img_gts": [],
                "dialog_act": {
                    "placeholder": "bye"
                }
            },
            "user": {
                "transcript": "",
                "img_gts": [],
                "turn_label": {}
            },
            "bstate": {
                "menus: dinner": "inform",
                "open span: place": "inform",
                "open span: food": "inform",
                "open span: japanese food": "inform",
                "open span: image": "inform",
                "open span: building": "inform",
                "img_gts: building": "inform",
                "venuename: eastpoint mall": "confirm",
                "venueneigh: simei": "inform",
                "venueaddress: 3 simei street 6 528833 singapore": "inform"
            }
        }
    ],
    "user rating": 5,
    "user setting": "you are hungry and want to eat <b>japanese food</b> for <b>dinner</b>. <b>**use at least three turns of question&answers to find one venue!**</b>",
    "goal": {
        "id": 1671,
        "type": "single",
        "modality": "multiple",
        "content": [
            {
                "imgs": [
                    "4ae795b2bb85f8a48ef8814c0f8e2049",
                    "ee5e759f615813968baf3f864885b0d1",
                    "d46e87e8f4a04b8cc0fa13acd82cf601",
                    "b80dbed2a595c527568fc9c1574be611"
                ],
                "terms": [
                    "Japanese food",
                    "lunch",
                    "food courts",
                    "dinner"
                ],
                "venueCat": [
                    "Shopping Mall and General Entertainment"
                ],
                "venueName": "Eastpoint Mall",
                "preference": {
                    "Simei": 1,
                    "dinner": 2,
                    "food courts": 1,
                    "get address": 3,
                    "Japanese food": 2,
                    "show building image to user": 1
                },
                "venueNeigh": "Simei",
                "venueScore": "fair",
                "Credit Cards": "Yes"
            }
        ],
        "cnv_cnt": 10,
        "user_setting": "You are hungry and want to eat <b>Japanese food</b> for <b>dinner</b>. <b>**Use at least three turns of Question&Answers to find one venue!**</b>",
        "user_location": "unknown"
    }
}