{
    "id": "569",
    "dialogue": [
        {
            "turn idx": 0,
            "agent": {
                "transcript": "",
                "img_gts": [],
                "dialog_act": {}
            },
            "user": {
                "transcript": "hi, i am staying in downtown core and i hope to try cantonese restaurant for lunch and italian restaurant for dinner.",
                "img_gts": [],
                "turn_label": {
                    "venueneigh: downtown core": "inform",
                    "menus: lunch": "inform",
                    "open span: cantonese food": "inform",
                    "menus: dinner": "inform",
                    "open span: italian food": "inform",
                    "placeholder": "greet"
                }
            },
            "bstate": {
                "venueneigh: downtown core": "inform",
                "menus: lunch": "inform",
                "open span: cantonese food": "inform",
                "menus: dinner": "inform",
                "open span: italian food": "inform"
            }
        },
        {
            "turn idx": 1,
            "agent": {
                "transcript": "hi, can you be more specific?",
                "img_gts": [],
                "dialog_act": {
                    "open span: specific": "request"
                }
            },
            "user": {
                "transcript": "yes, for the cantonese one, i prefer a place with dim sum and authentic shrimp dumplings.",
                "img_gts": [],
                "turn_label": {
                    "open span: authentic": "inform",
                    "open span: dim sum": "inform",
                    "open span: shrimp dumpling": "inform"
                }
            },
            "bstate": {
                "venueneigh: downtown core": "inform",
                "menus: lunch": "inform",
                "open span: cantonese food": "inform",
                "menus: dinner": "inform",
                "open span: italian food": "inform",
                "open span: specific": "request",
                "open span: authentic": "inform",
                "open span: dim sum": "inform",
                "open span: shrimp dumpling": "inform"
            }
        },
        {
            "turn idx": 2,
            "agent": {
                "transcript": "i would recommend empress then.",
                "img_gts": [],
                "dialog_act": {
                    "venuename: empress": "recommend"
                }
            },
            "user": {
                "transcript": "great! can you give me some suggestions about it?",
                "img_gts": [],
                "turn_label": {
                    "open span: tip or suggestion": "request",
                    "venuename: empress": "confirm"
                }
            },
            "bstate": {
                "venueneigh: downtown core": "inform",
                "menus: lunch": "inform",
                "open span: cantonese food": "inform",
                "menus: dinner": "inform",
                "open span: italian food": "inform",
                "open span: authentic": "inform",
                "open span: dim sum": "inform",
                "open span: shrimp dumpling": "inform",
                "open span: tip or suggestion": "request",
                "venuename: empress": "confirm"
            }
        },
        {
            "turn idx": 3,
            "agent": {
                "transcript": "wong ah yoke, food critic, enjoyed: triple roast platter, crispy cod \"bi feng tang\" style, king prawn dumpling in supreme broth, cempedak creme brulee, jasmine poached pear.",
                "img_gts": [],
                "dialog_act": {}
            },
            "user": {
                "transcript": "and for the italian one, i want a place with moderate price and pizza available.",
                "img_gts": [],
                "turn_label": {
                    "price: moderate": "inform",
                    "open span: pizza": "inform"
                }
            },
            "bstate": {
                "venueneigh: downtown core": "inform",
                "menus: lunch": "inform",
                "open span: cantonese food": "inform",
                "menus: dinner": "inform",
                "open span: italian food": "inform",
                "open span: authentic": "inform",
                "open span: dim sum": "inform",
                "open span: shrimp dumpling": "inform",
                "venuename: empress": "confirm",
                "price: moderate": "inform",
                "open span: pizza": "inform"
            }
        },
        {
            "turn idx": 4,
            "agent": {
                "transcript": "in that case, you will love pizza express.",
                "img_gts": [],
                "dialog_act": {
                    "venuename: pizza express": "recommend"
                }
            },
            "user": {
                "transcript": "can you help me check whether they have reservations?",
                "img_gts": [],
                "turn_label": {
                    "reservations": "request"
                }
            },
            "bstate": {
                "venueneigh: downtown core": "inform",
                "menus: lunch": "inform",
                "open span: cantonese food": "inform",
                "menus: dinner": "inform",
                "open span: italian food": "inform",
                "open span: authentic": "inform",
                "open span: dim sum": "inform",
                "open span: shrimp dumpling": "inform",
                "price: moderate": "inform",
                "open span: pizza": "inform",
                "venuename: pizza express": "recommend",
                "reservations": "request"
            }
        },
        {
            "turn idx": 5,
            "agent": {
                "transcript": "yes, they should have that.",
                "img_gts": [],
                "dialog_act": {
                    "reservations: yes": "inform"
                }
            },
            "user": {
                "transcript": "thanks, that is all i needed.",
                "img_gts": [],
                "turn_label": {
                    "placeholder": "bye"
                }
            },
            "bstate": {
                "venueneigh: downtown core": "inform",
                "menus: lunch": "inform",
                "open span: cantonese food": "inform",
                "menus: dinner": "inform",
                "open span: italian food": "inform",
                "open span: authentic": "inform",
                "open span: dim sum": "inform",
                "open span: shrimp dumpling": "inform",
                "price: moderate": "inform",
                "open span: pizza": "inform",
                "venuename: pizza express": "recommend",
                "reservations: yes": "inform"
            }
        }
    ],
    "user rating": 4,
    "user setting": "you are in stay in <b>downtown core</b>, hope to try <b>cantonese restaurant</b> for lunch and <b>italian restaurant</b> for dinner.",
    "goal": {
        "id": 1420,
        "type": "multiple",
        "modality": "multiple",
        "content": [
            {
                "imgs": [],
                "Menus": [
                    "Brunch",
                    "Lunch",
                    "Dinner",
                    "Happy Hour"
                ],
                "terms": [
                    "scallops",
                    "cod",
                    "authentic",
                    "pork loin",
                    "brunch food",
                    "asparagus",
                    "shrimp dumplings",
                    "dim sum",
                    "oriental",
                    "poached pears",
                    "scenic views",
                    "burgers",
                    "meats",
                    "creme br\u00fbl\u00e9e",
                    "crispy chicken",
                    "fancy",
                    "crispy food",
                    "beef",
                    "jumbo shrimp"
                ],
                "venueCat": [
                    "Cantonese Restaurant"
                ],
                "venueName": "Empress",
                "preference": {
                    "dim sum": 2,
                    "get tips": 3,
                    "authentic": 1,
                    "crispy food": 2,
                    "shrimp dumplings": 2
                },
                "venueNeigh": "Downtown Core",
                "venueScore": "average"
            },
            {
                "imgs": [
                    "9321b8545cf6176ae2a3e2297497195a",
                    "2f2206df4610a1223c22c86be46e75a6",
                    "7e952846d50a16d2e2cf5639f7a68bd1"
                ],
                "Menus": [
                    "Brunch",
                    "Lunch",
                    "Dinner"
                ],
                "Music": "Yes",
                "price": "Moderate",
                "terms": [
                    "lunch",
                    "pizza"
                ],
                "Drinks": [
                    "Beer",
                    "Wine"
                ],
                "Restroom": "Yes",
                "venueCat": [
                    "Italian Restaurant",
                    "Pizza Place"
                ],
                "venueName": "Pizza Express",
                "preference": {
                    "Pizza Place": 0,
                    "Moderate price": 1,
                    "Italian Restaurant": 2,
                    "check reservations": 3
                },
                "venueNeigh": "Downtown Core",
                "venueScore": "average",
                "Credit Cards": "Yes",
                "Reservations": "Yes",
                "Dining Options": [
                    "Table Service",
                    "Take-out"
                ],
                "Outdoor Seating": "Yes"
            }
        ],
        "cnv_cnt": 20,
        "user_setting": "You are in stay in <b>Downtown Core</b>, hope to try <b>Cantonese Restaurant</b> for lunch and <b>Italian Restaurant</b> for dinner.",
        "user_location": "unknown"
    }
}