{
    "id": "5712",
    "dialogue": [
        {
            "turn idx": 0,
            "agent": {
                "transcript": "",
                "img_gts": [],
                "dialog_act": {}
            },
            "user": {
                "transcript": "hi, i am looking for a place for both dinner and some drinks in the financial district. could you recommend a couple of places to go to for comparison?",
                "img_gts": [],
                "turn_label": {
                    "menus:  dinner": "inform",
                    "drinks": "inform",
                    "venueneigh: financial district": "inform",
                    "placeholder": "greet"
                }
            },
            "bstate": {
                "menus: dinner": "inform",
                "venueneigh: financial district": "inform"
            }
        },
        {
            "turn idx": 1,
            "agent": {
                "transcript": "sure, what kinds of places are you looking for?",
                "img_gts": [],
                "dialog_act": {
                    "open span: preference": "request"
                }
            },
            "user": {
                "transcript": "i am looking for places that are good for dates.",
                "img_gts": [],
                "turn_label": {
                    "open span: good for date": "inform"
                }
            },
            "bstate": {
                "menus: dinner": "inform",
                "venueneigh: financial district": "inform",
                "open span: preference": "request",
                "open span: good for date": "inform"
            }
        },
        {
            "turn idx": 2,
            "agent": {
                "transcript": "can you tell me more about each of the places?",
                "img_gts": [],
                "dialog_act": {
                    "open span: more information": "request"
                }
            },
            "user": {
                "transcript": "for the first place i am thinking of, it is somewhere that has japanese fusion food and also a rooftop bar with sake.",
                "img_gts": [],
                "turn_label": {
                    "open span: rooftop bar": "inform",
                    "open span: sake": "inform"
                }
            },
            "bstate": {
                "menus: dinner": "inform",
                "venueneigh: financial district": "inform",
                "open span: good for date": "inform",
                "open span: more information": "request",
                "open span: rooftop bar": "inform",
                "open span: sake": "inform"
            }
        },
        {
            "turn idx": 3,
            "agent": {
                "transcript": "you can try going to kinki restaurant & bar.",
                "img_gts": [],
                "dialog_act": {
                    "venuename: kinki restaurant & bar": "recommend"
                }
            },
            "user": {
                "transcript": "could i get a picture of the views from the bar? and also the address of the place and some tips about it?",
                "img_gts": [],
                "turn_label": {
                    "venueaddress": "request",
                    "open span: image": "request",
                    "open span: view": "inform",
                    "venuename: kinki restaurant & bar": "confirm",
                    "open span: tip or suggestion": "request"
                }
            },
            "bstate": {
                "menus: dinner": "inform",
                "venueneigh: financial district": "inform",
                "open span: good for date": "inform",
                "open span: rooftop bar": "inform",
                "open span: sake": "inform",
                "venueaddress": "request",
                "open span: image": "request",
                "open span: view": "inform",
                "venuename: kinki restaurant & bar": "confirm",
                "open span: tip or suggestion": "request"
            }
        },
        {
            "turn idx": 4,
            "agent": {
                "transcript": "here is a picture of some scenic views. the address of the restaurant is #02-02, customs house (70 collyer quay) 049323 singapore and someone has said: nice place to hang out especially at night!",
                "img_gts": [
                    "cityview"
                ],
                "dialog_act": {
                    "venueaddress: #02-02, customs house (70 collyer quay) 049323 singapore": "inform",
                    "open span: image": "inform",
                    "open span: scenic view": "inform",
                    "img_gts: cityview": "inform"
                }
            },
            "user": {
                "transcript": "okay! for the other place i am thinking of, it is somewhere with french food and cocktails.",
                "img_gts": [],
                "turn_label": {
                    "drinks:  cocktails": "inform",
                    "open span: french food": "inform"
                }
            },
            "bstate": {
                "menus: dinner": "inform",
                "venueneigh: financial district": "inform",
                "open span: good for date": "inform",
                "open span: rooftop bar": "inform",
                "open span: sake": "inform",
                "open span: image": "inform",
                "open span: view": "inform",
                "venuename: kinki restaurant & bar": "confirm",
                "venueaddress: #02-02, customs house (70 collyer quay) 049323 singapore": "inform",
                "open span: scenic view": "inform",
                "img_gts: cityview": "inform",
                "drinks: cocktails": "inform",
                "open span: french food": "inform"
            }
        },
        {
            "turn idx": 5,
            "agent": {
                "transcript": "do you have any preferences about the kind of food?",
                "img_gts": [],
                "dialog_act": {
                    "open span: preference": "request",
                    "open span: food": "inform"
                }
            },
            "user": {
                "transcript": "i am thinking of having some steak or maybe shellfish.",
                "img_gts": [],
                "turn_label": {
                    "open span: shellfish": "inform",
                    "open span: steak": "inform"
                }
            },
            "bstate": {
                "menus: dinner": "inform",
                "venueneigh: financial district": "inform",
                "open span: good for date": "inform",
                "open span: rooftop bar": "inform",
                "open span: sake": "inform",
                "open span: image": "inform",
                "open span: view": "inform",
                "venuename: kinki restaurant & bar": "confirm",
                "venueaddress: #02-02, customs house (70 collyer quay) 049323 singapore": "inform",
                "open span: scenic view": "inform",
                "img_gts: cityview": "inform",
                "drinks: cocktails": "inform",
                "open span: french food": "inform",
                "open span: preference": "request",
                "open span: food": "inform",
                "open span: shellfish": "inform",
                "open span: steak": "inform"
            }
        },
        {
            "turn idx": 6,
            "agent": {
                "transcript": "you can try going to db bistro & oyster bar.",
                "img_gts": [],
                "dialog_act": {
                    "venuename: db bistro & oyster bar": "recommend"
                }
            },
            "user": {
                "transcript": "could i get their address and some food recommendations if you have any?",
                "img_gts": [],
                "turn_label": {
                    "venueaddress": "request",
                    "open span: recommendation": "request",
                    "open span: food": "inform"
                }
            },
            "bstate": {
                "menus: dinner": "inform",
                "venueneigh: financial district": "inform",
                "open span: good for date": "inform",
                "open span: rooftop bar": "inform",
                "open span: sake": "inform",
                "open span: image": "inform",
                "open span: view": "inform",
                "open span: scenic view": "inform",
                "img_gts: cityview": "inform",
                "drinks: cocktails": "inform",
                "open span: french food": "inform",
                "open span: food": "inform",
                "open span: shellfish": "inform",
                "open span: steak": "inform",
                "venuename: db bistro & oyster bar": "recommend",
                "venueaddress": "request",
                "open span: recommendation": "request"
            }
        },
        {
            "turn idx": 7,
            "agent": {
                "transcript": "their address is #b1-48, the shoppes at marina bay sands (2 bayfront avenue) 018956 singapore. i would recommend having the oysters like in this picture. someone has said: the seafood platter is probably one of the best starters! it consists of oysters, lobster, crab, mussels, shrimps, and snails. you gonna enjoy it while dining in with your friends.",
                "img_gts": [
                    "oyster"
                ],
                "dialog_act": {
                    "venueaddress: #b1-48, the shoppes at marina bay sands (2 bayfront avenue) 018956 singapore": "inform",
                    "open span: image": "inform",
                    "open span: starter": "inform",
                    "open span: oyster": "inform",
                    "img_gts: oyster": "inform"
                }
            },
            "user": {
                "transcript": "okay, great!",
                "img_gts": [],
                "turn_label": {
                    "venuename: db bistro & oyster bar": "confirm"
                }
            },
            "bstate": {
                "menus: dinner": "inform",
                "venueneigh: financial district": "inform",
                "open span: good for date": "inform",
                "open span: rooftop bar": "inform",
                "open span: sake": "inform",
                "open span: image": "inform",
                "open span: view": "inform",
                "open span: scenic view": "inform",
                "drinks: cocktails": "inform",
                "open span: french food": "inform",
                "open span: food": "inform",
                "open span: shellfish": "inform",
                "open span: steak": "inform",
                "venueaddress: #b1-48, the shoppes at marina bay sands (2 bayfront avenue) 018956 singapore": "inform",
                "open span: starter": "inform",
                "open span: oyster": "inform",
                "img_gts: oyster": "inform",
                "venuename: db bistro & oyster bar": "confirm"
            }
        },
        {
            "turn idx": 8,
            "agent": {
                "transcript": "is there anything else i can help with?",
                "img_gts": [],
                "dialog_act": {
                    "open span: anything else": "request"
                }
            },
            "user": {
                "transcript": "nope, thank you!",
                "img_gts": [],
                "turn_label": {
                    "placeholder": "bye"
                }
            },
            "bstate": {
                "menus: dinner": "inform",
                "venueneigh: financial district": "inform",
                "open span: good for date": "inform",
                "open span: rooftop bar": "inform",
                "open span: sake": "inform",
                "open span: image": "inform",
                "open span: view": "inform",
                "open span: scenic view": "inform",
                "drinks: cocktails": "inform",
                "open span: french food": "inform",
                "open span: food": "inform",
                "open span: shellfish": "inform",
                "open span: steak": "inform",
                "venueaddress: #b1-48, the shoppes at marina bay sands (2 bayfront avenue) 018956 singapore": "inform",
                "open span: starter": "inform",
                "open span: oyster": "inform",
                "img_gts: oyster": "inform",
                "venuename: db bistro & oyster bar": "confirm",
                "open span: anything else": "request"
            }
        }
    ],
    "user rating": 5,
    "user setting": "you are planning a date and looking for a <b>restaurant</b> where you can have <b>dinner</b> and also get some <b>drinks</b>. you want to get more information about 2 different places for comparison. <b>**use at least three turns of question&answers to find one venue!**</b>",
    "goal": {
        "id": 1682,
        "type": "multiple",
        "modality": "multiple",
        "content": [
            {
                "imgs": [
                    "9a96cb7dfebc3cc29b037f0bd6478f7d",
                    "bd8d49ed53156a79bdb122899d02f03a",
                    "9e0c1ee482b7fd935810b4c451caa86c"
                ],
                "Menus": [
                    "Lunch",
                    "Dinner",
                    "Dessert",
                    "Happy Hour"
                ],
                "terms": [
                    "good for dates",
                    "rooftop bar",
                    "Japanese fusion",
                    "crispy pork belly",
                    "fish",
                    "sushi",
                    "salmon",
                    "black cod",
                    "foie gras",
                    "sake",
                    "happy hour",
                    "wagyu beef",
                    "music",
                    "martinis",
                    "stylish",
                    "trendy",
                    "scallops",
                    "sashimi",
                    "scenic views",
                    "ice cream"
                ],
                "Drinks": [
                    "Beer",
                    "Full Bar",
                    "Cocktails"
                ],
                "venueCat": [
                    "Japanese Restaurant",
                    "Sushi Restaurant",
                    "and Bar"
                ],
                "venueName": "Kinki Restaurant & Bar",
                "preference": {
                    "sake": 1,
                    "dinner": 2,
                    "rooftop bar": 1,
                    "good for dates": 2,
                    "Japanese fusion": 1,
                    "resquest scenic views image": 1,
                    "get address and tips or suggestions or things to take note of": 3
                },
                "venueNeigh": "Financial District",
                "venueScore": "average",
                "Credit Cards": "Yes",
                "Reservations": "Yes",
                "Dining Options": [
                    "Table Service",
                    "Bar Service",
                    "No Delivery"
                ],
                "Outdoor Seating": "Yes"
            },
            {
                "imgs": [
                    "384f713703126386b713f5d474833e95",
                    "5d4dfabe53245db1113f78dbb256d973",
                    "78a123cf3923cdb25b6c2c7c1b7ed0f5",
                    "4a2b73bf0d4b8abd18a520781c36f364",
                    "292883bec02b2f66a8bc572a2390ea1f"
                ],
                "Menus": [
                    "Brunch",
                    "Lunch",
                    "Dinner"
                ],
                "Wi-Fi": "Free",
                "terms": [
                    "good for groups",
                    "medium",
                    "desserts",
                    "shellfish",
                    "good for dates",
                    "sorbet",
                    "french fries",
                    "fancy",
                    "foie gras",
                    "cocktails",
                    "burgers",
                    "lobster",
                    "lively",
                    "casual",
                    "trendy",
                    "tarte flambees",
                    "steak",
                    "oysters",
                    "French food",
                    "profiteroles"
                ],
                "Drinks": [
                    "Wine",
                    "Full Bar",
                    "Cocktails"
                ],
                "venueCat": [
                    "Bistro",
                    "French Restaurant",
                    "and Seafood Restaurant"
                ],
                "venueName": "db Bistro & Oyster Bar",
                "preference": {
                    "steak": 1,
                    "cocktails": 1,
                    "shellfish": 1,
                    "French food": 2,
                    "good for dates": 2,
                    "recommend oysters by image": 1,
                    "get address and food recommendation": 3
                },
                "venueNeigh": "Financial District",
                "venueScore": "good",
                "Credit Cards": "Yes",
                "Reservations": "Yes",
                "Dining Options": [
                    "No Delivery"
                ],
                "Outdoor Seating": "No"
            }
        ],
        "cnv_cnt": 10,
        "user_setting": "You are planning a date and looking for a <b>restaurant</b> where you can have <b>dinner</b> and also get some <b>drinks</b>. You want to get more information about 2 different places for comparison. <b>**Use at least three turns of Question&Answers to find one venue!**</b>",
        "user_location": "unknown"
    }
}