{
    "id": "5749",
    "dialogue": [
        {
            "turn idx": 0,
            "agent": {
                "transcript": "",
                "img_gts": [],
                "dialog_act": {}
            },
            "user": {
                "transcript": "hi! i am planning to get lunch in financial district. can you recommend a restaurant to me?",
                "img_gts": [],
                "turn_label": {
                    "venuename": "request",
                    "venueneigh: financial district": "inform",
                    "open span: recommendation": "request",
                    "placeholder": "greet"
                }
            },
            "bstate": {
                "venuename": "request",
                "venueneigh: financial district": "inform",
                "open span: recommendation": "request"
            }
        },
        {
            "turn idx": 1,
            "agent": {
                "transcript": "sure. what type of food would you like to have for lunch?",
                "img_gts": [],
                "dialog_act": {
                    "open span: preference": "request",
                    "open span: food": "inform"
                }
            },
            "user": {
                "transcript": "i found this fish soup image online. i would like to try this!",
                "img_gts": [
                    "soup"
                ],
                "turn_label": {
                    "open span: image": "inform",
                    "open span: fish soup": "inform",
                    "img_gts: soup": "inform"
                }
            },
            "bstate": {
                "venuename": "request",
                "venueneigh: financial district": "inform",
                "open span: preference": "request",
                "open span: food": "inform",
                "open span: image": "inform",
                "open span: fish soup": "inform",
                "img_gts: soup": "inform"
            }
        },
        {
            "turn idx": 2,
            "agent": {
                "transcript": "you can visit han kee fish soup. their fish is best eaten with chili padi!",
                "img_gts": [],
                "dialog_act": {
                    "venuename: han kee fish soup": "recommend"
                }
            },
            "user": {
                "transcript": "sounds good! can you check if they provide delivery?",
                "img_gts": [],
                "turn_label": {
                    "dining options:  delivery": "inform",
                    "venuename: han kee fish soup": "confirm"
                }
            },
            "bstate": {
                "venueneigh: financial district": "inform",
                "open span: food": "inform",
                "open span: image": "inform",
                "open span: fish soup": "inform",
                "img_gts: soup": "inform",
                "dining options: delivery": "inform",
                "venuename: han kee fish soup": "confirm"
            }
        },
        {
            "turn idx": 3,
            "agent": {
                "transcript": "unfortunately they don't.",
                "img_gts": [],
                "dialog_act": {}
            },
            "user": {
                "transcript": "oh. can you recommend another restaurant that has delivery?",
                "img_gts": [],
                "turn_label": {
                    "dining options:  delivery": "inform",
                    "open span: another restaurant": "request"
                }
            },
            "bstate": {
                "venueneigh: financial district": "inform",
                "open span: food": "inform",
                "open span: image": "inform",
                "open span: fish soup": "inform",
                "img_gts: soup": "inform",
                "venuename: han kee fish soup": "confirm",
                "dining options: delivery": "inform",
                "open span: another restaurant": "request"
            }
        },
        {
            "turn idx": 4,
            "agent": {
                "transcript": "sure. do you have any preferences about the food?",
                "img_gts": [],
                "dialog_act": {
                    "open span: preference": "request",
                    "open span: food": "inform"
                }
            },
            "user": {
                "transcript": "i would like to try soba and curry rice. could you recommend a japanese restaurant that serves these food and accepts credit card?",
                "img_gts": [],
                "turn_label": {
                    "credit cards: yes (incl. nfc payments & mastercard)": "inform",
                    "open span: soba": "inform",
                    "open span: curry rice": "inform",
                    "open span: recommendation": "request"
                }
            },
            "bstate": {
                "venueneigh: financial district": "inform",
                "open span: food": "inform",
                "open span: image": "inform",
                "open span: fish soup": "inform",
                "img_gts: soup": "inform",
                "venuename: han kee fish soup": "confirm",
                "dining options: delivery": "inform",
                "open span: another restaurant": "request",
                "open span: preference": "request",
                "credit cards: yes (incl. nfc payments & mastercard)": "inform",
                "open span: soba": "inform",
                "open span: curry rice": "inform",
                "open span: recommendation": "request"
            }
        },
        {
            "turn idx": 5,
            "agent": {
                "transcript": "the best option is healthy soba iki! these are some food images from the restaurant!",
                "img_gts": [
                    "ramen",
                    "ramen",
                    "ramen"
                ],
                "dialog_act": {
                    "venuename: healthy soba iki": "recommend",
                    "open span: image": "inform",
                    "open span: food": "inform",
                    "img_gts: ramen, ramen, ramen": "inform"
                }
            },
            "user": {
                "transcript": "great! can you give suggestion about the restaurant?",
                "img_gts": [],
                "turn_label": {
                    "open span: tip or suggestion": "request",
                    "venuename: healthy soba iki": "confirm"
                }
            },
            "bstate": {
                "venueneigh: financial district": "inform",
                "open span: food": "inform",
                "open span: image": "inform",
                "open span: fish soup": "inform",
                "dining options: delivery": "inform",
                "open span: another restaurant": "request",
                "credit cards: yes (incl. nfc payments & mastercard)": "inform",
                "open span: soba": "inform",
                "open span: curry rice": "inform",
                "img_gts: ramen, ramen, ramen": "inform",
                "open span: tip or suggestion": "request",
                "venuename: healthy soba iki": "confirm"
            }
        },
        {
            "turn idx": 6,
            "agent": {
                "transcript": "the popular soba bowls are: collagen chicken, lucky soba (shredded chicken meat), mushroom soba. you can try them!",
                "img_gts": [],
                "dialog_act": {}
            },
            "user": {
                "transcript": "good to know! thank you!",
                "img_gts": [],
                "turn_label": {
                    "placeholder": "bye"
                }
            },
            "bstate": {
                "venueneigh: financial district": "inform",
                "open span: food": "inform",
                "open span: image": "inform",
                "open span: fish soup": "inform",
                "dining options: delivery": "inform",
                "open span: another restaurant": "request",
                "credit cards: yes (incl. nfc payments & mastercard)": "inform",
                "open span: soba": "inform",
                "open span: curry rice": "inform",
                "img_gts: ramen, ramen, ramen": "inform",
                "venuename: healthy soba iki": "confirm"
            }
        },
        {
            "turn idx": 7,
            "agent": {
                "transcript": "enjoy your meal! bye!",
                "img_gts": [],
                "dialog_act": {
                    "placeholder": "bye"
                }
            },
            "user": {
                "transcript": "",
                "img_gts": [],
                "turn_label": {}
            },
            "bstate": {
                "venueneigh: financial district": "inform",
                "open span: food": "inform",
                "open span: image": "inform",
                "open span: fish soup": "inform",
                "dining options: delivery": "inform",
                "open span: another restaurant": "request",
                "credit cards: yes (incl. nfc payments & mastercard)": "inform",
                "open span: soba": "inform",
                "open span: curry rice": "inform",
                "img_gts: ramen, ramen, ramen": "inform",
                "venuename: healthy soba iki": "confirm"
            }
        }
    ],
    "user rating": 5,
    "user setting": "you are staying in the <b>financial district</b> and looking for a place to get <b>lunch</b>. agent recommends <b>han kee fish soup</b> but you prefer somewhere that has <b>delivery</b> so agent recommends again. <b>**use at least three turns of question&answers to find one venue!**</b>",
    "goal": {
        "id": 1686,
        "type": "multiple",
        "modality": "multiple",
        "content": [
            {
                "imgs": [
                    "5de5ad1ba8dffad65991034e882e1b44",
                    "70179c609f315f21ea9f02d3d483fbd5",
                    "c6e54da09dafce31166df642654ec320",
                    "327c28aaafdb8036ff30d2a25a1a4adb"
                ],
                "terms": [
                    "crowded",
                    "cili padi",
                    "lunch",
                    "great value",
                    "good service",
                    "fish soup"
                ],
                "venueCat": [
                    "Soup Place and Food Court"
                ],
                "venueName": "Han Kee Fish Soup",
                "preference": {
                    "lunch": 2,
                    "cili padi": 1,
                    "great value": 2,
                    "good service": 1,
                    "check delivery": 3,
                    "search venue by fish soup image": 2
                },
                "venueNeigh": "Financial District",
                "venueScore": "average"
            },
            {
                "imgs": [
                    "03b678a362c36f07a1d044bc2f5fb275",
                    "06054f9c704960095522d39b01245da1"
                ],
                "Menus": [
                    "Lunch",
                    "Dessert"
                ],
                "Wi-Fi": "Yes",
                "terms": [
                    "healthy food",
                    "soba",
                    "curry rice",
                    "casual"
                ],
                "Drinks": [
                    "Beer"
                ],
                "venueCat": [
                    "Japanese Restaurant"
                ],
                "venueName": "Healthy Soba IKI",
                "preference": {
                    "soba": 1,
                    "delivery": 2,
                    "curry rice": 1,
                    "Japanese restaurant": 2,
                    "accepts credit cards": 2,
                    "search venue by food or stall image": 2,
                    "get tips or suggestions or things to take note of": 3
                },
                "venueNeigh": "Financial District",
                "venueScore": "average",
                "Credit Cards": "Yes",
                "Reservations": "Yes",
                "Dining Options": [
                    "Take-out",
                    "Delivery"
                ],
                "Outdoor Seating": "No"
            }
        ],
        "cnv_cnt": 10,
        "user_setting": "You are staying in the <b>Financial District</b> and looking for a place to get <b>lunch</b>. Agent recommends <b>Han Kee Fish Soup</b> but you prefer somewhere that has <b>delivery</b> so agent recommends again. <b>**Use at least three turns of Question&Answers to find one venue!**</b>",
        "user_location": "unknown"
    }
}