{
    "id": "5773",
    "dialogue": [
        {
            "turn idx": 0,
            "agent": {
                "transcript": "",
                "img_gts": [],
                "dialog_act": {}
            },
            "user": {
                "transcript": "hi there, i'm looking for a place to have dinner in the financial district. do you have a place to recommend?",
                "img_gts": [],
                "turn_label": {
                    "menus:  dinner": "inform",
                    "venueneigh: financial district": "inform",
                    "open span: place to eat": "request",
                    "placeholder": "greet"
                }
            },
            "bstate": {
                "menus: dinner": "inform",
                "venueneigh: financial district": "inform",
                "open span: place to eat": "request"
            }
        },
        {
            "turn idx": 1,
            "agent": {
                "transcript": "what requirements do you have?",
                "img_gts": [],
                "dialog_act": {
                    "open span: information": "request"
                }
            },
            "user": {
                "transcript": "i hope to find a place that has a good venue score.",
                "img_gts": [],
                "turn_label": {
                    "open span: good value": "request",
                    "venuescore: good": "inform"
                }
            },
            "bstate": {
                "menus: dinner": "inform",
                "venueneigh: financial district": "inform",
                "open span: information": "request",
                "open span: good value": "request",
                "venuescore: good": "inform"
            }
        },
        {
            "turn idx": 2,
            "agent": {
                "transcript": "how does a shopping mall sound?",
                "img_gts": [],
                "dialog_act": {
                    "open span: mall": "inform"
                }
            },
            "user": {
                "transcript": "sounds good!",
                "img_gts": [],
                "turn_label": {
                    "open span: sound good": "inform"
                }
            },
            "bstate": {
                "menus: dinner": "inform",
                "venueneigh: financial district": "inform",
                "open span: good value": "request",
                "venuescore: good": "inform",
                "open span: mall": "inform",
                "open span: sound good": "inform"
            }
        },
        {
            "turn idx": 3,
            "agent": {
                "transcript": "then 100am would suit you well.",
                "img_gts": [],
                "dialog_act": {
                    "venuename: 100am": "recommend"
                }
            },
            "user": {
                "transcript": "how does this place look like? i've not heard about it before.",
                "img_gts": [],
                "turn_label": {
                    "open span: image": "request"
                }
            },
            "bstate": {
                "menus: dinner": "inform",
                "venueneigh: financial district": "inform",
                "open span: good value": "request",
                "venuescore: good": "inform",
                "open span: mall": "inform",
                "open span: sound good": "inform",
                "venuename: 100am": "recommend",
                "open span: image": "request"
            }
        },
        {
            "turn idx": 4,
            "agent": {
                "transcript": "this is a picture of the building.",
                "img_gts": [
                    "name board"
                ],
                "dialog_act": {
                    "open span: image": "inform",
                    "open span: building": "inform",
                    "img_gts: name board": "inform"
                }
            },
            "user": {
                "transcript": "oh ok. can i check if they serve dim sum there? it's my favourite food.",
                "img_gts": [],
                "turn_label": {
                    "open span: dim sum": "inform"
                }
            },
            "bstate": {
                "menus: dinner": "inform",
                "venueneigh: financial district": "inform",
                "open span: good value": "request",
                "venuescore: good": "inform",
                "open span: mall": "inform",
                "open span: sound good": "inform",
                "venuename: 100am": "recommend",
                "open span: image": "inform",
                "open span: building": "inform",
                "img_gts: name board": "inform",
                "open span: dim sum": "inform"
            }
        },
        {
            "turn idx": 5,
            "agent": {
                "transcript": "unfortunately, they do not.",
                "img_gts": [],
                "dialog_act": {}
            },
            "user": {
                "transcript": "in that case can i get another recommendation? i want to eat dim sum at a chinese restaurant.",
                "img_gts": [],
                "turn_label": {
                    "open span: dim sum": "inform",
                    "open span: chinese food": "inform"
                }
            },
            "bstate": {
                "menus: dinner": "inform",
                "venueneigh: financial district": "inform",
                "open span: good value": "request",
                "venuescore: good": "inform",
                "open span: mall": "inform",
                "open span: sound good": "inform",
                "venuename: 100am": "recommend",
                "open span: image": "inform",
                "open span: building": "inform",
                "img_gts: name board": "inform",
                "open span: dim sum": "inform",
                "open span: chinese food": "inform"
            }
        },
        {
            "turn idx": 6,
            "agent": {
                "transcript": "how about a place that serves dumplings and fried rice?",
                "img_gts": [],
                "dialog_act": {
                    "open span: fry rice": "inform",
                    "open span: dumpling": "inform"
                }
            },
            "user": {
                "transcript": "that sounds like what i like to eat. but do show me some pictures.",
                "img_gts": [],
                "turn_label": {
                    "open span: image": "request"
                }
            },
            "bstate": {
                "menus: dinner": "inform",
                "venueneigh: financial district": "inform",
                "open span: good value": "request",
                "venuescore: good": "inform",
                "open span: mall": "inform",
                "open span: sound good": "inform",
                "venuename: 100am": "recommend",
                "open span: building": "inform",
                "img_gts: name board": "inform",
                "open span: dim sum": "inform",
                "open span: chinese food": "inform",
                "open span: fry rice": "inform",
                "open span: dumpling": "inform"
            }
        },
        {
            "turn idx": 7,
            "agent": {
                "transcript": "then imperial treasure fine chinese cuisine would be a good option. they serve dim sum like in this photo.",
                "img_gts": [
                    "bun/dimsum"
                ],
                "dialog_act": {
                    "venuename: imperial treasure fine chinese cuisine": "recommend",
                    "open span: image": "inform",
                    "open span: dim sum": "inform",
                    "img_gts: bun/dimsum": "inform"
                }
            },
            "user": {
                "transcript": "wow it looks very good! any dish suggestions to try here?",
                "img_gts": [],
                "turn_label": {
                    "open span: recommendation": "request",
                    "venuename: imperial treasure fine chinese cuisine": "confirm"
                }
            },
            "bstate": {
                "menus: dinner": "inform",
                "venueneigh: financial district": "inform",
                "open span: good value": "request",
                "venuescore: good": "inform",
                "open span: mall": "inform",
                "open span: sound good": "inform",
                "open span: building": "inform",
                "open span: dim sum": "inform",
                "open span: chinese food": "inform",
                "open span: fry rice": "inform",
                "open span: dumpling": "inform",
                "open span: image": "inform",
                "img_gts: bun/dimsum": "inform",
                "open span: recommendation": "request",
                "venuename: imperial treasure fine chinese cuisine": "confirm"
            }
        },
        {
            "turn idx": 8,
            "agent": {
                "transcript": "their peking duck is perfect, tender with crispy skin. do try when you're there.",
                "img_gts": [],
                "dialog_act": {
                    "open span: peking duck": "inform"
                }
            },
            "user": {
                "transcript": "i will. what's the address of this place?",
                "img_gts": [],
                "turn_label": {
                    "venueaddress": "request"
                }
            },
            "bstate": {
                "menus: dinner": "inform",
                "venueneigh: financial district": "inform",
                "open span: good value": "request",
                "venuescore: good": "inform",
                "open span: mall": "inform",
                "open span: sound good": "inform",
                "open span: building": "inform",
                "open span: dim sum": "inform",
                "open span: chinese food": "inform",
                "open span: fry rice": "inform",
                "open span: dumpling": "inform",
                "open span: image": "inform",
                "img_gts: bun/dimsum": "inform",
                "venuename: imperial treasure fine chinese cuisine": "confirm",
                "open span: peking duck": "inform",
                "venueaddress": "request"
            }
        },
        {
            "turn idx": 9,
            "agent": {
                "transcript": "it is located at marina bay sands, #02-04 (l2-04) (10 bayfront avenue) 018956 singapore.",
                "img_gts": [],
                "dialog_act": {
                    "venueaddress: marina bay sands, #02-04 (l2-04) (10 bayfront avenue) 018956 singapore": "inform"
                }
            },
            "user": {
                "transcript": "great! thanks for the help.",
                "img_gts": [],
                "turn_label": {
                    "placeholder": "bye"
                }
            },
            "bstate": {
                "menus: dinner": "inform",
                "venueneigh: financial district": "inform",
                "open span: good value": "request",
                "venuescore: good": "inform",
                "open span: mall": "inform",
                "open span: sound good": "inform",
                "open span: building": "inform",
                "open span: dim sum": "inform",
                "open span: chinese food": "inform",
                "open span: fry rice": "inform",
                "open span: dumpling": "inform",
                "open span: image": "inform",
                "img_gts: bun/dimsum": "inform",
                "venuename: imperial treasure fine chinese cuisine": "confirm",
                "open span: peking duck": "inform",
                "venueaddress: marina bay sands, #02-04 (l2-04) (10 bayfront avenue) 018956 singapore": "inform"
            }
        }
    ],
    "user rating": 5,
    "user setting": "you are looking for a place for <b>dinner</b> in the <b>financial district</b>. agent recommends a <b>shopping mall</b> but you want to have <b>dim sum</b> instead so agent recommends again. <b>**use at least three turns of question&answers to find one venue!**</b>",
    "goal": {
        "id": 1683,
        "type": "multiple",
        "modality": "multiple",
        "content": [
            {
                "imgs": [
                    "cdf05977e683527f640e9eafef58fc31",
                    "0a0c92a2ca84fdb0982a2a3f6c9ff37d",
                    "651da4f8bbc560dbf6caa7f6c5417f5f",
                    "d188325a3796bdf281836f2388290026",
                    "d03bc663a064114f83080e2e7b5e66db",
                    "32dfa16fc12fe784bddee69c176a15f9"
                ],
                "terms": [
                    "great value",
                    "thai basil",
                    "food courts",
                    "steamboat",
                    "malls",
                    "chicken",
                    "hotel",
                    "dinner",
                    "lunch",
                    "ramen"
                ],
                "venueCat": [
                    "Shopping Mall"
                ],
                "venueName": "100AM",
                "preference": {
                    "dinner": 2,
                    "great value": 1,
                    "check venue score": 1,
                    "Financial District": 2,
                    "check if venue has dim sum": 3,
                    "show building image to user": 1
                },
                "venueNeigh": "Financial District",
                "venueScore": "fair",
                "Credit Cards": "Yes"
            },
            {
                "imgs": [
                    "5e53ead6c55d10b4a89e25d8c92452e3",
                    "c7a4149b02e2e88b3e9e1c4c73560a05",
                    "08bf475df068f24f3c37eecc83a1eaff",
                    "a93711a61bc878d306464c9baaf1d24f",
                    "6f3aedc5738ea710c99389f042f9aa7e",
                    "96b7eba32bfbd583a804982e3fb3301c"
                ],
                "Menus": [
                    "Brunch",
                    "Lunch",
                    "Dinner"
                ],
                "terms": [
                    "liu sha bao",
                    "fancy",
                    "lunch",
                    "Peking duck",
                    "good for dates",
                    "dim sum",
                    "great value",
                    "tofu",
                    "xo carrot cake",
                    "soup",
                    "dumplings",
                    "dinner",
                    "fried rice",
                    "pudding",
                    "cod",
                    "crab",
                    "roast pork",
                    "egg tarts",
                    "noodles",
                    "oysters"
                ],
                "Drinks": [
                    "Wine",
                    "BYO"
                ],
                "venueCat": [
                    "Dim Sum Restaurant",
                    "Chinese Restaurant",
                    "and Peking Duck Restaurant"
                ],
                "venueName": "Imperial Treasure Fine Chinese Cuisine",
                "preference": {
                    "dumplings": 1,
                    "fried rice": 1,
                    "liu sha bao": 2,
                    "dim sum by image": 2,
                    "Chinese restaurant": 1,
                    "get address and tips or suggestions or things to take note of": 3
                },
                "venueNeigh": "Financial District",
                "venueScore": "good",
                "Credit Cards": "Yes",
                "Reservations": "Yes",
                "Dining Options": [
                    "No Delivery"
                ],
                "Outdoor Seating": "No"
            }
        ],
        "cnv_cnt": 10,
        "user_setting": "You are looking for a place for <b>dinner</b> in the <b>Financial District</b>. Agent recommends a <b>shopping mall</b> but you want to have <b>dim sum</b> instead so agent recommends again. <b>**Use at least three turns of Question&Answers to find one venue!**</b>",
        "user_location": "unknown"
    }
}