{
    "id": "5860",
    "dialogue": [
        {
            "turn idx": 0,
            "agent": {
                "transcript": "",
                "img_gts": [],
                "dialog_act": {}
            },
            "user": {
                "transcript": "hi, i am looking for a scenic lookout to go to. could you help me find one?",
                "img_gts": [],
                "turn_label": {
                    "open span: scenic lookout": "inform",
                    "placeholder": "greet"
                }
            },
            "bstate": {
                "open span: scenic lookout": "inform"
            }
        },
        {
            "turn idx": 1,
            "agent": {
                "transcript": "sure, what kind of place are you looking for?",
                "img_gts": [],
                "dialog_act": {
                    "open span: preference": "request"
                }
            },
            "user": {
                "transcript": "i am just looking for somewhere with scenic views.",
                "img_gts": [],
                "turn_label": {
                    "open span: scenic view": "inform"
                }
            },
            "bstate": {
                "open span: scenic lookout": "inform",
                "open span: preference": "request",
                "open span: scenic view": "inform"
            }
        },
        {
            "turn idx": 2,
            "agent": {
                "transcript": "is there anything else you would like about the place?",
                "img_gts": [],
                "dialog_act": {
                    "open span: anything else": "request"
                }
            },
            "user": {
                "transcript": "i would like to see some views like in this picture.",
                "img_gts": [
                    "cityview"
                ],
                "turn_label": {
                    "open span: image": "inform",
                    "img_gts: cityview": "inform"
                }
            },
            "bstate": {
                "open span: scenic lookout": "inform",
                "open span: scenic view": "inform",
                "open span: anything else": "request",
                "open span: image": "inform",
                "img_gts: cityview": "inform"
            }
        },
        {
            "turn idx": 3,
            "agent": {
                "transcript": "you can try going to the 50th storey skybridge.",
                "img_gts": [],
                "dialog_act": {
                    "venuename: 50th storey skybridge": "recommend"
                }
            },
            "user": {
                "transcript": "could i get the address of the place and some suggestions?",
                "img_gts": [],
                "turn_label": {
                    "venueaddress": "request",
                    "open span: recommendation": "request"
                }
            },
            "bstate": {
                "open span: scenic lookout": "inform",
                "open span: scenic view": "inform",
                "open span: image": "inform",
                "img_gts: cityview": "inform",
                "venuename: 50th storey skybridge": "recommend",
                "venueaddress": "request",
                "open span: recommendation": "request"
            }
        },
        {
            "turn idx": 4,
            "agent": {
                "transcript": "sure, the address of the place is level 50, pinnacle@duxton (1 cantonment rd) 085301 singapore. someone has said: for non residents, head to block 1g security office with your ez link card and cash ($6) to 'purchase entry'. take the lift up to sky bridge via lift from 1g and exit thru the gate at 1g only.",
                "img_gts": [],
                "dialog_act": {
                    "venueaddress: level 50, pinnacle@duxton (1 cantonment rd) 085301 singapore": "inform"
                }
            },
            "user": {
                "transcript": "okay! i am also looking for a food court to try some local food at great value.",
                "img_gts": [],
                "turn_label": {
                    "open span: local food": "inform",
                    "venuename: 50th storey skybridge": "confirm"
                }
            },
            "bstate": {
                "open span: scenic lookout": "inform",
                "open span: scenic view": "inform",
                "open span: image": "inform",
                "img_gts: cityview": "inform",
                "venueaddress: level 50, pinnacle@duxton (1 cantonment rd) 085301 singapore": "inform",
                "open span: local food": "inform",
                "venuename: 50th storey skybridge": "confirm"
            }
        },
        {
            "turn idx": 5,
            "agent": {
                "transcript": "you can try going to circuit road hawker centre.",
                "img_gts": [],
                "dialog_act": {
                    "venuename: circuit road hawker centre": "recommend"
                }
            },
            "user": {
                "transcript": "can i get the address of the place and some local food recommendations?",
                "img_gts": [],
                "turn_label": {
                    "venueaddress": "request"
                }
            },
            "bstate": {
                "open span: scenic lookout": "inform",
                "open span: scenic view": "inform",
                "open span: image": "inform",
                "img_gts: cityview": "inform",
                "open span: local food": "inform",
                "venuename: circuit road hawker centre": "recommend",
                "venueaddress": "request"
            }
        },
        {
            "turn idx": 6,
            "agent": {
                "transcript": "the address of the place is 79/79a circuit road 370079 singapore. i would recommend trying the satay in this picture. and also the beef hor fun in this picture.",
                "img_gts": [
                    "satay",
                    "meat dry noodle"
                ],
                "dialog_act": {
                    "venueaddress: 79/79a circuit road 370079 singapore": "inform",
                    "open span: image": "inform",
                    "open span: beef hor fun": "inform",
                    "open span: satay": "inform",
                    "img_gts: satay, meat dry noodle": "inform"
                }
            },
            "user": {
                "transcript": "okay, great!",
                "img_gts": [],
                "turn_label": {
                    "venuename: circuit road hawker centre": "confirm"
                }
            },
            "bstate": {
                "open span: scenic lookout": "inform",
                "open span: scenic view": "inform",
                "open span: image": "inform",
                "open span: local food": "inform",
                "venueaddress: 79/79a circuit road 370079 singapore": "inform",
                "open span: beef hor fun": "inform",
                "open span: satay": "inform",
                "img_gts: satay, meat dry noodle": "inform",
                "venuename: circuit road hawker centre": "confirm"
            }
        },
        {
            "turn idx": 7,
            "agent": {
                "transcript": "is there anything else i can help with?",
                "img_gts": [],
                "dialog_act": {
                    "open span: anything else": "request"
                }
            },
            "user": {
                "transcript": "nope, thank you!",
                "img_gts": [],
                "turn_label": {
                    "placeholder": "bye"
                }
            },
            "bstate": {
                "open span: scenic lookout": "inform",
                "open span: scenic view": "inform",
                "open span: image": "inform",
                "open span: local food": "inform",
                "venueaddress: 79/79a circuit road 370079 singapore": "inform",
                "open span: beef hor fun": "inform",
                "open span: satay": "inform",
                "img_gts: satay, meat dry noodle": "inform",
                "venuename: circuit road hawker centre": "confirm",
                "open span: anything else": "request"
            }
        }
    ],
    "user rating": 5,
    "user setting": "you want to have a <b>good view</b> of the <b>city area</b>. later want to try some <b>local food</b>. <b>**use at least three turns of question&answers to find one venue!**</b>",
    "goal": {
        "id": 1703,
        "type": "multiple",
        "modality": "multiple",
        "content": [
            {
                "imgs": [
                    "8430060e9ceb7506195c74733e4629df",
                    "7f571e87dc846022d9e41e22aeab71a8",
                    "142b83155d3fcbb06164952f297c813d"
                ],
                "terms": [
                    "scenic views"
                ],
                "venueCat": [
                    "Scenic Lookout",
                    "Garden",
                    "and Other Great Outdoors"
                ],
                "venueName": "50th Storey Skybridge",
                "preference": {
                    "scenic views": 1,
                    "Scenic Lookout": 2,
                    "search place by image": 2,
                    "get address and get suggestions": 3
                },
                "venueNeigh": "Central Region",
                "venueScore": "average"
            },
            {
                "imgs": [
                    "5ca6ff27d277fd3b27e2f1d201f7a594",
                    "732a37e30fac9d4fa86f8c58256246a9",
                    "e1da89b361f69ef23a0184b334ea4221"
                ],
                "Menus": [
                    "Lunch",
                    "Dinner"
                ],
                "terms": [
                    "hotpot",
                    "satay",
                    "vegetarian food",
                    "lee lor mee",
                    "fish",
                    "desserts",
                    "seafood",
                    "nasi lemak",
                    "soya bean",
                    "Indian food",
                    "soup",
                    "dinner",
                    "rabia muslim food",
                    "meats",
                    "sugarcane juice",
                    "great value",
                    "beef hor fun",
                    "noodles",
                    "fresh baked breads",
                    "home cooking"
                ],
                "venueCat": [
                    "Food Court and Asian Restaurant"
                ],
                "venueName": "Circuit Road Hawker Centre",
                "preference": {
                    "food court": 2,
                    "local food": 2,
                    "great value": 1,
                    "recommend satay by image": 1,
                    "recommend beef hor fun by image": 1,
                    "get address and local food recommendations": 3
                },
                "venueNeigh": "Central Region",
                "venueScore": "average",
                "Credit Cards": "No"
            }
        ],
        "cnv_cnt": 10,
        "user_setting": "You want to have a <b>good view</b> of the <b>city area</b>. Later want to try some <b>local food</b>. <b>**Use at least three turns of Question&Answers to find one venue!**</b>",
        "user_location": "Central Region"
    }
}