{
    "id": "5909",
    "dialogue": [
        {
            "turn idx": 0,
            "agent": {
                "transcript": "",
                "img_gts": [],
                "dialog_act": {}
            },
            "user": {
                "transcript": "hi, i am looking for a park to go to that would be good for kite flying and also has a playground. could you help me find one?",
                "img_gts": [],
                "turn_label": {
                    "open span: playground": "inform",
                    "open span: park": "inform",
                    "open span: kite fly": "inform",
                    "placeholder": "greet"
                }
            },
            "bstate": {
                "open span: playground": "inform",
                "open span: park": "inform",
                "open span: kite fly": "inform"
            }
        },
        {
            "turn idx": 1,
            "agent": {
                "transcript": "sure, can you tell me more about the kind of place you are looking for?",
                "img_gts": [],
                "dialog_act": {
                    "open span: preference": "request"
                }
            },
            "user": {
                "transcript": "i am looking for somewhere in the central region to get some fresh air.",
                "img_gts": [],
                "turn_label": {
                    "venueneigh: central region": "inform",
                    "open span: fresh air": "inform"
                }
            },
            "bstate": {
                "open span: playground": "inform",
                "open span: park": "inform",
                "open span: kite fly": "inform",
                "open span: preference": "request",
                "venueneigh: central region": "inform",
                "open span: fresh air": "inform"
            }
        },
        {
            "turn idx": 2,
            "agent": {
                "transcript": "is there anything else you would like?",
                "img_gts": [],
                "dialog_act": {
                    "open span: anything else": "request"
                }
            },
            "user": {
                "transcript": "i would like if the place has a good venue score.",
                "img_gts": [],
                "turn_label": {
                    "venuescore: good": "inform"
                }
            },
            "bstate": {
                "open span: playground": "inform",
                "open span: park": "inform",
                "open span: kite fly": "inform",
                "venueneigh: central region": "inform",
                "open span: fresh air": "inform",
                "open span: anything else": "request",
                "venuescore: good": "inform"
            }
        },
        {
            "turn idx": 3,
            "agent": {
                "transcript": "you can try going to west coast park.",
                "img_gts": [],
                "dialog_act": {
                    "venuename: west coast park": "recommend"
                }
            },
            "user": {
                "transcript": "could i get a picture of the park? and do you have any suggestions about it?",
                "img_gts": [],
                "turn_label": {
                    "open span: image": "request",
                    "open span: recommendation": "request",
                    "open span: tip or suggestion": "request"
                }
            },
            "bstate": {
                "open span: playground": "inform",
                "open span: park": "inform",
                "open span: kite fly": "inform",
                "venueneigh: central region": "inform",
                "open span: fresh air": "inform",
                "venuescore: good": "inform",
                "venuename: west coast park": "recommend",
                "open span: image": "request",
                "open span: recommendation": "request",
                "open span: tip or suggestion": "request"
            }
        },
        {
            "turn idx": 4,
            "agent": {
                "transcript": "here is a picture of the park. someone has said: be sure to bring your own drinks and food. only nearby place is mcds, which is always packed to overflow.",
                "img_gts": [
                    "tree park"
                ],
                "dialog_act": {
                    "drinks": "request",
                    "open span: image": "inform",
                    "open span: park": "inform",
                    "img_gts: tree park": "inform"
                }
            },
            "user": {
                "transcript": "okay! i am also looking for a chinese restaurant to go to for dinner.",
                "img_gts": [],
                "turn_label": {
                    "menus:  dinner": "inform",
                    "venuename: west coast park": "confirm"
                }
            },
            "bstate": {
                "open span: playground": "inform",
                "open span: park": "inform",
                "open span: kite fly": "inform",
                "venueneigh: central region": "inform",
                "open span: fresh air": "inform",
                "venuescore: good": "inform",
                "open span: image": "inform",
                "drinks": "request",
                "img_gts: tree park": "inform",
                "menus: dinner": "inform",
                "venuename: west coast park": "confirm"
            }
        },
        {
            "turn idx": 5,
            "agent": {
                "transcript": "what kind of restaurant are you looking for?",
                "img_gts": [],
                "dialog_act": {}
            },
            "user": {
                "transcript": "i am looking for somewhere that is good for groups as i will be eating with a group of friends.",
                "img_gts": [],
                "turn_label": {
                    "open span: good for group": "inform"
                }
            },
            "bstate": {
                "open span: playground": "inform",
                "open span: park": "inform",
                "open span: kite fly": "inform",
                "venueneigh: central region": "inform",
                "open span: fresh air": "inform",
                "venuescore: good": "inform",
                "open span: image": "inform",
                "drinks": "request",
                "img_gts: tree park": "inform",
                "menus: dinner": "inform",
                "venuename: west coast park": "confirm",
                "open span: good for group": "inform"
            }
        },
        {
            "turn idx": 6,
            "agent": {
                "transcript": "is there anything else you would like?",
                "img_gts": [],
                "dialog_act": {
                    "open span: anything else": "request"
                }
            },
            "user": {
                "transcript": "i would like to find somewhere with great value.",
                "img_gts": [],
                "turn_label": {}
            },
            "bstate": {
                "open span: playground": "inform",
                "open span: park": "inform",
                "open span: kite fly": "inform",
                "venueneigh: central region": "inform",
                "open span: fresh air": "inform",
                "venuescore: good": "inform",
                "open span: image": "inform",
                "drinks": "request",
                "img_gts: tree park": "inform",
                "menus: dinner": "inform",
                "venuename: west coast park": "confirm",
                "open span: good for group": "inform",
                "open span: anything else": "request"
            }
        },
        {
            "turn idx": 7,
            "agent": {
                "transcript": "you can try going to two chefs eating place. someone has said: milk powder pork ribs is so yummy. best of all, they r boneless. milk powder gives it a unique fragrance. special dish that i have yet to see anywhere serving it.",
                "img_gts": [],
                "dialog_act": {
                    "venuename: two chefs eating place": "recommend",
                    "open span: yummy": "inform"
                }
            },
            "user": {
                "transcript": "could i get their address and check if they take reservations? do you have any recommendations on what to eat there and could you show me a picture too?",
                "img_gts": [],
                "turn_label": {
                    "venueaddress": "request",
                    "reservations": "request",
                    "open span: image": "request",
                    "open span: recommendation": "request"
                }
            },
            "bstate": {
                "open span: playground": "inform",
                "open span: park": "inform",
                "open span: kite fly": "inform",
                "venueneigh: central region": "inform",
                "open span: fresh air": "inform",
                "venuescore: good": "inform",
                "drinks": "request",
                "img_gts: tree park": "inform",
                "menus: dinner": "inform",
                "open span: good for group": "inform",
                "venuename: two chefs eating place": "recommend",
                "open span: yummy": "inform",
                "venueaddress": "request",
                "reservations": "request",
                "open span: recommendation": "request"
            }
        },
        {
            "turn idx": 8,
            "agent": {
                "transcript": "the address is 116 commonwealth crescent #01-129 140116 singapore but no, they don't take reservations. what i would recommend is the drunken cockles in this picture.",
                "img_gts": [
                    "soup"
                ],
                "dialog_act": {
                    "venueaddress: 116 commonwealth crescent #01-129 140116 singapore": "inform",
                    "reservations: no": "inform",
                    "open span: image": "inform",
                    "open span: drunken cockle": "inform",
                    "img_gts: soup": "inform"
                }
            },
            "user": {
                "transcript": "okay, great!",
                "img_gts": [],
                "turn_label": {
                    "venuename: two chefs eating place": "confirm"
                }
            },
            "bstate": {
                "open span: playground": "inform",
                "open span: park": "inform",
                "open span: kite fly": "inform",
                "venueneigh: central region": "inform",
                "open span: fresh air": "inform",
                "venuescore: good": "inform",
                "drinks": "request",
                "menus: dinner": "inform",
                "open span: good for group": "inform",
                "open span: yummy": "inform",
                "venueaddress: 116 commonwealth crescent #01-129 140116 singapore": "inform",
                "reservations: no": "inform",
                "open span: image": "inform",
                "open span: drunken cockle": "inform",
                "img_gts: soup": "inform",
                "venuename: two chefs eating place": "confirm"
            }
        },
        {
            "turn idx": 9,
            "agent": {
                "transcript": "is there anything else i can help with?",
                "img_gts": [],
                "dialog_act": {
                    "open span: anything else": "request"
                }
            },
            "user": {
                "transcript": "nope, thank you!",
                "img_gts": [],
                "turn_label": {
                    "placeholder": "bye"
                }
            },
            "bstate": {
                "open span: playground": "inform",
                "open span: park": "inform",
                "open span: kite fly": "inform",
                "venueneigh: central region": "inform",
                "open span: fresh air": "inform",
                "venuescore: good": "inform",
                "drinks": "request",
                "menus: dinner": "inform",
                "open span: good for group": "inform",
                "open span: yummy": "inform",
                "venueaddress: 116 commonwealth crescent #01-129 140116 singapore": "inform",
                "reservations: no": "inform",
                "open span: image": "inform",
                "open span: drunken cockle": "inform",
                "img_gts: soup": "inform",
                "venuename: two chefs eating place": "confirm",
                "open span: anything else": "request"
            }
        }
    ],
    "user rating": 5,
    "user setting": "you plan to find a <b>park</b> for <b>fresh air</b> with a <b>group of friends</b>. later you will need a place for <b>dinner</b>. <b>**use at least three turns of question&answers to find one venue!**</b>",
    "goal": {
        "id": 1706,
        "type": "multiple",
        "modality": "multiple",
        "content": [
            {
                "imgs": [
                    "ce75f04aa98d187acb00c555e92e41d0",
                    "82b0dafc609a059170d824a74ee07b6c",
                    "520643d8d8d4a9a0eef74c2798ccb6f4",
                    "5b6aba4079a213c6db9dba621599fbcd"
                ],
                "terms": [
                    "fresh air",
                    "sunsets",
                    "park",
                    "dinner",
                    "kite flying",
                    "picnics",
                    "playground",
                    "barbecue",
                    "breakfast food",
                    "biking",
                    "casual"
                ],
                "venueCat": [
                    "Park",
                    "Other Great Outdoors",
                    "Campground"
                ],
                "venueName": "West Coast Park",
                "preference": {
                    "fresh air": 2,
                    "playground": 1,
                    "kite flying": 1,
                    "get suggestions": 3,
                    "good venue score": 1,
                    "request park image": 2
                },
                "venueNeigh": "Central Region",
                "venueScore": "good"
            },
            {
                "imgs": [
                    "614c1da32452e3a1786ca990a597c1ea",
                    "91dfa7bb0642e8957fd19894b2b0d4b8",
                    "f043a80f420826500f2ac16c8bd20bc8",
                    "e853e5da3005a9f3baff327b8f4875a3"
                ],
                "Menus": [
                    "Lunch",
                    "Dinner"
                ],
                "terms": [
                    "coffee",
                    "milk",
                    "ham",
                    "potatoes",
                    "eggs",
                    "tofu",
                    "black pepper",
                    "shrimp",
                    "mushrooms",
                    "spicy food",
                    "dinner",
                    "family-friendly",
                    "garlic",
                    "venison",
                    "crab",
                    "great value",
                    "good for groups",
                    "drunken cockle",
                    "hidden gem",
                    "chicken"
                ],
                "venueCat": [
                    "Chinese Restaurant"
                ],
                "venueName": "Two Chefs Eating Place",
                "preference": {
                    "dinner": 1,
                    "great value": 2,
                    "good for groups": 1,
                    "Chinese Restaurant": 2,
                    "request drunken cockle image": 2,
                    "get address and check Reservation": 3
                },
                "venueNeigh": "Central Region",
                "venueScore": "average",
                "Credit Cards": "No",
                "Reservations": "No",
                "Dining Options": [
                    "No Delivery"
                ],
                "Outdoor Seating": "Yes"
            }
        ],
        "cnv_cnt": 10,
        "user_setting": "You plan to find a <b>park</b> for <b>fresh air</b> with a <b>group of friends</b>. Later you will need a place for <b>dinner</b>. <b>**Use at least three turns of Question&Answers to find one venue!**</b>",
        "user_location": "unknown"
    }
}