{
    "id": "5933",
    "dialogue": [
        {
            "turn idx": 0,
            "agent": {
                "transcript": "",
                "img_gts": [],
                "dialog_act": {}
            },
            "user": {
                "transcript": "hi there, is there a park and garden near me where i can visit with my family?",
                "img_gts": [],
                "turn_label": {
                    "open span: near me": "inform",
                    "open span: park": "inform",
                    "placeholder": "greet"
                }
            },
            "bstate": {
                "open span: near me": "inform",
                "open span: park": "inform"
            }
        },
        {
            "turn idx": 1,
            "agent": {
                "transcript": "where are you now?",
                "img_gts": [],
                "dialog_act": {
                    "venueneigh": "request"
                }
            },
            "user": {
                "transcript": "i'm at tiong bahru. oh yes, this place should have a playground. the kids love that!",
                "img_gts": [],
                "turn_label": {
                    "open span: tiong bahru": "inform",
                    "open span: playground": "inform"
                }
            },
            "bstate": {
                "open span: near me": "inform",
                "open span: park": "inform",
                "venueneigh": "request",
                "open span: tiong bahru": "inform",
                "open span: playground": "inform"
            }
        },
        {
            "turn idx": 2,
            "agent": {
                "transcript": "then you should consider tiong bahru park!",
                "img_gts": [],
                "dialog_act": {
                    "venuename: tiong bahru park": "recommend"
                }
            },
            "user": {
                "transcript": "can you give me some information to read up more about this place?",
                "img_gts": [],
                "turn_label": {
                    "open span: more information": "request"
                }
            },
            "bstate": {
                "open span: near me": "inform",
                "open span: park": "inform",
                "venueneigh": "request",
                "open span: tiong bahru": "inform",
                "open span: playground": "inform",
                "venuename: tiong bahru park": "recommend",
                "open span: more information": "request"
            }
        },
        {
            "turn idx": 3,
            "agent": {
                "transcript": "here is what you need to know: tiong bahru park is a public park between henderson, bukit merah and lower delta road in singapore. first developed around 1967, it combined with a nursery site in 1977 and in 2000, it was redeveloped to give it an image which suited the theme of 'old frame, new images'.",
                "img_gts": [],
                "dialog_act": {
                    "open span: public park": "inform",
                    "open span: first developed around 1967": "inform"
                }
            },
            "user": {
                "transcript": "thanks, that's useful information! what's the address of this place?",
                "img_gts": [],
                "turn_label": {
                    "venueaddress": "request"
                }
            },
            "bstate": {
                "open span: near me": "inform",
                "open span: park": "inform",
                "venueneigh": "request",
                "open span: tiong bahru": "inform",
                "open span: playground": "inform",
                "venuename: tiong bahru park": "recommend",
                "open span: public park": "inform",
                "open span: first developed around 1967": "inform",
                "venueaddress": "request"
            }
        },
        {
            "turn idx": 4,
            "agent": {
                "transcript": "this park is located at tiong bahru rd. (lower delta rd.) singapore.",
                "img_gts": [],
                "dialog_act": {
                    "venueaddress: tiong bahru rd. (lower delta rd.) singapore": "inform"
                }
            },
            "user": {
                "transcript": "then is there a place nearby also where we can have dinner?",
                "img_gts": [],
                "turn_label": {
                    "menus: dinner": "inform",
                    "open span: near": "inform"
                }
            },
            "bstate": {
                "open span: near me": "inform",
                "open span: park": "inform",
                "venueneigh": "request",
                "open span: tiong bahru": "inform",
                "open span: playground": "inform",
                "venuename: tiong bahru park": "recommend",
                "open span: public park": "inform",
                "open span: first developed around 1967": "inform",
                "venueaddress: tiong bahru rd. (lower delta rd.) singapore": "inform",
                "menus: dinner": "inform",
                "open span: near": "inform"
            }
        },
        {
            "turn idx": 5,
            "agent": {
                "transcript": "what kind of dinner place are you looking for?",
                "img_gts": [],
                "dialog_act": {
                    "venueneigh": "request",
                    "menus: dinner": "inform"
                }
            },
            "user": {
                "transcript": "i think a food court that sells local food is good.",
                "img_gts": [],
                "turn_label": {
                    "open span: food court": "inform",
                    "open span: local food": "inform"
                }
            },
            "bstate": {
                "open span: near me": "inform",
                "open span: park": "inform",
                "open span: tiong bahru": "inform",
                "open span: playground": "inform",
                "venuename: tiong bahru park": "recommend",
                "open span: public park": "inform",
                "open span: first developed around 1967": "inform",
                "venueaddress: tiong bahru rd. (lower delta rd.) singapore": "inform",
                "menus: dinner": "inform",
                "open span: near": "inform",
                "venueneigh": "request",
                "open span: food court": "inform",
                "open span: local food": "inform"
            }
        },
        {
            "turn idx": 6,
            "agent": {
                "transcript": "then you should check out tiong bahru market & food centre. it is family-friendly and good for groups.",
                "img_gts": [],
                "dialog_act": {
                    "venuename: tiong bahru market & food centre": "recommend",
                    "open span: family friendly": "inform",
                    "open span: good for group": "inform"
                }
            },
            "user": {
                "transcript": "sounds suitable. what local food would you recommend there?",
                "img_gts": [],
                "turn_label": {
                    "venuename: tiong bahru park": "confirm",
                    "venuename: tiong bahru market & food centre": "confirm",
                    "open span: recommendation": "request"
                }
            },
            "bstate": {
                "open span: near me": "inform",
                "open span: park": "inform",
                "open span: tiong bahru": "inform",
                "open span: playground": "inform",
                "open span: public park": "inform",
                "open span: first developed around 1967": "inform",
                "venueaddress: tiong bahru rd. (lower delta rd.) singapore": "inform",
                "menus: dinner": "inform",
                "open span: near": "inform",
                "venueneigh": "request",
                "open span: food court": "inform",
                "open span: local food": "inform",
                "open span: family friendly": "inform",
                "open span: good for group": "inform",
                "venuename: tiong bahru market & food centre": "confirm",
                "open span: recommendation": "request"
            }
        },
        {
            "turn idx": 7,
            "agent": {
                "transcript": "the chwee kueh and char kway teow (fried flat rice noodles) are very popular.",
                "img_gts": [],
                "dialog_act": {
                    "open span: chwee kueh": "inform",
                    "open span: char kway teow": "inform"
                }
            },
            "user": {
                "transcript": "can i see an image of the chwee kueh?",
                "img_gts": [],
                "turn_label": {
                    "open span: image": "request",
                    "open span: chwee kueh": "inform"
                }
            },
            "bstate": {
                "open span: near me": "inform",
                "open span: park": "inform",
                "open span: tiong bahru": "inform",
                "open span: playground": "inform",
                "open span: public park": "inform",
                "open span: first developed around 1967": "inform",
                "venueaddress: tiong bahru rd. (lower delta rd.) singapore": "inform",
                "menus: dinner": "inform",
                "open span: near": "inform",
                "venueneigh": "request",
                "open span: food court": "inform",
                "open span: local food": "inform",
                "open span: family friendly": "inform",
                "open span: good for group": "inform",
                "venuename: tiong bahru market & food centre": "confirm",
                "open span: chwee kueh": "inform",
                "open span: char kway teow": "inform",
                "open span: image": "request"
            }
        },
        {
            "turn idx": 8,
            "agent": {
                "transcript": "this is an image of the chwee kueh.",
                "img_gts": [
                    "carrot cake"
                ],
                "dialog_act": {
                    "open span: image": "inform",
                    "open span: chwee kueh": "inform",
                    "img_gts: carrot cake": "inform"
                }
            },
            "user": {
                "transcript": "looks delicious! what about parking here?",
                "img_gts": [],
                "turn_label": {
                    "parking": "request"
                }
            },
            "bstate": {
                "open span: near me": "inform",
                "open span: park": "inform",
                "open span: tiong bahru": "inform",
                "open span: playground": "inform",
                "open span: public park": "inform",
                "open span: first developed around 1967": "inform",
                "venueaddress: tiong bahru rd. (lower delta rd.) singapore": "inform",
                "menus: dinner": "inform",
                "open span: near": "inform",
                "venueneigh": "request",
                "open span: food court": "inform",
                "open span: local food": "inform",
                "open span: family friendly": "inform",
                "open span: good for group": "inform",
                "venuename: tiong bahru market & food centre": "confirm",
                "open span: chwee kueh": "inform",
                "open span: char kway teow": "inform",
                "open span: image": "inform",
                "img_gts: carrot cake": "inform",
                "parking": "request"
            }
        },
        {
            "turn idx": 9,
            "agent": {
                "transcript": "parking is available on the street and public lots.",
                "img_gts": [],
                "dialog_act": {
                    "parking: street": "inform",
                    "parking: public lot": "inform"
                }
            },
            "user": {
                "transcript": "great! thanks a lot.",
                "img_gts": [],
                "turn_label": {
                    "placeholder": "bye"
                }
            },
            "bstate": {
                "open span: near me": "inform",
                "open span: park": "inform",
                "open span: tiong bahru": "inform",
                "open span: playground": "inform",
                "open span: public park": "inform",
                "open span: first developed around 1967": "inform",
                "venueaddress: tiong bahru rd. (lower delta rd.) singapore": "inform",
                "menus: dinner": "inform",
                "open span: near": "inform",
                "venueneigh": "request",
                "open span: food court": "inform",
                "open span: local food": "inform",
                "open span: family friendly": "inform",
                "open span: good for group": "inform",
                "venuename: tiong bahru market & food centre": "confirm",
                "open span: chwee kueh": "inform",
                "open span: char kway teow": "inform",
                "open span: image": "inform",
                "img_gts: carrot cake": "inform",
                "parking: public lot": "inform"
            }
        }
    ],
    "user rating": 5,
    "user setting": "you are near <b>tiong bahru</b> area with family. hope to rest in a <b>park</b> and have <b>dinner</b> <b>nearby</b> to enjoy <b>local food</b>. <b>**use at least three turns of question&answers to find one venue!**</b>",
    "goal": {
        "id": 1698,
        "type": "multiple",
        "modality": "multiple",
        "content": [
            {
                "imgs": [
                    "03c942984147a4a881938724a24af32e",
                    "b152719c238e2b2c49c8372a14d930a0",
                    "f0315cebda1183ae77196a8ebf0b53de",
                    "5e17bf02af0f014f3a03a54c429305f0",
                    "e674fbcc783b72ae41bc85c6234b6a0c",
                    "fc54ef5cebf400f045fb243454ef083f",
                    "d76aec34843f9b66bf8b8f7c68450d32",
                    "7981b16b5c0b10e455721910c930a0bd"
                ],
                "terms": [
                    "playground"
                ],
                "venueCat": [
                    "Park and Garden"
                ],
                "venueName": "Tiong Bahru Park",
                "preference": {
                    "park": 1,
                    "playground": 2,
                    "Tiong Bahru": 2,
                    "request park image": 1,
                    "get address and information": 3
                },
                "venueNeigh": "Central Region",
                "venueScore": "average"
            },
            {
                "imgs": [
                    "a0f94d85472ae36ac52571f17cf799d9",
                    "93674fcd844ddaab9f07053c8f3a3a92",
                    "8505b8ee9df0534ab0a8fe050e6213da"
                ],
                "Menus": [
                    "Breakfast",
                    "Brunch",
                    "Lunch",
                    "Dinner",
                    "Dessert"
                ],
                "Music": "No",
                "terms": [
                    "carrot cake",
                    "vegetarian food",
                    "jian bo shui kueh",
                    "good for a quick meal",
                    "breakfast food",
                    "char siu",
                    "fish",
                    "spacious",
                    "soya bean",
                    "desserts",
                    "chwee kueh",
                    "lively",
                    "sugarcane juice",
                    "family-friendly",
                    "chili",
                    "noodles",
                    "authentic",
                    "good for groups",
                    "soup",
                    "shrimp"
                ],
                "Drinks": [
                    "Beer",
                    "Wine"
                ],
                "Parking": [
                    "Street",
                    "Public Lot"
                ],
                "Restroom": "Yes",
                "venueCat": [
                    "Food Court",
                    "Market"
                ],
                "venueName": "Tiong Bahru Market & Food Centre",
                "preference": {
                    "Food Court": 1,
                    "family-friendly": 2,
                    "Wheelchair Accessible": 1,
                    "request chwee kueh image": 2,
                    "get local food recommendations and check parking": 3
                },
                "venueNeigh": "Central Region",
                "venueScore": "good",
                "Credit Cards": "No",
                "Dining Options": [
                    "Take-out"
                ],
                "Wheelchair Accessible": "Yes"
            }
        ],
        "cnv_cnt": 10,
        "user_setting": "You are near <b>Tiong Bahru</b> area with family. Hope to rest in a <b>park</b> and have <b>dinner</b> <b>nearby</b> to enjoy <b>local food</b>. <b>**Use at least three turns of Question&Answers to find one venue!**</b>",
        "user_location": "unknown"
    }
}