{
    "id": "5964",
    "dialogue": [
        {
            "turn idx": 0,
            "agent": {
                "transcript": "",
                "img_gts": [],
                "dialog_act": {}
            },
            "user": {
                "transcript": "hello! i am looking for a place to stay. can you help me?",
                "img_gts": [],
                "turn_label": {
                    "open span: stay": "request",
                    "open span: place": "request",
                    "placeholder": "greet"
                }
            },
            "bstate": {
                "open span: stay": "request",
                "open span: place": "request"
            }
        },
        {
            "turn idx": 1,
            "agent": {
                "transcript": "hello! where would you like to stay?",
                "img_gts": [],
                "dialog_act": {
                    "open span: stay": "inform",
                    "venueneigh": "request"
                }
            },
            "user": {
                "transcript": "i want to stay in the central region.",
                "img_gts": [],
                "turn_label": {
                    "venueneigh: central region": "inform"
                }
            },
            "bstate": {
                "open span: stay": "inform",
                "venueneigh: central region": "inform"
            }
        },
        {
            "turn idx": 2,
            "agent": {
                "transcript": "what kind of place are you looking to stay in?",
                "img_gts": [],
                "dialog_act": {
                    "open span: preference": "request"
                }
            },
            "user": {
                "transcript": "i would like to stay in a hostel. can you show me an image of a room?",
                "img_gts": [],
                "turn_label": {
                    "open span: image": "request",
                    "open span: hostel": "inform",
                    "open span: room": "inform"
                }
            },
            "bstate": {
                "open span: stay": "inform",
                "venueneigh: central region": "inform",
                "open span: preference": "request",
                "open span: image": "request",
                "open span: hostel": "inform",
                "open span: room": "inform"
            }
        },
        {
            "turn idx": 3,
            "agent": {
                "transcript": "how about this place?",
                "img_gts": [
                    "lounge",
                    "lounge",
                    "lounge",
                    "bunk bed",
                    "bunk bed"
                ],
                "dialog_act": {
                    "open span: image": "inform",
                    "img_gts: lounge, lounge, lounge, bunk bed, bunk bed": "inform"
                }
            },
            "user": {
                "transcript": "sure, where is this place? can you show me the building image as well?",
                "img_gts": [],
                "turn_label": {
                    "open span: image": "request",
                    "open span: building": "inform",
                    "venueaddress": "request"
                }
            },
            "bstate": {
                "open span: stay": "inform",
                "venueneigh: central region": "inform",
                "open span: hostel": "inform",
                "open span: room": "inform",
                "img_gts: lounge, lounge, lounge, bunk bed, bunk bed": "inform",
                "open span: building": "inform",
                "venueaddress": "request"
            }
        },
        {
            "turn idx": 4,
            "agent": {
                "transcript": "you can stay at beary best! by beary good, located at 16 upper cross st. 058331 singapore.",
                "img_gts": [
                    "building",
                    "building"
                ],
                "dialog_act": {
                    "venuename: beary best! by beary good": "recommend",
                    "venueaddress: 16 upper cross st. 058331 singapore": "inform",
                    "open span: image": "inform",
                    "img_gts: building, building": "inform"
                }
            },
            "user": {
                "transcript": "ok, can you recommend a good foodcourt for breakfast?",
                "img_gts": [],
                "turn_label": {
                    "venuename: beary best! by beary good": "confirm",
                    "menus: breakfast": "inform"
                }
            },
            "bstate": {
                "open span: stay": "inform",
                "venueneigh: central region": "inform",
                "open span: hostel": "inform",
                "open span: room": "inform",
                "open span: building": "inform",
                "venueaddress: 16 upper cross st. 058331 singapore": "inform",
                "open span: image": "inform",
                "img_gts: building, building": "inform",
                "venuename: beary best! by beary good": "confirm",
                "menus: breakfast": "inform"
            }
        },
        {
            "turn idx": 5,
            "agent": {
                "transcript": "sure, what would you like to eat?",
                "img_gts": [],
                "dialog_act": {
                    "open span: preference": "request"
                }
            },
            "user": {
                "transcript": "i want to have some local food. do you have any local food recommendations?",
                "img_gts": [],
                "turn_label": {
                    "open span: local food": "inform",
                    "open span: recommendation": "request"
                }
            },
            "bstate": {
                "open span: stay": "inform",
                "venueneigh: central region": "inform",
                "open span: hostel": "inform",
                "open span: room": "inform",
                "open span: building": "inform",
                "venueaddress: 16 upper cross st. 058331 singapore": "inform",
                "open span: image": "inform",
                "img_gts: building, building": "inform",
                "venuename: beary best! by beary good": "confirm",
                "menus: breakfast": "inform",
                "open span: preference": "request",
                "open span: local food": "inform",
                "open span: recommendation": "request"
            }
        },
        {
            "turn idx": 6,
            "agent": {
                "transcript": "you can try wanton mee and carrot cake. do you like tu tu coconut cake?",
                "img_gts": [
                    "char siu dry noodle",
                    "finger food"
                ],
                "dialog_act": {
                    "open span: carrot cake": "inform",
                    "open span: image": "inform",
                    "open span: wanton mee": "inform",
                    "img_gts: char siu dry noodle, finger food": "inform"
                }
            },
            "user": {
                "transcript": "can you show me an image of that?",
                "img_gts": [],
                "turn_label": {
                    "open span: image": "request"
                }
            },
            "bstate": {
                "open span: stay": "inform",
                "venueneigh: central region": "inform",
                "open span: hostel": "inform",
                "open span: room": "inform",
                "open span: building": "inform",
                "venueaddress: 16 upper cross st. 058331 singapore": "inform",
                "venuename: beary best! by beary good": "confirm",
                "menus: breakfast": "inform",
                "open span: local food": "inform",
                "open span: carrot cake": "inform",
                "open span: wanton mee": "inform",
                "img_gts: char siu dry noodle, finger food": "inform"
            }
        },
        {
            "turn idx": 7,
            "agent": {
                "transcript": "this is  tu tu coconut cake.",
                "img_gts": [
                    "dessert"
                ],
                "dialog_act": {
                    "open span: image": "inform",
                    "open span: tu tu coconut cake": "inform",
                    "img_gts: dessert": "inform"
                }
            },
            "user": {
                "transcript": "ok, where can i go to get all these?",
                "img_gts": [],
                "turn_label": {
                    "venuename": "request"
                }
            },
            "bstate": {
                "open span: stay": "inform",
                "venueneigh: central region": "inform",
                "open span: hostel": "inform",
                "open span: room": "inform",
                "open span: building": "inform",
                "venueaddress: 16 upper cross st. 058331 singapore": "inform",
                "menus: breakfast": "inform",
                "open span: local food": "inform",
                "open span: carrot cake": "inform",
                "open span: wanton mee": "inform",
                "open span: image": "inform",
                "open span: tu tu coconut cake": "inform",
                "img_gts: dessert": "inform",
                "venuename": "request"
            }
        },
        {
            "turn idx": 8,
            "agent": {
                "transcript": "you can go to havelock road cooked food centre.",
                "img_gts": [],
                "dialog_act": {
                    "venuename: havelock road cooked food centre": "recommend"
                }
            },
            "user": {
                "transcript": "great, i will head there. thanks for your help!",
                "img_gts": [],
                "turn_label": {
                    "venuename: havelock road cooked food centre": "confirm",
                    "placeholder": "bye"
                }
            },
            "bstate": {
                "open span: stay": "inform",
                "venueneigh: central region": "inform",
                "open span: hostel": "inform",
                "open span: room": "inform",
                "open span: building": "inform",
                "venueaddress: 16 upper cross st. 058331 singapore": "inform",
                "menus: breakfast": "inform",
                "open span: local food": "inform",
                "open span: carrot cake": "inform",
                "open span: wanton mee": "inform",
                "open span: image": "inform",
                "open span: tu tu coconut cake": "inform",
                "img_gts: dessert": "inform",
                "venuename: havelock road cooked food centre": "confirm"
            }
        },
        {
            "turn idx": 9,
            "agent": {
                "transcript": "no worries, have a nice day!",
                "img_gts": [],
                "dialog_act": {
                    "placeholder": "bye"
                }
            },
            "user": {
                "transcript": "",
                "img_gts": [],
                "turn_label": {}
            },
            "bstate": {
                "open span: stay": "inform",
                "venueneigh: central region": "inform",
                "open span: hostel": "inform",
                "open span: room": "inform",
                "open span: building": "inform",
                "venueaddress: 16 upper cross st. 058331 singapore": "inform",
                "menus: breakfast": "inform",
                "open span: local food": "inform",
                "open span: carrot cake": "inform",
                "open span: wanton mee": "inform",
                "open span: image": "inform",
                "open span: tu tu coconut cake": "inform",
                "img_gts: dessert": "inform",
                "venuename: havelock road cooked food centre": "confirm"
            }
        }
    ],
    "user rating": 5,
    "user setting": "you plan to stay in a <b>hostel</b> in <b>central region</b>. you also want to find a good <b>foodcourt</b> to enjoy <b>local food</b> for <b>breakfast</b>. <b>**use at least three turns of question&answers to find one venue!**</b>",
    "goal": {
        "id": 1707,
        "type": "multiple",
        "modality": "multiple",
        "content": [
            {
                "imgs": [
                    "dbd5e6a37c4a4b15df62dd1eb316fbad",
                    "00955de82c105e4ed1c4d2d070056322",
                    "709a671524fdc38bac7140b8cd7b8d12",
                    "bfc9539ac489ad53ad7606748dfa8247",
                    "4319406401c920008099e59c79d0417a",
                    "8d7f50de757c4b60fa5a387edea05f48",
                    "285fc44a266407a22e188691c58846bb"
                ],
                "terms": [
                    "cute"
                ],
                "venueCat": [
                    "Hostel"
                ],
                "venueName": "Beary Best! By Beary Good",
                "preference": {
                    "hostel": 1,
                    "get address": 3,
                    "Central Region": 2,
                    "request room image": 1,
                    "request building image": 1
                },
                "venueNeigh": "Central Region",
                "venueScore": "average",
                "Credit Cards": "Yes"
            },
            {
                "imgs": [
                    "9ff19de3d34159755d025e662be35a9e",
                    "c6a075975d50a32fdcd156937f52db5c",
                    "4d30bbb8ddf8af8577ebd807d3e575f4",
                    "99c3da6e574662ea1fe59806eea68cf8",
                    "9a24c38963240bf22be8bb1862fb7a09",
                    "91ee64f57e59e58d8c96f9048eb3468a",
                    "d817568800c4d22694df3eff52ccaeb0",
                    "d8b0c9368f9e9e4e5b29d2ea089f7059",
                    "12616fe27563f7edb34051943127a1ae",
                    "cf0a544e7d6bfc4cb88fd0ccb26f52cb",
                    "862987d39f35b621f77b5f28aa5b06b9",
                    "222ac2b6fc603b38ec9f0193513f50a7",
                    "4503d9054c3cba9ef33406a3220e03fb",
                    "3483923fcdcd4df1c09e8ab3f0150cdb",
                    "dbdba3446aafeed96990073960e160c9",
                    "8f11c6f035169239ad956533ba7b7624",
                    "f891e0f8a1a032f7c4067c0dd35d146b",
                    "8cc6a9488f2dd3e035778dea64b9fee4",
                    "ad3635cf536e79609f8a24ec924a251d",
                    "4d380256f34702a9df63c45ca89a9393",
                    "5d0c9cfaae21fbc9588a4530b9bb3cb9",
                    "16ff0d246f74a8d25214cb9ef29fe880",
                    "7365277acd190efcc80b24cfe3913ca9",
                    "557b9f0a011fdaaa9bb7db47a9c58f7d",
                    "6ee546cdcf3b14c8db58986646213185",
                    "d3ad72c59a948979168c2b172149bdaa",
                    "b227b86d5b868a4126a5f8b83ad559a7",
                    "b1c5f4aed09aeeaf98e43a29ac92031a",
                    "16079e7ac0fa5502807028b660f7c52b",
                    "9aee037520be251576f663e1be66b65e",
                    "94d7d65810281ca68529b0e9379ae5fa",
                    "435bb7c5f6d1d756924dce09ce6ae95a",
                    "02e1735dc770009f2f81459811ed3c85",
                    "604977e8249854ac126e781870a9211c",
                    "3a577b3a076783b11ab75b1ce6a08f8e",
                    "931744fda4012d30f119541041bd277f",
                    "a555ef7f341366ccae406eb0f47895f9",
                    "15912feb5909552031c4b44e7ff7d42f",
                    "2206f2baa418f8cd33bc1d168ca94c7a",
                    "d67c3d7f33d73956ab543f9aa522bfb9",
                    "dea51c7300d3f216159b6fad6ecbce8c",
                    "99c16e0e60ed89fd74475f1a64416f29",
                    "1d35445f68bf14d6e84000620eb3be9a",
                    "c1117aac02176e4543f38bd353b5b080",
                    "0f8d39f34396817f620d99fb2b5e4141",
                    "f51db01b62aab2da223e6448a8693a38",
                    "e35ec79b807a34d26c87b0e262ba17a3",
                    "aa30d77ba5133c92f9f05fbd73ae7866",
                    "f5855c24df4bf40c3404fb159db35904",
                    "48db0d3b7986879d75e09b29ef38edf2",
                    "c9d8cf81f27d67bea984dcbd3db7454b",
                    "c49a66bd9c1a21da4b686e3a65aa8ce7",
                    "7c977ee4f48d441cd09896760c3b06a9",
                    "3b14e23388d12890240e7542612f2256",
                    "f85663d855d410404a3c5bfe50c4aa44",
                    "71fbba3893fd4edfd312afc3df329fd2"
                ],
                "Menus": [
                    "Breakfast",
                    "Brunch",
                    "Lunch"
                ],
                "terms": [
                    "porridge",
                    "gravy",
                    "satay",
                    "tu tu coconut cake",
                    "fish",
                    "brunch food",
                    "pineapple",
                    "breakfast food",
                    "rice",
                    "soup",
                    "dinner",
                    "garden kway chap",
                    "lunch",
                    "nasi lemak",
                    "tan",
                    "noodles",
                    "shrimp",
                    "Hong Kong food"
                ],
                "venueCat": [
                    "Food Court",
                    "Coffee Shop",
                    "and Asian Restaurant"
                ],
                "venueName": "Havelock Road Cooked Food Centre",
                "preference": {
                    "local food": 2,
                    "foodcourt for breakfast": 2,
                    "get local food recommendations": 3,
                    "recommend food image with name": 1,
                    "request tu tu coconut cake image": 1
                },
                "venueNeigh": "Central Region",
                "venueScore": "average",
                "Credit Cards": "No",
                "Dining Options": [
                    "No Delivery"
                ]
            }
        ],
        "cnv_cnt": 10,
        "user_setting": "You plan to stay in a <b>hostel</b> in <b>Central Region</b>. You also want to find a good <b>foodcourt</b> to enjoy <b>local food</b> for <b>breakfast</b>. <b>**Use at least three turns of Question&Answers to find one venue!**</b>",
        "user_location": "unknown"
    }
}