{
    "id": "5972",
    "dialogue": [
        {
            "turn idx": 0,
            "agent": {
                "transcript": "hi, how may i help you?",
                "img_gts": [],
                "dialog_act": {
                    "placeholder": "greet"
                }
            },
            "user": {
                "transcript": "hi, i am looking for a place to get dinner with my family, can you give me a recommendation?",
                "img_gts": [],
                "turn_label": {
                    "open span: family": "inform",
                    "menus:  dinner": "inform",
                    "open span: recommendation": "request",
                    "placeholder": "greet"
                }
            },
            "bstate": {
                "open span: family": "inform",
                "menus: dinner": "inform",
                "open span: recommendation": "request"
            }
        },
        {
            "turn idx": 1,
            "agent": {
                "transcript": "okay, where would you prefer to dine at?",
                "img_gts": [],
                "dialog_act": {
                    "venueneigh": "request"
                }
            },
            "user": {
                "transcript": "i would prefer to dine in the central region.",
                "img_gts": [],
                "turn_label": {
                    "venueneigh: central region": "inform"
                }
            },
            "bstate": {
                "open span: family": "inform",
                "menus: dinner": "inform",
                "venueneigh: central region": "inform"
            }
        },
        {
            "turn idx": 2,
            "agent": {
                "transcript": "okay, what cuisine would you prefer?",
                "img_gts": [],
                "dialog_act": {
                    "open span: preference": "request",
                    "open span: cuisine": "inform"
                }
            },
            "user": {
                "transcript": "i would like some japanese food.",
                "img_gts": [],
                "turn_label": {
                    "open span: japanese food": "inform"
                }
            },
            "bstate": {
                "open span: family": "inform",
                "menus: dinner": "inform",
                "venueneigh: central region": "inform",
                "open span: preference": "request",
                "open span: cuisine": "inform",
                "open span: japanese food": "inform"
            }
        },
        {
            "turn idx": 3,
            "agent": {
                "transcript": "okay, i recommend going to sushi tei. it is a japanese restaurant and they have a branch in the central region.",
                "img_gts": [],
                "dialog_act": {
                    "venuename: sushi tei": "recommend",
                    "venueneigh: central region": "inform",
                    "open span: japanese restaurant": "inform"
                }
            },
            "user": {
                "transcript": "i see, can i see a picture of the salmon sashimi and handrolls?",
                "img_gts": [],
                "turn_label": {
                    "open span: image": "request",
                    "open span: salmon sashimi": "inform",
                    "open span: handrolls": "inform"
                }
            },
            "bstate": {
                "open span: family": "inform",
                "menus: dinner": "inform",
                "open span: cuisine": "inform",
                "open span: japanese food": "inform",
                "venuename: sushi tei": "recommend",
                "venueneigh: central region": "inform",
                "open span: japanese restaurant": "inform",
                "open span: image": "request",
                "open span: salmon sashimi": "inform",
                "open span: handrolls": "inform"
            }
        },
        {
            "turn idx": 4,
            "agent": {
                "transcript": "sure, i have attached a picture of the salmon sashimi and the handrolls!",
                "img_gts": [
                    "sashimi",
                    "sushi"
                ],
                "dialog_act": {
                    "open span: image": "inform",
                    "img_gts: sashimi, sushi": "inform"
                }
            },
            "user": {
                "transcript": "looks good! can i check if they take reservations?",
                "img_gts": [],
                "turn_label": {
                    "reservations": "request"
                }
            },
            "bstate": {
                "open span: family": "inform",
                "menus: dinner": "inform",
                "open span: cuisine": "inform",
                "open span: japanese food": "inform",
                "venuename: sushi tei": "recommend",
                "venueneigh: central region": "inform",
                "open span: japanese restaurant": "inform",
                "open span: image": "inform",
                "open span: salmon sashimi": "inform",
                "open span: handrolls": "inform",
                "img_gts: sashimi, sushi": "inform",
                "reservations": "request"
            }
        },
        {
            "turn idx": 5,
            "agent": {
                "transcript": "unfortunately they do not.",
                "img_gts": [],
                "dialog_act": {
                    "reservations: no": "inform"
                }
            },
            "user": {
                "transcript": "oh, i would prefer somewhere that does, can you recommend me somewhere else?",
                "img_gts": [],
                "turn_label": {
                    "open span: recommendation": "request",
                    "reservations": "request"
                }
            },
            "bstate": {
                "open span: family": "inform",
                "menus: dinner": "inform",
                "open span: cuisine": "inform",
                "open span: japanese food": "inform",
                "venuename: sushi tei": "recommend",
                "venueneigh: central region": "inform",
                "open span: japanese restaurant": "inform",
                "open span: image": "inform",
                "open span: salmon sashimi": "inform",
                "open span: handrolls": "inform",
                "img_gts: sashimi, sushi": "inform",
                "open span: recommendation": "request",
                "reservations": "request"
            }
        },
        {
            "turn idx": 6,
            "agent": {
                "transcript": "sure, is there any specific japanese food you want?",
                "img_gts": [],
                "dialog_act": {
                    "open span: preference": "request"
                }
            },
            "user": {
                "transcript": "i would prefer if they sold salmon sashimi!",
                "img_gts": [],
                "turn_label": {
                    "open span: salmon sashimi": "inform"
                }
            },
            "bstate": {
                "open span: family": "inform",
                "menus: dinner": "inform",
                "open span: cuisine": "inform",
                "open span: japanese food": "inform",
                "venuename: sushi tei": "recommend",
                "venueneigh: central region": "inform",
                "open span: japanese restaurant": "inform",
                "open span: image": "inform",
                "open span: salmon sashimi": "inform",
                "open span: handrolls": "inform",
                "img_gts: sashimi, sushi": "inform",
                "reservations": "request",
                "open span: preference": "request"
            }
        },
        {
            "turn idx": 7,
            "agent": {
                "transcript": "okay, is there anything else you prefer?",
                "img_gts": [],
                "dialog_act": {
                    "open span: anything else": "request"
                }
            },
            "user": {
                "transcript": "i would prefer if the restaurant is good for a quick meal!",
                "img_gts": [],
                "turn_label": {
                    "open span: good for a quick meal": "inform"
                }
            },
            "bstate": {
                "open span: family": "inform",
                "menus: dinner": "inform",
                "open span: cuisine": "inform",
                "open span: japanese food": "inform",
                "venuename: sushi tei": "recommend",
                "venueneigh: central region": "inform",
                "open span: japanese restaurant": "inform",
                "open span: image": "inform",
                "open span: salmon sashimi": "inform",
                "open span: handrolls": "inform",
                "img_gts: sashimi, sushi": "inform",
                "reservations": "request",
                "open span: anything else": "request",
                "open span: good for a quick meal": "inform"
            }
        },
        {
            "turn idx": 8,
            "agent": {
                "transcript": "okay, i recommend going to fish mart sakuraya. it is a sushi restaurant that sells the food at a great value and they also take reservations!",
                "img_gts": [],
                "dialog_act": {
                    "venuename: fish mart sakuraya": "recommend",
                    "reservations: yes": "inform",
                    "open span: sushi restaurant": "inform",
                    "open span: good value": "inform"
                }
            },
            "user": {
                "transcript": "sounds great! can i get the address and phone number?",
                "img_gts": [],
                "turn_label": {
                    "open span: sound good": "inform",
                    "venueaddress": "request",
                    "telephone": "request",
                    "venuename: fish mart sakuraya": "confirm"
                }
            },
            "bstate": {
                "open span: family": "inform",
                "menus: dinner": "inform",
                "open span: cuisine": "inform",
                "open span: japanese food": "inform",
                "venueneigh: central region": "inform",
                "open span: japanese restaurant": "inform",
                "open span: image": "inform",
                "open span: salmon sashimi": "inform",
                "open span: handrolls": "inform",
                "img_gts: sashimi, sushi": "inform",
                "open span: good for a quick meal": "inform",
                "reservations: yes": "inform",
                "open span: sushi restaurant": "inform",
                "open span: good value": "inform",
                "open span: sound good": "inform",
                "venueaddress": "request",
                "telephone": "request",
                "venuename: fish mart sakuraya": "confirm"
            }
        },
        {
            "turn idx": 9,
            "agent": {
                "transcript": "the address is 370 alexandra road, #01-32 anchorpoint, 159953 and the phone number is 64742495.",
                "img_gts": [],
                "dialog_act": {
                    "venueaddress: 370 alexandra road, #01-32 anchorpoint, 159953": "inform",
                    "telephone: 64742495": "inform"
                }
            },
            "user": {
                "transcript": "ok, thanks for all your help!",
                "img_gts": [],
                "turn_label": {
                    "placeholder": "bye"
                }
            },
            "bstate": {
                "open span: family": "inform",
                "menus: dinner": "inform",
                "open span: cuisine": "inform",
                "open span: japanese food": "inform",
                "venueneigh: central region": "inform",
                "open span: japanese restaurant": "inform",
                "open span: image": "inform",
                "open span: salmon sashimi": "inform",
                "open span: handrolls": "inform",
                "img_gts: sashimi, sushi": "inform",
                "open span: good for a quick meal": "inform",
                "reservations: yes": "inform",
                "open span: sushi restaurant": "inform",
                "open span: good value": "inform",
                "open span: sound good": "inform",
                "venuename: fish mart sakuraya": "confirm",
                "venueaddress: 370 alexandra road, #01-32 anchorpoint, 159953": "inform",
                "telephone: +65 64742495": "inform"
            }
        },
        {
            "turn idx": 10,
            "agent": {
                "transcript": "no problem!",
                "img_gts": [],
                "dialog_act": {
                    "placeholder": "bye"
                }
            },
            "user": {
                "transcript": "",
                "img_gts": [],
                "turn_label": {}
            },
            "bstate": {
                "open span: family": "inform",
                "menus: dinner": "inform",
                "open span: cuisine": "inform",
                "open span: japanese food": "inform",
                "venueneigh: central region": "inform",
                "open span: japanese restaurant": "inform",
                "open span: image": "inform",
                "open span: salmon sashimi": "inform",
                "open span: handrolls": "inform",
                "img_gts: sashimi, sushi": "inform",
                "open span: good for a quick meal": "inform",
                "reservations: yes": "inform",
                "open span: sushi restaurant": "inform",
                "open span: good value": "inform",
                "open span: sound good": "inform",
                "venuename: fish mart sakuraya": "confirm",
                "venueaddress: 370 alexandra road, #01-32 anchorpoint, 159953": "inform",
                "telephone: +65 64742495": "inform"
            }
        }
    ],
    "user rating": 3,
    "user setting": "you want to enjoy <b>salmon sashimi</b> with <b>family</b>. based on requirements, the agent recommended <b>sushi tei</b>. however, you need a place <b>taking reservations</b>. thus the agent recommends again . <b>**use at least three turns of question&answers to find one venue!**</b>",
    "goal": {
        "id": 1716,
        "type": "multiple",
        "modality": "multiple",
        "content": [
            {
                "imgs": [
                    "33f941b16cb706f206ea4b7fb53af209",
                    "52c389ba40400ce41ba843c813647858",
                    "ee62afa4c43f7858ee0caec7d7931bfe",
                    "2114c454f057da076caa35dbc5841b45",
                    "33c0b0e67e78c8b510d9c6721886d098",
                    "8a3a50ba583dd562ff09235476cd8144",
                    "7834b47e02623d02629824cd1b839ff7",
                    "cbae2f683f2957c7b0515f9e81e2500c",
                    "4720f3d93c4804b5d492149666eca96b",
                    "8d0526d3a1b687889c9bdc403bd21bf4",
                    "526bc1eb9d198ea2a4edb564bd0d48c7",
                    "c54f6f1faeecf49a1679688c3c63f288",
                    "7956b6cbcfe5a6b12ee804ff3d5190bf",
                    "53532ee5a35fe7173c6746648ff3433f",
                    "f6fb458230c3e8e5ce57d7e326332af9",
                    "31967ed11b795bbe924b56241ce51423",
                    "3ae287bb8e5c81f6a33ab80dca68ff50",
                    "d816e833c5129db874e4bc0f46c59a4a",
                    "d517478d4772f1f9cd8178b03ba19514",
                    "d543fcc8ef51b819566838c993aa9236",
                    "05a2eceae9a8b5c094f27561aeb64645",
                    "15f1ab84e9153e2b777cc6f59d4c908e",
                    "7095bccefaecf7bf704e4c8faf936fe9",
                    "6630f4b956fed88cd62fa990e58d51ff",
                    "7509f5ed050a79cfbdf105d07eaffa0b",
                    "487f6d10f3ea9e3c25fd3fc980fe898a",
                    "42b0ec09e386924951db451e190b0167",
                    "a3bb3927f020b42ea6e797a2af4f1773",
                    "3f254c910e4b34821f8415811f45d976",
                    "333dfa07de0f22bfe7348ca728ea9c1e",
                    "4af5d257b6f7eed671f42dda1990cc4a",
                    "8a8316ca4f5837b3d0aa4e87b5dce647",
                    "b3dd20cfdda79a8b10e570a860a19fbb",
                    "eb72c8260c936528f55d3ecba958ac2c",
                    "9b64162ac3333990bb1ffb8d016909aa",
                    "8ca34efcb2fba8db323711f15ba7e06c",
                    "d7383aae79e3584edeee5ba06b56e28d",
                    "a37ba9c27cda70e47fd26cb56ce530fd",
                    "de335409271a4f5025ac2e86d96ffc7e",
                    "25da46e8098505e85812fca4dfd2c49a",
                    "9c290cef4db84330e41f488835e0c7ff",
                    "04a2336a4f816d1be5d8d681115b19a1",
                    "1aa1de55c8fa1f4046fe3de3f5b60af1",
                    "1c571e4733d5ca80d4cc63fe2d74462f",
                    "2556e392163e4681ad47cb1ed3389133",
                    "95f4776b7c67996477d7ba510ff021aa",
                    "b15e6f0371f6d161963ffd354f689e14",
                    "a557439f657b56c85054999c3b1ad8ef",
                    "1d1d7916410881c5fc1e0fb6c3dea583",
                    "c5c06cf56616981024103a53adc43a00",
                    "c1063134d6d761104d06c09186eec522",
                    "6f0fd5157cbc71ba68fe35f997d252c8",
                    "b71104085ec7f887d2db7e2900d4653f",
                    "3fce2514450b4b086f518a9f592f6103",
                    "9cbb8e9b7920293bbf929c5025cc6567",
                    "d8904df97d9f5cbac0ef33e54dc33788",
                    "63729a2563d261f905ada4495f27682f",
                    "63881bf63c48ae42f4f0ff263080d61a",
                    "b6aefbe6609d2807ea80f450bda9c89d",
                    "05a8b3928718719617e5d6950b61ffd1",
                    "47aeb203cb0b4f6757b9daab9fc94af2",
                    "052c392437d82ccb24ebef3756ca3aff",
                    "65cc86cf3a76bba61e99c534e53413b2",
                    "00b34685851c72b2ffa8c93a4c2bc2e2",
                    "a9d71c40f94a8cfb7868728be49179a2",
                    "7b8e05433a706fc55404ff5c46fc53b6",
                    "07d7ebfdd66a7c09dfdbb6663d8a37bf",
                    "b6298ba710d44521787ebb2b861faa3c",
                    "061c854e766ed141c7ba2a073f757ba5",
                    "d310e804f8e94776f905eb9e8d83f707",
                    "0af5fc9c06dac5e73388a1e740049754",
                    "509495e84b8e0809851bf7c50e17a381",
                    "7e4962b6695adb7a6e3555d17634c199",
                    "3d40b3a09ea2d459814be1b58edc4e98",
                    "7ebe9f29000e6f4f32efc1ff722ecb89",
                    "0dea4785c7346ff1e82247a3d2ac917e",
                    "0c5b62e4dfa2af857b85aeafe3c682b5",
                    "e1ba245d18d3c4fea716127a62dbba78",
                    "2c8004fc192857a37bd2793acae8d94c",
                    "75a41e415784620963833d8edb96fe4b",
                    "41dab14035f3bbec75b8ba2363e74202",
                    "5480e772f21e065d9abf5dc3f3fd4acf",
                    "83e9da28654a9eda86847db0e796cbc7",
                    "19583ad4899ff43c6a4975ee1f275676",
                    "0ab2d703edf81eb41a0200f08f51d8b4",
                    "300f24cf84797c0fe5a166aae87e5125",
                    "5b5aca327a3a948791b50ff31d3226c6",
                    "4acf75d368e3439ddda39d7b2d215ded",
                    "5137084154049f9b5f5e33181b466824",
                    "e747b0e6031846ee0664cc3e15b8ac70",
                    "b930dc3f6246549a8be218064c83974f",
                    "2548e85be36926486079735f0cfbce63",
                    "7c7d24a61a760a1f0be1dc6bba8313aa",
                    "786488e10c67c437aa62748414b580a1",
                    "c1a85ffc8160a6ca9479b900928a0fb0",
                    "76802a3e5192d4ea006b12b84791c2af",
                    "9c21c9eefc5eda7d34d30d2a0ff2e62a",
                    "0822c3499f007498eb55f808bffad070",
                    "453a467b32f2ff88cfbe0d7fb316096e",
                    "67ec1b22942afa1c31fcfc80dd43cc0b",
                    "afe0e957119f9fd5e9d6630ff7bd76a0",
                    "9212c242778c3cd580b89e7a8b9467c6",
                    "aad19d1892aa9ba7269e51ac671e7c53",
                    "e33461ff0a4f454159f0afacc1372d83",
                    "c758cd773fca4cb51899b15d4e6c8d8e",
                    "fcff46c5d46cb16fc1fc147866c79888",
                    "53d78d7256b0b5316a5e7afbc4e5a465",
                    "e6cb998c0a3a448424ddd57857ddd2e6",
                    "09a627d130abc5bc809468299d446548",
                    "66f906b65f0e28e21c84c0ea0006f64d",
                    "d7dcbbc194e1de6538a37ac5a4fc6cf5",
                    "55fe97d431b618b8eff848e8139c6e08",
                    "301bd9156c0e530498ff1d189df2ff0c",
                    "18b93cd825dcb3004806d80ba8b3290f",
                    "d31f70711c46338cf15a132fab915d39",
                    "c25e7463f9d4404c9e93cda22ecf68aa",
                    "6ea8f8fad9fcb73d226e0d4d8b966cf9",
                    "0bb1786004912f85b6b4c401eab86ed3",
                    "7ff6b5b076792f3acd2d2e02d993810f",
                    "1d2d08ea7b80f94eb54fad855d5f9a63",
                    "36793becc1df9195016944b9200a412b",
                    "2a7a3aaa391d3d578efeaa7c3ceb5b95",
                    "014d07248005d6415b3d83f7ff48caaf",
                    "db70366fe283a28a65122422c0f9a592",
                    "29f797b64ca0e04f6cdac9bcdc1d4234",
                    "34122ef188126dc0cc6fce5ae43ef3c9",
                    "3c4774cb6b35a7df2ed1683de2ca7434",
                    "20afff94d2071f5cbd1bd1477fec3b5c",
                    "bccafdf9dc681d3e2a849f2540168f68",
                    "f0a81f7ef0278815c695bb2175251a07",
                    "94cf20d132c1f06d126e249465a48ec7",
                    "b5cb1b7ec49a23b5959dfc8ad0930d59",
                    "b57fcd7c1d25094bd0ab7da99a61f6e0",
                    "b7fe08edd896306975ab358b0ef10994",
                    "777ca0a58bc79fc31496b93b6c15d8da",
                    "c8d5026dd41b4beb6b90d420827fad62",
                    "a6cd921eba2aaf2ab4215c57968ea73a",
                    "444f7e434f96b65aef9227e551672960",
                    "8c26d6d6da6e5f8aa3cfd164174b9897",
                    "62710f52dba64cf28a093f29f65e1b18",
                    "40b70c8211fbb80c681a5f48b11904dc",
                    "f4fc9a63badfb83e571f378bebe43406",
                    "5e5437d0ba13fe626d551254b3ac74af",
                    "a477557774d2fb72db54831c148b9416",
                    "94aa0fcbc4a48d86187a026cc5d3a0ea",
                    "4337f5a7560ebd6a3694b5cac6de436d",
                    "522ea39e445945384a8e3c3e833bea1b",
                    "e54f1ca20d6e8288b15bcaaa84351fdd",
                    "bb1bf38e07a081cd4a08ac4d4ddb65ee",
                    "08a9b1aba9a26a24ca311c470473c3d4",
                    "f38b3a7ccc49e18f1522ec517463548c"
                ],
                "Menus": [
                    "Brunch",
                    "Lunch",
                    "Dinner"
                ],
                "terms": [
                    "cod",
                    "soba",
                    "desserts",
                    "sushi",
                    "salmon",
                    "sashimi",
                    "lunch",
                    "dinner",
                    "family-friendly",
                    "hand rolls",
                    "clean",
                    "brunch food",
                    "crowded",
                    "shrimp",
                    "good for groups",
                    "beef teriyaki"
                ],
                "venueCat": [
                    "Sushi Restaurant and Japanese Restaurant"
                ],
                "venueName": "Sushi Tei",
                "preference": {
                    "Central Region": 2,
                    "salmon sashimi": 2,
                    "family-friendly": 1,
                    "check reservation": 3,
                    "request hand rolls image": 1,
                    "request salmon sashimi image": 1
                },
                "venueNeigh": "Central Region",
                "venueScore": "average",
                "Credit Cards": "Yes",
                "Reservations": "No",
                "Outdoor Seating": "No"
            },
            {
                "imgs": [
                    "4362c85ea86c37e4ee341f5094006a3b",
                    "3d06b39bb483159cacadd2a5696b47de",
                    "c381d0d19eff77d99aa369f17bb3e933",
                    "8fcf392011f546ad9f3c43577ae58c57",
                    "5275e7d85c2272b1caf1438b2cec28da",
                    "ac67eefccacc00c15138665bdb6a5fe5",
                    "c40bdbd82b7e070ad705b7cbec3f3ffa",
                    "24a7d78bc94957473ea87049cdfc60ee",
                    "75ebe7b057a80a1c9873e6d71945d2b0",
                    "866576567b27cb19403033fc3f5bb286",
                    "c25b6d8be10d5125483e6d4923c15117",
                    "1733107db0c6a39f43984be443ce3be2",
                    "88a4d1ad920d636345a80a48cc112ba0",
                    "5419b79dcd11e249dc72a654b92ccbb3",
                    "b97b214075a277d83af3e517ab7094ce",
                    "d95e7c344e20e2f068f9a112d99ece49",
                    "08a44c26e630e449407fd2e68c0f31b5",
                    "eca1b41582440a12c21a4cc5af6552a3",
                    "de4e7c23b77f31e949a115c8de1bb28d",
                    "9d7285c02abfa8e9637be1fa16a441cc",
                    "615893c5b9f594f88358aa0cbd63d865",
                    "2a32c719f89be606907e38572c3ba29b",
                    "32dad1033258aa5bf4f8189cca8e4b74",
                    "153946e37cc71b0e4e2dcaed6ac0c3e0",
                    "9f9344e9c9dafd4897b2f8c48ed95416",
                    "1a90a7c4a071f575c82f41307f1aa58d",
                    "7e5d76baf942065ffa6ffc9e0e67b313",
                    "159d47a4f7a17ec33ff0399f600745e1",
                    "b182e062326ecb0dd3f5109cecce18d8",
                    "c889efd79a0abeeebf051006078f9cfc",
                    "6502748e0167a224f9d058c809e0babc",
                    "8866435654e3fc201112ee66816a0119",
                    "e514d8f25011355c25ef137fe706ac6f",
                    "186ca068b818f31234d6ee6b3f3a46a8",
                    "22b44172c1a35db9b3f1f11f9d11e216",
                    "c3b1d7cbc572f94e118fdf216cd53aaa",
                    "a8c8d8df02a73710756ba55eb2caaae0",
                    "57f6fba355100fe4b4b6a010d2f7ec3f",
                    "44e734874df2c1331dda1d2ea988d6e8",
                    "e6bd4e849f4cf2615f892e63a9a16d2b",
                    "39b693412d5acdb690512e1f9ef8a9fa",
                    "6b27f2f0414221a2475baa7565277592",
                    "fb24559acd4fbc38f7ca5e47c815c9a4",
                    "ea09ae1bd38c03861e39fc54e0761a77",
                    "6d72734829491ab58347c4d969a3a45c",
                    "7fd3b862ee578cb66df8b377d378759f",
                    "797bd5bd1f63fd63292591f190582018",
                    "8d5810b6e9d2004702c8dffbb9725696",
                    "68d141b428763369ea72aaff8cd37d3d",
                    "a81d076185c738ed2643e0cc5a474bb1",
                    "4accc57f082eb52f734aec6db65a040b",
                    "1f25347a1b7571f2e5b3b0b350c6c68c",
                    "6c9392489ac31f2257a9f5f84f86a0f5",
                    "1c8bb2eb661f297dfcb0e328bd2bc409",
                    "867c37c2dfbd2bb7f2ed5dd551f648fb",
                    "f53437cd966a1473461dea56b6adb76e",
                    "ad07fc61a00df5f95af2a63e52fb89b6",
                    "67d8fa950af5d8da0074e26834b45b4d",
                    "23f46b3d61793a078492bdb5c05abe66",
                    "de9516c1edf4eceb1216c03302cfb7a1",
                    "ddb5befe69b2b7b67c94279d07875576"
                ],
                "Menus": [
                    "Brunch",
                    "Lunch",
                    "Dinner"
                ],
                "terms": [
                    "clean",
                    "crowded",
                    "swordfish",
                    "Plaza",
                    "salmon",
                    "sashimi",
                    "udon",
                    "lunch",
                    "dinner",
                    "good for a quick meal",
                    "great value",
                    "parades"
                ],
                "venueCat": [
                    "Japanese Restaurant and Sushi Restaurant"
                ],
                "venueName": "Fish Mart Sakuraya",
                "preference": {
                    "clean": 1,
                    "great value": 2,
                    "Sushi Restaurant": 1,
                    "take reservation": 2,
                    "request salmon sashimi image": 1,
                    "get address and phone number for reservation": 3
                },
                "venueNeigh": "Central Region",
                "venueScore": "average",
                "Credit Cards": "Yes",
                "Reservations": "Yes",
                "Dining Options": [
                    "No Delivery"
                ],
                "Outdoor Seating": "No"
            }
        ],
        "cnv_cnt": 10,
        "user_setting": "You want to enjoy <b>salmon sashimi</b> with <b>family</b>. Based on requirements, the agent recommended <b>Sushi Tei</b>. However, you need a place <b>taking reservations</b>. Thus the agent recommends again . <b>**Use at least three turns of Question&Answers to find one venue!**</b>",
        "user_location": "Central Region"
    }
}