{
    "id": "6036",
    "dialogue": [
        {
            "turn idx": 0,
            "agent": {
                "transcript": "",
                "img_gts": [],
                "dialog_act": {}
            },
            "user": {
                "transcript": "hello! can you recommend a place to get breakfast?",
                "img_gts": [],
                "turn_label": {
                    "open span: place": "request",
                    "menus: breakfast": "request",
                    "placeholder": "greet"
                }
            },
            "bstate": {
                "open span: place": "request",
                "menus: breakfast": "request"
            }
        },
        {
            "turn idx": 1,
            "agent": {
                "transcript": "hello! where do you stay?",
                "img_gts": [],
                "dialog_act": {
                    "open span: stay": "inform",
                    "venueneigh": "request"
                }
            },
            "user": {
                "transcript": "i stay in the central region.",
                "img_gts": [],
                "turn_label": {
                    "venueneigh: central region": "inform",
                    "open span: stay": "inform"
                }
            },
            "bstate": {
                "menus: breakfast": "request",
                "open span: stay": "inform",
                "venueneigh: central region": "inform"
            }
        },
        {
            "turn idx": 2,
            "agent": {
                "transcript": "what would you like to have for breakfast?",
                "img_gts": [],
                "dialog_act": {
                    "menus: breakfast": "request"
                }
            },
            "user": {
                "transcript": "i prefer to have some homemade food.",
                "img_gts": [],
                "turn_label": {
                    "open span: homemade": "inform",
                    "open span: food": "inform"
                }
            },
            "bstate": {
                "menus: breakfast": "request",
                "open span: stay": "inform",
                "venueneigh: central region": "inform",
                "open span: homemade": "inform",
                "open span: food": "inform"
            }
        },
        {
            "turn idx": 3,
            "agent": {
                "transcript": "you can go to chef icon nature bakery.  their vegan cakes are very popular.",
                "img_gts": [
                    "burger"
                ],
                "dialog_act": {
                    "venuename: chef icon nature bakery": "recommend",
                    "open span: cake": "inform",
                    "open span: popular": "inform",
                    "open span: image": "inform",
                    "img_gts: burger": "inform"
                }
            },
            "user": {
                "transcript": "do they sell char siew pau there?",
                "img_gts": [],
                "turn_label": {
                    "open span: char siew": "inform"
                }
            },
            "bstate": {
                "menus: breakfast": "request",
                "open span: stay": "inform",
                "venueneigh: central region": "inform",
                "open span: homemade": "inform",
                "open span: food": "inform",
                "venuename: chef icon nature bakery": "recommend",
                "open span: cake": "inform",
                "open span: popular": "inform",
                "open span: image": "inform",
                "img_gts: burger": "inform",
                "open span: char siew": "inform"
            }
        },
        {
            "turn idx": 4,
            "agent": {
                "transcript": "no they do not.",
                "img_gts": [],
                "dialog_act": {
                    "open span: no": "inform",
                    "open span: char siew": "inform"
                }
            },
            "user": {
                "transcript": "oh, can you recommend another place that sells char siew pau?",
                "img_gts": [],
                "turn_label": {
                    "venuename: chef icon nature bakery": "negate",
                    "open span: place": "request",
                    "open span: another": "request"
                }
            },
            "bstate": {
                "menus: breakfast": "request",
                "open span: stay": "inform",
                "venueneigh: central region": "inform",
                "open span: homemade": "inform",
                "open span: food": "inform",
                "open span: cake": "inform",
                "open span: popular": "inform",
                "open span: image": "inform",
                "img_gts: burger": "inform",
                "open span: char siew": "inform",
                "open span: no": "inform",
                "open span: place": "request",
                "open span: another": "request"
            }
        },
        {
            "turn idx": 5,
            "agent": {
                "transcript": "ok, do you have any preferences for the location?",
                "img_gts": [],
                "dialog_act": {
                    "open span: preference": "request",
                    "venueneigh": "request"
                }
            },
            "user": {
                "transcript": "i prefer a family-friendly place. can you show me an image of the shop's char siew pau?",
                "img_gts": [],
                "turn_label": {
                    "open span: image": "request",
                    "open span: place": "request",
                    "open span: char siew": "request",
                    "open span: family friendly": "inform"
                }
            },
            "bstate": {
                "menus: breakfast": "request",
                "open span: stay": "inform",
                "open span: homemade": "inform",
                "open span: food": "inform",
                "open span: cake": "inform",
                "open span: popular": "inform",
                "img_gts: burger": "inform",
                "open span: char siew": "inform",
                "open span: no": "inform",
                "open span: preference": "request",
                "venueneigh": "request",
                "open span: family friendly": "inform"
            }
        },
        {
            "turn idx": 6,
            "agent": {
                "transcript": "would you like to check out this place?",
                "img_gts": [
                    "steamed bun (xiao long bao)",
                    "steamed bun (xiao long bao)",
                    "food",
                    "food stall",
                    "steamed bun (xiao long bao)",
                    "food stall"
                ],
                "dialog_act": {
                    "open span: place": "inform",
                    "open span: image": "inform",
                    "img_gts: steamed bun (xiao long bao), steamed bun (xiao long bao), food, food stall, steamed bun (xiao long bao), food stall": "inform"
                }
            },
            "user": {
                "transcript": "ok, what is the address and do you have any tips?",
                "img_gts": [],
                "turn_label": {
                    "venueaddress": "request",
                    "venuename: chef icon nature bakery": "confirm",
                    "open span: tip or suggestion": "request"
                }
            },
            "bstate": {
                "menus: breakfast": "request",
                "open span: stay": "inform",
                "open span: homemade": "inform",
                "open span: food": "inform",
                "open span: cake": "inform",
                "open span: popular": "inform",
                "open span: char siew": "inform",
                "open span: no": "inform",
                "venueneigh": "request",
                "open span: family friendly": "inform",
                "open span: place": "inform",
                "open span: image": "inform",
                "img_gts: steamed bun (xiao long bao), steamed bun (xiao long bao), food, food stall, steamed bun (xiao long bao), food stall": "inform",
                "venueaddress": "request",
                "venuename: chef icon nature bakery": "confirm",
                "open span: tip or suggestion": "request"
            }
        },
        {
            "turn idx": 7,
            "agent": {
                "transcript": "you can go to tanjong rhu pau & confectionery at 389 guillemard rd 399788 singapore. take note that they do not accept credit cards so you should prepare cash.",
                "img_gts": [],
                "dialog_act": {
                    "venuename": "request",
                    "venueaddress: 389 guillemard rd 399788 singapore": "inform",
                    "credit cards: no": "inform"
                }
            },
            "user": {
                "transcript": "ok, i will take note. thanks for your help!",
                "img_gts": [],
                "turn_label": {
                    "open span: tip or suggestion": "request",
                    "placeholder": "bye"
                }
            },
            "bstate": {
                "menus: breakfast": "request",
                "open span: stay": "inform",
                "open span: homemade": "inform",
                "open span: food": "inform",
                "open span: cake": "inform",
                "open span: popular": "inform",
                "open span: char siew": "inform",
                "open span: no": "inform",
                "venueneigh": "request",
                "open span: family friendly": "inform",
                "open span: place": "inform",
                "open span: image": "inform",
                "img_gts: steamed bun (xiao long bao), steamed bun (xiao long bao), food, food stall, steamed bun (xiao long bao), food stall": "inform",
                "venuename": "request",
                "venueaddress: 389 guillemard rd 399788 singapore": "inform",
                "credit cards: no": "inform"
            }
        },
        {
            "turn idx": 8,
            "agent": {
                "transcript": "no problem, have a good breakfast!",
                "img_gts": [],
                "dialog_act": {
                    "menus: breakfast": "inform",
                    "placeholder": "bye"
                }
            },
            "user": {
                "transcript": "",
                "img_gts": [],
                "turn_label": {}
            },
            "bstate": {
                "menus: breakfast": "inform",
                "open span: stay": "inform",
                "open span: homemade": "inform",
                "open span: food": "inform",
                "open span: cake": "inform",
                "open span: popular": "inform",
                "open span: char siew": "inform",
                "open span: no": "inform",
                "venueneigh": "request",
                "open span: family friendly": "inform",
                "open span: place": "inform",
                "open span: image": "inform",
                "img_gts: steamed bun (xiao long bao), steamed bun (xiao long bao), food, food stall, steamed bun (xiao long bao), food stall": "inform",
                "venuename": "request",
                "venueaddress: 389 guillemard rd 399788 singapore": "inform",
                "credit cards: no": "inform"
            }
        }
    ],
    "user rating": 5,
    "user setting": "you want to buy some <b>homemade food</b> as <b>breakfast</b>. the agnet recommended <b>chef icon nature bakery</b>. however, you prefer to eat some <b>char siew pau</b>, so the agnet reommends again. <b>**use at least three turns of question&answers to find one venue!**</b>",
    "goal": {
        "id": 1713,
        "type": "multiple",
        "modality": "multiple",
        "content": [
            {
                "imgs": [
                    "72397fc268ed55f7966e4e04bf6054f3",
                    "96d2ce5f164ddf2f942f0b37ef6486e7",
                    "148e32ba3ab830c6394de51f6bcb6416",
                    "cf8961af98381633536916a4cc76e1fd",
                    "e2f98a0db0b67a0202cb2c2944ab98eb",
                    "d3d3a6c20427d0ec372c6338108b46b1",
                    "a7921b49163e424f1a37e872d4d1123d",
                    "a32862d957ed5aa2c4f6c34652631e6d",
                    "0e6663f9dd06ef3a0381ad6a16214f96",
                    "f1e945fe83a0f245cef363889cd78e0d",
                    "cf892f3286e50efed265da42848089ae",
                    "067ff82ce7af8785f64f7a30ec38b1b9",
                    "c09f3e02326853cbeb9c67939f8cdfee",
                    "218527851ba700d7728eaca03d91a927",
                    "be23bbc3e283da900b56fbc3277fbf16",
                    "b3d751ecbe1341d26b0410aa6d628377",
                    "4c757ba8b942cc0d72113ba7440fe0a3",
                    "b07a7a399b73befe0360127ff57d9046",
                    "7f08247e506bfb4d850449fb0475b4b4",
                    "f5e2bca345f7d6adcf11be1bf36adc74",
                    "6fed9c40d2b4c5c19f539d89bfa40c56",
                    "3e9b1bcc6575d4e5559f028e6fc9d442",
                    "44f9f26518fd034cec60b85e24e5afe4",
                    "a773035a08be7c72d7c6151435198d97",
                    "00538af4ff43674d50652b7ddb47a523",
                    "937222169ab0291d8c716aefda953727",
                    "e482dc8f5fde9a2c8244cf845748602d",
                    "82b07bb394da33a4d57644813522dcbe",
                    "a0d69fad824a579be3515bc51fd59c9c",
                    "26c27b652277b943fc40cf3e276975e4"
                ],
                "terms": [
                    "cheese",
                    "beef",
                    "flat whites",
                    "healthy food",
                    "homemade food",
                    "caf\u00e9",
                    "kaya",
                    "chocolate",
                    "mango",
                    "pecan",
                    "sandwiches",
                    "good for a quick meal",
                    "cheesecake",
                    "cake",
                    "bread",
                    "chef francis",
                    "milk",
                    "peanut butter",
                    "pastries"
                ],
                "venueCat": [
                    "Bakery",
                    "Bagel Shop",
                    "and Deli / Bodega"
                ],
                "venueName": "Chef Icon Nature Bakery",
                "preference": {
                    "breakfast": 1,
                    "homemade food": 2,
                    "Central Region": 2,
                    "check whether sell char siew pau": 3,
                    "recommend food image with name to user": 1
                },
                "venueNeigh": "Central Region",
                "venueScore": "average",
                "Outdoor Seating": "No"
            },
            {
                "imgs": [
                    "30b2b17f88920019fa4d29ac2f0472e8",
                    "a0fb34579e49cfd237be57f409a7d18d",
                    "329b60f4b9de72a36cc680763e9e63bd",
                    "2fc65cff4dd2640ff250fb363284cede",
                    "48c79e91c660b7c4a7fbc82cceba3de8",
                    "6da21c73c4706fec4e59098c8c631474",
                    "ad755396e6c4b8d8425d485e2acdfab0",
                    "9b0f08ec44d504ce310fa58a8a100465",
                    "d38323410f41d0dd676933236c38222b",
                    "1dc1c21d0ea2218611c312b17a002b37",
                    "afd3f4f4aeee1085f1a12828c15db523",
                    "b40e730b05978efdc753dec1826190d1"
                ],
                "terms": [
                    "family-friendly",
                    "cozy",
                    "cha siew",
                    "char siew pau"
                ],
                "venueCat": [
                    "Dim Sum Restaurant"
                ],
                "venueName": "Tanjong Rhu Pau & Confectionery",
                "preference": {
                    "char siew pau": 2,
                    "family-friendly": 1,
                    "no credit cards": 1,
                    "get address and tips": 3,
                    "request char siew pau image": 2
                },
                "venueNeigh": "Central Region",
                "venueScore": "average",
                "Credit Cards": "No",
                "Reservations": "No",
                "Outdoor Seating": "No"
            }
        ],
        "cnv_cnt": 10,
        "user_setting": "You want to buy some <b>homemade food</b> as <b>breakfast</b>. The agnet recommended <b>Chef Icon Nature Bakery</b>. However, you prefer to eat some <b>char siew pau</b>, so the agnet reommends again. <b>**Use at least three turns of Question&Answers to find one venue!**</b>",
        "user_location": "unknown"
    }
}