{
    "id": "6077",
    "dialogue": [
        {
            "turn idx": 0,
            "agent": {
                "transcript": "",
                "img_gts": [],
                "dialog_act": {}
            },
            "user": {
                "transcript": "hi, i am looking for a martial arts dojo in the central region that has classes and also nice staff.",
                "img_gts": [],
                "turn_label": {
                    "venueneigh: central region": "inform",
                    "open span: class": "inform",
                    "open span: martial art dojo": "inform",
                    "placeholder": "greet"
                }
            },
            "bstate": {
                "venueneigh: central region": "inform",
                "open span: class": "inform",
                "open span: martial art dojo": "inform"
            }
        },
        {
            "turn idx": 1,
            "agent": {
                "transcript": "you can try going to evolvemma far east square.",
                "img_gts": [],
                "dialog_act": {
                    "venuename: evolvemma far east square": "recommend"
                }
            },
            "user": {
                "transcript": "could i get the address of the place? do you also know the venue score of the place?",
                "img_gts": [],
                "turn_label": {
                    "venueaddress": "request",
                    "venuescore": "request"
                }
            },
            "bstate": {
                "venueneigh: central region": "inform",
                "open span: class": "inform",
                "open span: martial art dojo": "inform",
                "venuename: evolvemma far east square": "recommend",
                "venueaddress": "request",
                "venuescore": "request"
            }
        },
        {
            "turn idx": 2,
            "agent": {
                "transcript": "the address of the dojo is 26 china street, #01-01 (cross street) 049568 singapore and the venue score is 8.2/10.",
                "img_gts": [],
                "dialog_act": {
                    "venueaddress: 26 china street, #01-01 (cross street) 049568 singapore": "inform",
                    "venuescore: 8.2/10": "inform"
                }
            },
            "user": {
                "transcript": "okay! i am also looking for a place to eat that has vegetarian food. could you help me find somewhere to go?",
                "img_gts": [],
                "turn_label": {
                    "open span: vegetarian food": "inform",
                    "open span: place": "request",
                    "venuename: evolvemma far east square": "confirm"
                }
            },
            "bstate": {
                "venueneigh: central region": "inform",
                "open span: class": "inform",
                "open span: martial art dojo": "inform",
                "venueaddress: 26 china street, #01-01 (cross street) 049568 singapore": "inform",
                "venuescore: 8.2/10": "inform",
                "open span: vegetarian food": "inform",
                "open span: place": "request",
                "venuename: evolvemma far east square": "confirm"
            }
        },
        {
            "turn idx": 3,
            "agent": {
                "transcript": "sure, can you tell me more about the kind of place you're looking for?",
                "img_gts": [],
                "dialog_act": {
                    "open span: place": "request"
                }
            },
            "user": {
                "transcript": "i am looking for somewhere with food like herbal soup.",
                "img_gts": [],
                "turn_label": {
                    "open span: herbal soup": "inform"
                }
            },
            "bstate": {
                "venueneigh: central region": "inform",
                "open span: class": "inform",
                "open span: martial art dojo": "inform",
                "venueaddress: 26 china street, #01-01 (cross street) 049568 singapore": "inform",
                "venuescore: 8.2/10": "inform",
                "open span: vegetarian food": "inform",
                "venuename: evolvemma far east square": "confirm",
                "open span: herbal soup": "inform"
            }
        },
        {
            "turn idx": 4,
            "agent": {
                "transcript": "is there anything else you would like?",
                "img_gts": [],
                "dialog_act": {
                    "open span: anything else": "request"
                }
            },
            "user": {
                "transcript": "i would like if the place is good for a quick meal.",
                "img_gts": [],
                "turn_label": {
                    "open span: good for a quick meal": "inform"
                }
            },
            "bstate": {
                "venueneigh: central region": "inform",
                "open span: class": "inform",
                "open span: martial art dojo": "inform",
                "venueaddress: 26 china street, #01-01 (cross street) 049568 singapore": "inform",
                "venuescore: 8.2/10": "inform",
                "open span: vegetarian food": "inform",
                "venuename: evolvemma far east square": "confirm",
                "open span: herbal soup": "inform",
                "open span: anything else": "request",
                "open span: good for a quick meal": "inform"
            }
        },
        {
            "turn idx": 5,
            "agent": {
                "transcript": "you can try going to greendot.",
                "img_gts": [],
                "dialog_act": {
                    "venuename: greendot": "recommend"
                }
            },
            "user": {
                "transcript": "could i check if they have parking and also their venue score? and do you have any pictures of the food there?",
                "img_gts": [],
                "turn_label": {
                    "parking": "request",
                    "venuescore": "request",
                    "open span: image": "request",
                    "open span: food": "inform"
                }
            },
            "bstate": {
                "venueneigh: central region": "inform",
                "open span: class": "inform",
                "open span: martial art dojo": "inform",
                "venueaddress: 26 china street, #01-01 (cross street) 049568 singapore": "inform",
                "open span: vegetarian food": "inform",
                "open span: herbal soup": "inform",
                "open span: good for a quick meal": "inform",
                "venuename: greendot": "recommend",
                "parking": "request",
                "venuescore": "request",
                "open span: image": "request",
                "open span: food": "inform"
            }
        },
        {
            "turn idx": 6,
            "agent": {
                "transcript": "they do have parking and their venue score is 8.2/10. here is a picture of some food they have.",
                "img_gts": [
                    "claypot"
                ],
                "dialog_act": {
                    "parking: yes": "inform",
                    "venuescore: 8.2/10": "inform",
                    "open span: image": "inform",
                    "open span: food": "inform",
                    "img_gts: claypot": "inform"
                }
            },
            "user": {
                "transcript": "okay, great!",
                "img_gts": [],
                "turn_label": {
                    "venuename: greendot": "confirm"
                }
            },
            "bstate": {
                "venueneigh: central region": "inform",
                "open span: class": "inform",
                "open span: martial art dojo": "inform",
                "venueaddress: 26 china street, #01-01 (cross street) 049568 singapore": "inform",
                "open span: vegetarian food": "inform",
                "open span: herbal soup": "inform",
                "open span: good for a quick meal": "inform",
                "open span: image": "inform",
                "open span: food": "inform",
                "parking: yes": "inform",
                "venuescore: 8.2/10": "inform",
                "img_gts: claypot": "inform",
                "venuename: greendot": "confirm"
            }
        },
        {
            "turn idx": 7,
            "agent": {
                "transcript": "is there anything else i can help with?",
                "img_gts": [],
                "dialog_act": {
                    "open span: anything else": "request"
                }
            },
            "user": {
                "transcript": "nope, thank you!",
                "img_gts": [],
                "turn_label": {
                    "open span: anything else": "negate",
                    "placeholder": "bye"
                }
            },
            "bstate": {
                "venueneigh: central region": "inform",
                "open span: class": "inform",
                "open span: martial art dojo": "inform",
                "venueaddress: 26 china street, #01-01 (cross street) 049568 singapore": "inform",
                "open span: vegetarian food": "inform",
                "open span: herbal soup": "inform",
                "open span: good for a quick meal": "inform",
                "open span: image": "inform",
                "open span: food": "inform",
                "parking: yes": "inform",
                "venuescore: 8.2/10": "inform",
                "img_gts: claypot": "inform",
                "venuename: greendot": "confirm"
            }
        }
    ],
    "user rating": 5,
    "user setting": "you want to visit a <b>martial arts dojo</b>. after that,  you plan to eat in a <b>vegetarian restaurant</b>. <b>**use at least three turns of question&answers to find one venue!**</b>",
    "goal": {
        "id": 1718,
        "type": "multiple",
        "modality": "multiple",
        "content": [
            {
                "imgs": [
                    "a97238ee29cd79e6b4dd8d5ffc17444e",
                    "842e101c6bd514749330360eea9472fa",
                    "283c54bb88502cdb99cacd254305aba0",
                    "d31eb5da2c9228fb61173eed5ee9988c",
                    "612f430ccedd091d8232fdd5772affcd",
                    "76209b1f591946b01833951acd17d93c",
                    "ec12a2de03ebf55a1ab506caaf00940b",
                    "988c1e2e8d104e55a5ec7a4be6aa138b",
                    "94e86baf05f77fce302ae1723e811174",
                    "24a6f4ef1ccf9d51c95af2e71851ac0d",
                    "cd666d4a29c0735bfd0baaed7b39e65f",
                    "109b60fc10124d5c05cf23def156752e",
                    "7c5768325ff01dbc2ebb85450fc3258d",
                    "ba37810e10fe38a08252b20787b533b8",
                    "ddabf4440aedd37489e755d8b4190972",
                    "f74f96ecec47546eb1708cb6ca05cc8d",
                    "727b5304bf923fb2f7bee1f5034ae904",
                    "12fe1d07312e66f037c7c9de5370883e",
                    "eb0d10a3397f1591261d2396f77d1bcb",
                    "0fc048c0987aaa79955e598ba9be88f0",
                    "1bc35861531422c42713db3986f2470a",
                    "4fbf00dcbc0dd96dc6db5617c6d55ad2",
                    "b1bc74f5f060ee2b25a5617e36460cb9",
                    "f218e97abec89561fadaaecb0a68a092",
                    "fd8b445b7e06156edf50218ef471d106",
                    "4140e8bbf4a6f9253c20a306fff30e34",
                    "e7d1e7f554d7126800cecc9d539d8a2e",
                    "94251168361945a63b568d462fb89609",
                    "f761ef1dd7dd5bd6cacfea672dba9f5b",
                    "a8319aa23d2d953aa6805e0b4bae9a72",
                    "83fc7d3cf38d1d38c0eed9791648af0a",
                    "2d320211ed722abe07ed7cafa0775226",
                    "549154150190365d1a59b22f691f34aa"
                ],
                "terms": [
                    "Muay Thai",
                    "instructors",
                    "gyms",
                    "acai",
                    "desserts",
                    "classes",
                    "staff"
                ],
                "venueCat": [
                    "Martial Arts Dojo"
                ],
                "venueName": "EvolveMMA Far East Square",
                "preference": {
                    "classes": 1,
                    "nice staff": 1,
                    "Central Region": 2,
                    "Martial Arts Dojo": 2,
                    "get address and check venue score": 3
                },
                "venueNeigh": "Central Region",
                "venueScore": "good",
                "Credit Cards": "Yes"
            },
            {
                "imgs": [
                    "0cbc88c39722deb37857370d35bf0b1f",
                    "ceeeaac1e1fc5ea81d99028b0522f0c3",
                    "b5d19424cddb45559085bb3cf4e43a69",
                    "6a2e9415c189a018d9e390cc8816e34d",
                    "9f60f9961b93cfd1efd7380026451780",
                    "90477eb249de4d9c90f0b2dd1f1afaf5",
                    "3552fce55bcf3eac7a91e36f9699f4ef",
                    "f456938089d1cd3cbbd5911436d1ee9e",
                    "da375f2202448b7d3d63a0e1d9938ada",
                    "a23244421f1d0b6b3bbca6cc0b21d549",
                    "071c1c4eef24d5db99863b647fecb991",
                    "b5d3a4be3bc94ec864608512c6e6a0cb",
                    "117d042d9d96b8b4cc8eb5f5516b7529",
                    "df6eaa2591f52e172e97b152de30d239",
                    "689ca0d8111e66f16f8d611954121b24",
                    "7185e35b92f9b9bb3353c794b50285b0",
                    "35c5a4b8ead453479adf30b0fb9d969e",
                    "8b8783646d3786328891d3ab4c8d3350",
                    "7c32b819af9276f4c7e606392cf4367d",
                    "b8414ba27bdec53e20d7cf7575cf3370",
                    "15b12bed3e2eb1f5f0b1cf9ae5d814b3",
                    "71c6a244764a4fc731075e4051cb062e",
                    "c76bce580bba27af97bbf8a2d56a9d8e",
                    "e3b1d0e102a1c50ff9c00427522b7c90",
                    "b3668c3869a8f73f5459be1be50f347f",
                    "859634828aee027f14451d9700ecc98c",
                    "a5c8bf704dd6085ffd9e93d9fab20df6",
                    "770b23413bdfa2ad9535d0ce6f97b69b",
                    "56e84f9262a622ecb56a457ba8aeb556",
                    "d0d4358c82029bb1ed212d8f2d2e370e",
                    "75264efac120d8de82eddeab078d0c35",
                    "8af1de9e2037871841974222e05fe477",
                    "17b5db27a60d6c88b80ec32204f74dc3",
                    "0a5f41f645b2a4089331d1adf0470cac",
                    "4445311e1c708ae8b26499d87b720175",
                    "5c7bdd37c003ebb003a4fb06f7852f4e",
                    "7954b6cd832b5280d8e1bf431f4cb0ef",
                    "882cdac076d2e4d4b0cd357068c31372",
                    "c72a75c0038f0076e14e989f4fc14895",
                    "5899b5945df36743f85c1533ac5506c2",
                    "ee3a9bd784e52d356772fd4382b3827a",
                    "b83aaf121cce0c43075f166d22281f46",
                    "ba53886ed582e1dc97c6b1de9149eaf8",
                    "3ff14d0ae96a8662009e3e6b50d04dd7",
                    "46f52718fce11b83a6c165a71d0bd03d",
                    "75470163f3ac8f0a8fa3c563fb9a2ed8",
                    "cd47d9d170ce82372d3d29a593e38aa5",
                    "f0fc5e53bdca76b384f3f24d343cd70d",
                    "1cd2f4354a28301692d6d7ce97d9ce52",
                    "0d437e21bcf516bedcec390a2f61899b",
                    "9ff5c7d3c57ee382842516cb3d238ebf",
                    "037b8321fdc409bf43c5142bcf4b57d6",
                    "580d16c825aef63dcf2fc96ee535e3de",
                    "ec1f68ad9751347b1814bd050d94909d",
                    "fbd66c67f59a19c575d26c452318407f",
                    "dac6dd5de1009662c84a1a72e7cb5a8c",
                    "980ae79f379068b1ab17e7ffa24cae1b",
                    "3f5e9f1417e46d076834c4434f065b9e",
                    "20abeef32c119d962c3f0acc38433110",
                    "f8002fbf1bf8b56700fd3af4b78e64f3",
                    "47dc813abd462870bcef71c92aa8bc88",
                    "51b9c83f2813a13bb1d843969844583c",
                    "f481d5e7336607f4e1486eaaf14424fb",
                    "486a71d7b4eb3a3be280d5ab0dfb76f9",
                    "abfcc29d397195dca57b0cadf123b312",
                    "35bff7e31ef8f513641217be3b56b49b",
                    "61f08dcbf22e63216347447a3a12afb6"
                ],
                "Menus": [
                    "Lunch",
                    "Dinner"
                ],
                "Music": "No",
                "terms": [
                    "vegetarian food",
                    "eggplant",
                    "crowded",
                    "herbal soup",
                    "squash",
                    "casual",
                    "mushrooms",
                    "lunch",
                    "dinner",
                    "family-friendly",
                    "good for a quick meal",
                    "rendang",
                    "noodles",
                    "good for groups"
                ],
                "Parking": [
                    "Private Lot"
                ],
                "Restroom": "Yes",
                "venueCat": [
                    "Vegetarian / Vegan Restaurant"
                ],
                "venueName": "GreenDot",
                "preference": {
                    "herbal soup": 1,
                    "vegetarian food": 2,
                    "request food image": 1,
                    "good for a quick meal": 2,
                    "check parking and venue score": 3
                },
                "venueNeigh": "Central Region",
                "venueScore": "good",
                "Dining Options": [
                    "No Delivery"
                ],
                "Outdoor Seating": "No",
                "Wheelchair Accessible": "Yes"
            }
        ],
        "cnv_cnt": 10,
        "user_setting": "You want to visit a <b>Martial Arts Dojo</b>. After that,  you plan to eat in a <b>Vegetarian Restaurant</b>. <b>**Use at least three turns of Question&Answers to find one venue!**</b>",
        "user_location": "unknown"
    }
}