{
    "id": "6108",
    "dialogue": [
        {
            "turn idx": 0,
            "agent": {
                "transcript": "",
                "img_gts": [],
                "dialog_act": {}
            },
            "user": {
                "transcript": "hi, i plan to play golf. can you help me?",
                "img_gts": [],
                "turn_label": {
                    "open span: golf": "inform",
                    "placeholder": "greet"
                }
            },
            "bstate": {
                "open span: golf": "inform"
            }
        },
        {
            "turn idx": 1,
            "agent": {
                "transcript": "sure! what location will you like?",
                "img_gts": [],
                "dialog_act": {
                    "venueneigh": "request",
                    "open span: location": "request"
                }
            },
            "user": {
                "transcript": "i will like the central region.",
                "img_gts": [],
                "turn_label": {
                    "venueneigh: central region": "inform"
                }
            },
            "bstate": {
                "open span: golf": "inform",
                "open span: location": "request",
                "venueneigh: central region": "inform"
            }
        },
        {
            "turn idx": 2,
            "agent": {
                "transcript": "do you have other requirements?",
                "img_gts": [],
                "dialog_act": {
                    "open span: preference": "request"
                }
            },
            "user": {
                "transcript": "i will like a driving range and near the marinas.",
                "img_gts": [],
                "turn_label": {
                    "open span: marina": "inform",
                    "open span: drive range": "inform",
                    "open span: near": "inform"
                }
            },
            "bstate": {
                "open span: golf": "inform",
                "open span: location": "request",
                "venueneigh: central region": "inform",
                "open span: preference": "request",
                "open span: marina": "inform",
                "open span: drive range": "inform",
                "open span: near": "inform"
            }
        },
        {
            "turn idx": 3,
            "agent": {
                "transcript": "i recommend marina bay golf course! they have scenic views!",
                "img_gts": [],
                "dialog_act": {
                    "venuename: marina bay golf course": "recommend",
                    "open span: scenic view": "inform"
                }
            },
            "user": {
                "transcript": "can i see some pictures ?",
                "img_gts": [],
                "turn_label": {
                    "open span: image": "request"
                }
            },
            "bstate": {
                "open span: golf": "inform",
                "open span: location": "request",
                "venueneigh: central region": "inform",
                "open span: marina": "inform",
                "open span: drive range": "inform",
                "open span: near": "inform",
                "venuename: marina bay golf course": "recommend",
                "open span: scenic view": "inform",
                "open span: image": "request"
            }
        },
        {
            "turn idx": 4,
            "agent": {
                "transcript": "here are some pictures! you can check out their spa to relax after golfing!",
                "img_gts": [
                    "grass court",
                    "grass court",
                    "resort"
                ],
                "dialog_act": {
                    "open span: image": "inform",
                    "open span: spa": "inform",
                    "open span: relax": "inform",
                    "img_gts: grass court, grass court, resort": "inform"
                }
            },
            "user": {
                "transcript": "can i get the address and phone number?",
                "img_gts": [],
                "turn_label": {
                    "venueaddress": "request",
                    "telephone": "request"
                }
            },
            "bstate": {
                "open span: golf": "inform",
                "open span: location": "request",
                "venueneigh: central region": "inform",
                "open span: marina": "inform",
                "open span: drive range": "inform",
                "open span: near": "inform",
                "venuename: marina bay golf course": "recommend",
                "open span: scenic view": "inform",
                "open span: image": "inform",
                "open span: spa": "inform",
                "open span: relax": "inform",
                "img_gts: grass court, grass court, resort": "inform",
                "venueaddress": "request",
                "telephone": "request"
            }
        },
        {
            "turn idx": 5,
            "agent": {
                "transcript": "the address is 80 rhu cross #01-01 437437 singapore. the phone number is +65 6345 7788.",
                "img_gts": [],
                "dialog_act": {
                    "venueaddress: 80 rhu cross #01-01 437437 singapore": "inform",
                    "telephone: +65 6345 7788": "inform"
                }
            },
            "user": {
                "transcript": "ok! i will like a place to eat after, where you recommend a place?",
                "img_gts": [],
                "turn_label": {
                    "open span: place": "request",
                    "venuename: marina bay golf course": "confirm"
                }
            },
            "bstate": {
                "open span: golf": "inform",
                "open span: location": "request",
                "venueneigh: central region": "inform",
                "open span: marina": "inform",
                "open span: drive range": "inform",
                "open span: near": "inform",
                "open span: scenic view": "inform",
                "open span: image": "inform",
                "open span: spa": "inform",
                "open span: relax": "inform",
                "img_gts: grass court, grass court, resort": "inform",
                "venueaddress: 80 rhu cross #01-01 437437 singapore": "inform",
                "telephone: +65 63457788": "inform",
                "open span: place": "request",
                "venuename: marina bay golf course": "confirm"
            }
        },
        {
            "turn idx": 6,
            "agent": {
                "transcript": "what kind of food will you like?",
                "img_gts": [],
                "dialog_act": {
                    "open span: food": "inform"
                }
            },
            "user": {
                "transcript": "i will like some healthy food at a casual place.",
                "img_gts": [],
                "turn_label": {
                    "open span: casual": "inform",
                    "open span: healthy": "inform",
                    "open span: food": "inform"
                }
            },
            "bstate": {
                "open span: golf": "inform",
                "open span: location": "request",
                "venueneigh: central region": "inform",
                "open span: marina": "inform",
                "open span: drive range": "inform",
                "open span: near": "inform",
                "open span: scenic view": "inform",
                "open span: image": "inform",
                "open span: spa": "inform",
                "open span: relax": "inform",
                "img_gts: grass court, grass court, resort": "inform",
                "venueaddress: 80 rhu cross #01-01 437437 singapore": "inform",
                "telephone: +65 63457788": "inform",
                "venuename: marina bay golf course": "confirm",
                "open span: food": "inform",
                "open span: casual": "inform",
                "open span: healthy": "inform"
            }
        },
        {
            "turn idx": 7,
            "agent": {
                "transcript": "what cuisine will you like?",
                "img_gts": [],
                "dialog_act": {
                    "open span: cuisine": "inform"
                }
            },
            "user": {
                "transcript": "i will like some japanese food, can try this dish if possible. it looks cute.",
                "img_gts": [
                    "gift",
                    "sushi"
                ],
                "turn_label": {
                    "open span: food": "inform",
                    "open span: cute": "inform",
                    "open span: japanese food": "inform",
                    "open span: image": "inform",
                    "img_gts: gift, sushi": "inform"
                }
            },
            "bstate": {
                "open span: golf": "inform",
                "open span: location": "request",
                "venueneigh: central region": "inform",
                "open span: marina": "inform",
                "open span: drive range": "inform",
                "open span: near": "inform",
                "open span: scenic view": "inform",
                "open span: image": "inform",
                "open span: spa": "inform",
                "open span: relax": "inform",
                "venueaddress: 80 rhu cross #01-01 437437 singapore": "inform",
                "telephone: +65 63457788": "inform",
                "venuename: marina bay golf course": "confirm",
                "open span: food": "inform",
                "open span: casual": "inform",
                "open span: healthy": "inform",
                "open span: cuisine": "inform",
                "open span: cute": "inform",
                "open span: japanese food": "inform",
                "img_gts: gift, sushi": "inform"
            }
        },
        {
            "turn idx": 8,
            "agent": {
                "transcript": "you can this sushi from maki-san! they have cute and artsy packaging! they are quite healthy with pickles and crabsticks.",
                "img_gts": [],
                "dialog_act": {
                    "venuename: maki-san": "recommend",
                    "open span: cute": "inform",
                    "open span: sushi": "inform",
                    "open span: artsy": "inform",
                    "open span: healthy": "inform"
                }
            },
            "user": {
                "transcript": "can i get the address and check if they accept credit cards?",
                "img_gts": [],
                "turn_label": {
                    "venueaddress": "request",
                    "credit cards": "request"
                }
            },
            "bstate": {
                "open span: golf": "inform",
                "open span: location": "request",
                "venueneigh: central region": "inform",
                "open span: marina": "inform",
                "open span: drive range": "inform",
                "open span: near": "inform",
                "open span: scenic view": "inform",
                "open span: image": "inform",
                "open span: spa": "inform",
                "open span: relax": "inform",
                "telephone: +65 63457788": "inform",
                "open span: food": "inform",
                "open span: casual": "inform",
                "open span: healthy": "inform",
                "open span: cuisine": "inform",
                "open span: cute": "inform",
                "open span: japanese food": "inform",
                "img_gts: gift, sushi": "inform",
                "venuename: maki-san": "recommend",
                "open span: sushi": "inform",
                "open span: artsy": "inform",
                "venueaddress": "request",
                "credit cards": "request"
            }
        },
        {
            "turn idx": 9,
            "agent": {
                "transcript": "the address is #b1-17/18, the cathay (2 handy road) 229233 singapore, they do not accept credit cards.",
                "img_gts": [],
                "dialog_act": {
                    "venueaddress: #b1-17/18, the cathay (2 handy road) 229233 singapore": "inform",
                    "credit cards: no": "inform"
                }
            },
            "user": {
                "transcript": "i see ok! thank you!",
                "img_gts": [],
                "turn_label": {
                    "venuename: maki-san": "confirm",
                    "placeholder": "bye"
                }
            },
            "bstate": {
                "open span: golf": "inform",
                "open span: location": "request",
                "venueneigh: central region": "inform",
                "open span: marina": "inform",
                "open span: drive range": "inform",
                "open span: near": "inform",
                "open span: scenic view": "inform",
                "open span: image": "inform",
                "open span: spa": "inform",
                "open span: relax": "inform",
                "telephone: +65 63457788": "inform",
                "open span: food": "inform",
                "open span: casual": "inform",
                "open span: healthy": "inform",
                "open span: cuisine": "inform",
                "open span: cute": "inform",
                "open span: japanese food": "inform",
                "img_gts: gift, sushi": "inform",
                "open span: sushi": "inform",
                "open span: artsy": "inform",
                "venueaddress: #b1-17/18, the cathay (2 handy road) 229233 singapore": "inform",
                "credit cards: no": "inform",
                "venuename: maki-san": "confirm"
            }
        },
        {
            "turn idx": 10,
            "agent": {
                "transcript": "you're welcome, goodbye!",
                "img_gts": [],
                "dialog_act": {
                    "placeholder": "bye"
                }
            },
            "user": {
                "transcript": "",
                "img_gts": [],
                "turn_label": {}
            },
            "bstate": {
                "open span: golf": "inform",
                "open span: location": "request",
                "venueneigh: central region": "inform",
                "open span: marina": "inform",
                "open span: drive range": "inform",
                "open span: near": "inform",
                "open span: scenic view": "inform",
                "open span: image": "inform",
                "open span: spa": "inform",
                "open span: relax": "inform",
                "telephone: +65 63457788": "inform",
                "open span: food": "inform",
                "open span: casual": "inform",
                "open span: healthy": "inform",
                "open span: cuisine": "inform",
                "open span: cute": "inform",
                "open span: japanese food": "inform",
                "img_gts: gift, sushi": "inform",
                "open span: sushi": "inform",
                "open span: artsy": "inform",
                "venueaddress: #b1-17/18, the cathay (2 handy road) 229233 singapore": "inform",
                "credit cards: no": "inform",
                "venuename: maki-san": "confirm"
            }
        }
    ],
    "user rating": 5,
    "user setting": "you plan to play <b>golf</b>. fater that, you need to find a <b>japanese restaurant</b> providing <b>healthy food</b>. <b>**use at least three turns of question&answers to find one venue!**</b>",
    "goal": {
        "id": 1720,
        "type": "multiple",
        "modality": "multiple",
        "content": [
            {
                "imgs": [
                    "9208cafbd70bd2bbade864f5796cc3a2",
                    "44bca2bf72d58a687f099e9d67fe2a2a",
                    "a3391de87fc9580bd9fa49322608ff3a",
                    "4c9a1659a0af0acdbc84ba970f2576cf",
                    "2b8914b6cda1fc1754ae1bb2f3a70db2",
                    "9b405f20ce526cb33608e5f50e70ec8c",
                    "b262775686259401070ceb9b19ca5e62",
                    "3536f9f3b1315da664a868c418b3e5af",
                    "3904cf1539737d82fe936222f80e492c",
                    "3c0be253bc5e791d9a862972d620cc0b",
                    "6c1f6b59067350d86b78b40d3a76de48",
                    "d9c64eb3882f449a526a006033ac4dcc",
                    "b95c696f6c04fd80cbb1d3e4f5f148d7",
                    "69e5d06603ec8b9779fde55a1ed3a6c5",
                    "c2888367c2ae920a8a8ca2f8b1a1aa31",
                    "a27b081b766da35f39786b1e6a08d35d",
                    "b5da568b904c4d3c5567ca6367cd1b91",
                    "881915a2ebd7f2a151e379bb55ed5c28",
                    "30e8c3e3e2305c4f3746dd1e8c62bebf",
                    "4a5bce3a6159f028e73028bd725140dd",
                    "b55449a3736b4f07e56ff2d3de274d1b",
                    "21ea72d31ec42f1f36ce1261f3a3b818",
                    "4d47cacab50b29e38b76162db40c6387",
                    "465cbe134c9c2251f54f2c0f34384ee3",
                    "602f94f768ff326f16b7536c0849a349",
                    "0311f73cf5c9bf71e4eeb8507ed78e06",
                    "67350ebd9af82323121fa874f12bdd91",
                    "a37e9fab822fdc66777aad80081c262a",
                    "09d0e8dd69f0f276128d68bc301f7896",
                    "b3d21ef0d201484e8a03d341103f7884"
                ],
                "terms": [
                    "lunch",
                    "shrimp paste",
                    "marinas",
                    "fried bee hoon",
                    "favorite golf",
                    "dinner",
                    "caf\u00e9",
                    "spa",
                    "canopy",
                    "scenic views",
                    "driving range"
                ],
                "venueCat": [
                    "Golf Course"
                ],
                "venueName": "Marina Bay Golf Course",
                "preference": {
                    "marinas": 1,
                    "Golf Course": 2,
                    "driving range": 1,
                    "Central Region": 1,
                    "get address and phone number": 3,
                    "request scenic views by image": 2
                },
                "venueNeigh": "Central Region",
                "venueScore": "average",
                "Credit Cards": "Yes"
            },
            {
                "imgs": [
                    "703d23783b88a1be48c4e519f89442b7",
                    "1551dd88ac32f2f52d131d7394c18910",
                    "272f44a945c1036c9bb08fe31cd3c636",
                    "0d3553a3215000d0f723ea651256b64b",
                    "0d9dd963a26e926967542550cc81a474",
                    "5933c87b15a7dc1f86fab17895c0d649",
                    "145b83849cf46bf244ccc17909491a9d",
                    "2838e9711c9fc3f08927ebbe7d1583a8",
                    "c8cd71016fbd97b11f5069e0bc846c69",
                    "a85314f5532aa146932a41b337c3fb0e",
                    "484a01a8eaf9e2c68445eb7cf3f74780",
                    "1974b8caafebec8f78d7fddd1706f54f",
                    "bddc2849063d8f44288ca91e69c425bf",
                    "38f2b42286a268e7280df2816b65778c",
                    "6d51bb70db89d5e46970fab983b7066d",
                    "70ccce625762b219884b19a6baa18c0b",
                    "05ffec86973b4a647c5deac3eaa68730",
                    "173e681e443093e00542bb8a9dd813ad",
                    "f33a6b8416627fb522de3f04737d8f82",
                    "6b98877bd7c9f16dcceb6e207cdb618d",
                    "acd66f78525e0130308bdefd381f1b9a",
                    "5e41a9dbe8c9a5528e3dce47231070f5",
                    "8f277b9233e1f832ab6c0bb064ab538b",
                    "bfe82868f9206dce53b0ab8e1d526238",
                    "bc90960a646aac219bea14b9ced190cf",
                    "e66ce10f432a9352f0aefe5598c99070",
                    "578bcc0ff5b6a2b9d8693b1d85bd245f",
                    "3d2889419c57a220805245bd35fce4e1",
                    "d9276492548f9c028f75c3d7b5c28fd1",
                    "059d9b8b7f426f44041ea2da99929a1d",
                    "ac7a9440289df34bb459773a31c186fe",
                    "797a844b1f9b7925ef29ba1c8efb920b",
                    "613aaec9c41239edae3820cdd66b3099",
                    "7db82fe876b60f17566c45ede8d1f062",
                    "32c0d596f48c5cc9c9732686f53f1771",
                    "8b9f0db0f3f0c03f5d642d311e0da3a8",
                    "562ffec1fd4c47d40b488bbbfdb7ebd5",
                    "56ffc1208955008399e0523301d32480",
                    "90c402f1823c14e5510489b002ff83af",
                    "3ea22cfaab14b38e6fc9b9342fe53e53",
                    "67f2c6980d3a14f59b57e56868bec3e6",
                    "8abc68b40159e449329d6de6087ec6d4",
                    "1ea3e48db7d72d8eb265e747bfd3b76b",
                    "d5b967397c93ad5ba17963a5eda8c5ff",
                    "218e46982bab4dd7db46973fc08f6693",
                    "ff254f5de71c08a9a0b73c2f58ccfb7d",
                    "eee2c5403fb9aa43582efe47c9c6abe8",
                    "7b9a8f113422248df5568ad4d1ceab83",
                    "4701dccb83462dffa30115d6b87c2dc6",
                    "b86733184cc844c445fd7dee3a77c5da",
                    "3dbe98a20e4cdbd3da9a20fcf0a004c3",
                    "71d328dc7f0199973f3d5ecd94b91593",
                    "bdb5a8c8c8b317f840aa5981d61eccc9",
                    "49e9a0998e39e8c4a52f407d99702bbc",
                    "f6d25017ce96cf6431240e1fb06e2d37",
                    "934de367d6a2aca20b4617db87d4181e",
                    "665284eb344ca8228167fc0819763132",
                    "76d40a0f94b03b66f8be33a41c4aee1f",
                    "240f20705101df28383ecd79a06d902a",
                    "f96fff71ba94ab2d96a9f84a125a8170",
                    "b4d0492857ab81665466f51580ca975d",
                    "5c4dfc2348c4fd447b2580f54eaafe88",
                    "97386d57e6b0d5d6c4332e11e23a6ce9",
                    "de9a3fd37ae904022c639964935aeff6",
                    "06ef1ed1905cc0fcbdfd2f5bdabdb547",
                    "29faf670a63ded9c34158709e5a25af5",
                    "e6311114c97bf69dba2aad5801fa3f38",
                    "36b2061bef646542e917a13da7198416",
                    "df15a4016fe2a2885b2bb1b28f7bdfb5",
                    "0ad0836ce9353375d099e594f629761a",
                    "ebafd94be98b81136d1d5bffb4efca4e",
                    "996190d7410b5c778992383bc0de3939",
                    "903e3ab11d46d4910d26853d22a66ef2",
                    "84de66e28ed7046b81b406bb7865b267",
                    "b89677c85fa7b5a09ad636646e81d7a7",
                    "0b67fd68879430f040fff21359e1095d",
                    "0eb10bf83344aebcdbaf1c8bbdec48f6",
                    "b67a74fd98f0381c1aedd2c65ebced8f",
                    "948f235502b2e65b833790b0d17b6298",
                    "4e19b805feef75bccb8e3d2a4723abcd",
                    "ca01621340d681f9d499db64fc2d4647",
                    "7c83cfbccce01ca478a3370f552aba7b",
                    "7f2d5db7c6a4aede2cc76b1fffa821a7",
                    "9756e113de9e839f136e4cfc8de12690",
                    "88030e6471c538e3042ef6f20550e621",
                    "b6cfb8e2702adb8cea712dce0de7af31",
                    "ed79963436460aacb43c2d6881c642ac",
                    "9a8dfede14219635908a25d9494a259d",
                    "ca19d301ee07827a0d224f6e6d3c8814",
                    "a7dead15a29e62dafd7984f40da0b168",
                    "c7fad83774bf19cab2d1089603018cca",
                    "c22babd1e8cf94a68ee7ab96bd475ae1",
                    "fde571e51ed866a1469d8553029e9dda",
                    "2d3812e933a435329239bb705c35badf",
                    "61de0caadd5545583fe6ee91a37b8601",
                    "81596d53ff22a0deccff8dc93a1a6a37",
                    "8b3df7a37d6244da0e604bd5dd5b211e",
                    "55f9dea5f0770ef7d17565d744c8edb0",
                    "14b374d924cc9fb1174ea46bf9067c1f",
                    "8786e7e22636a56fd8ac5d88c4a0ce35",
                    "f4a61202d0ad065f895c28c313eb8de8",
                    "7c1cb0755763e3127e827d195b4180fe",
                    "2710cc5e81f0626e49110d8cb6c56f77",
                    "2e08b779f55bf257921f5b6fcd537516",
                    "e8dc60f576ab2d6ff1119cd16c04abdf",
                    "fab26542ec6a2feecbc6c80c286f1c4a",
                    "19b1f3d682fbea6badddd059c02c4a35",
                    "71f0afbce27e80f060bc2bada8cbe602",
                    "0141fe06d626d8f0bd49a50017631aa6",
                    "dab5e13f6bb61aa94b0454001b14828b",
                    "e7a8fcc8c41a6ddfdb9c9f944c2d36ea",
                    "c93bf8e73de368d36d20dfb18f07c468",
                    "53e420968a416df06d3d2a9ac9c1d7ce",
                    "3b0a954f9f74cfe74b6926f8371d2f56",
                    "31767b87799436988c123bcaccdbb979",
                    "2f0bf2ab127c14eb0e7def2463c285c1",
                    "2c39ac21add26a47489c96abbd3562d9",
                    "49caaa83be58c164ea4329094e7e1f36",
                    "9ee19b186aac59e650b534f2d5cbe636",
                    "1162f6c87411ea6c3dab7be4be288441",
                    "0169be7b77e3df312ba7521f96124a8a",
                    "b7051f65d5cf080b4156a7edfbc49e93",
                    "87459e2b12a0097803daa3650030b764",
                    "e7bcbeb26bf7af064565bfc059e27823",
                    "455aea7bdd3a5aa8a19ef86f4de4f0e4",
                    "ee135e91ec2ff65857f8a4a08d02042c",
                    "3e8f42dbf07ad54bf987f626c0c13393",
                    "e9db9c3a3aed6c5d7181bf9ad51143f8",
                    "21fe354f5d42f7cf59ff741b136a2871",
                    "8db60c4c5e41ae1cfb8b3ce00435e35d",
                    "24f52af49d41e27cbcc445bd076018d8",
                    "001d141cd823b462ca9f2d4e03e81556",
                    "a0181c9f354d3d14456f47e2def4ac23",
                    "918af5128095675b5d54e5e084f3ce79",
                    "adbc85330021b34fe452fa6acdd1443a",
                    "b9d4276ca4b6dc2475d72e5a0dacee84",
                    "27399a5f174953402c183a1dc698e15b",
                    "b8d32052bfe356b1cadaface992b0a16",
                    "6a0aa59510adc2151061010647ef1e20",
                    "f2aa8af03fb993e996576bf81f4a3994",
                    "4efc10bfd5e5c618c047b6fbca291a17",
                    "25965b0e4e430a3ca75f031d65170433",
                    "63b02a7e29795e99ebbcc3b4cb7bdfef",
                    "e244b3f396319a546859e430088aa80b",
                    "605b3b896ece072d89206bbe82bc565b",
                    "126270173c5bbe6b3185c553340f4a33",
                    "5afe2517d3282129af24c60bb468d600",
                    "abd17520af7ba0dbfa3682e362146410",
                    "cd58e75cab24d6a77ea5165247e372dc",
                    "ad7c0f0d227531cb4bee5115d8382758",
                    "51d4f15d5c50ce4912a1f9ad4a51a0e8",
                    "80ae2f7693a099fa3013b4b62b16fca4",
                    "3d894888b02deab6b5717853bdcf62d0",
                    "3eccdddc36ef2f551a27a203b350ba2b",
                    "cb645ded3f301f0c6dccb5f42889b223",
                    "04116dbe8ed3c528c8940d5846f87dcb",
                    "46dcc9f76280ed45fb9d46f1aebbbf99",
                    "24931a32fc2e807336f95e6e2535d0e2",
                    "d870b8cb3da062e55b3f3c46e36607ab",
                    "52585417206b401420c8f208718476c9",
                    "df24ee8cc9b2ccf616fe601644fdb86a",
                    "e3afc2da810b57b68c81e33b57a77b59",
                    "5aa6503b775c60961337c1602c022411",
                    "8c6c84578e9fb60557bb026adac29bd7",
                    "612facf85fe2566ddf2bd479e67993fa",
                    "b8bb1f67251181243409566f76d23a0d",
                    "a5e36af40d990bfd90b8bf4811989671"
                ],
                "Menus": [
                    "Brunch",
                    "Lunch",
                    "Dinner"
                ],
                "terms": [
                    "cute",
                    "brown rice",
                    "customise",
                    "tempura",
                    "asparagus",
                    "healthy food",
                    "sushi",
                    "dinner",
                    "artsy",
                    "lunch",
                    "crab sticks",
                    "lively",
                    "good for a quick meal",
                    "great value",
                    "trendy",
                    "spicy mayo",
                    "pickles",
                    "salads",
                    "casual",
                    "bonito"
                ],
                "venueCat": [
                    "Japanese Restaurant and Sushi Restaurant"
                ],
                "venueName": "Maki-san",
                "preference": {
                    "cute": 1,
                    "artsy": 1,
                    "healthy food": 1,
                    "Japanese Restaurant": 2,
                    "search venue by image": 2,
                    "get address and check credit cards": 3
                },
                "venueNeigh": "Central Region",
                "venueScore": "average",
                "Credit Cards": "No",
                "Reservations": "No",
                "Dining Options": [
                    "No Delivery"
                ],
                "Outdoor Seating": "No"
            }
        ],
        "cnv_cnt": 10,
        "user_setting": "You plan to play <b>golf</b>. Fater that, you need to find a <b>Japanese Restaurant</b> providing <b>healthy food</b>. <b>**Use at least three turns of Question&Answers to find one venue!**</b>",
        "user_location": "unknown"
    }
}