{
    "id": "6201",
    "dialogue": [
        {
            "turn idx": 0,
            "agent": {
                "transcript": "hi, how may i help you?",
                "img_gts": [],
                "dialog_act": {
                    "placeholder": "greet"
                }
            },
            "user": {
                "transcript": "hi, i am looking for a place to get lunch, can you give me a recommendation?",
                "img_gts": [],
                "turn_label": {
                    "open span: recommendation": "request",
                    "placeholder": "greet",
                    "menus: lunch": "inform"
                }
            },
            "bstate": {
                "open span: recommendation": "request",
                "menus: lunch": "inform"
            }
        },
        {
            "turn idx": 1,
            "agent": {
                "transcript": "i see, where would you prefer to dine at?",
                "img_gts": [],
                "dialog_act": {
                    "venueneigh": "request"
                }
            },
            "user": {
                "transcript": "i would prefer to dine in the central region.",
                "img_gts": [],
                "turn_label": {
                    "venueneigh: central region": "inform",
                    "open span: dine": "inform"
                }
            },
            "bstate": {
                "menus: lunch": "inform",
                "venueneigh: central region": "inform",
                "open span: dine": "inform"
            }
        },
        {
            "turn idx": 2,
            "agent": {
                "transcript": "i see, what kind of cuisine would you prefer?",
                "img_gts": [],
                "dialog_act": {
                    "open span: cuisine": "inform"
                }
            },
            "user": {
                "transcript": "i would prefer dining in a cafe.",
                "img_gts": [],
                "turn_label": {
                    "open span: coffee": "inform"
                }
            },
            "bstate": {
                "menus: lunch": "inform",
                "venueneigh: central region": "inform",
                "open span: dine": "inform",
                "open span: cuisine": "inform",
                "open span: coffee": "inform"
            }
        },
        {
            "turn idx": 3,
            "agent": {
                "transcript": "i see, i recommend going to eatplaylove cafe. it is a cafe located in the central region and it is good for a quick meal!",
                "img_gts": [],
                "dialog_act": {
                    "venuename: eatplaylove cafe": "recommend",
                    "venueneigh: central region": "inform",
                    "open span: good for a quick meal": "inform",
                    "open span: coffee": "inform"
                }
            },
            "user": {
                "transcript": "i see, can i check if they take reservations?",
                "img_gts": [],
                "turn_label": {
                    "reservations": "request"
                }
            },
            "bstate": {
                "menus: lunch": "inform",
                "open span: dine": "inform",
                "open span: cuisine": "inform",
                "open span: coffee": "inform",
                "venuename: eatplaylove cafe": "recommend",
                "venueneigh: central region": "inform",
                "open span: good for a quick meal": "inform",
                "reservations": "request"
            }
        },
        {
            "turn idx": 4,
            "agent": {
                "transcript": "i am not sure about that.",
                "img_gts": [],
                "dialog_act": {
                    "reservations: no": "inform"
                }
            },
            "user": {
                "transcript": "i see, can you recommend me somewhere that does take reservations?",
                "img_gts": [],
                "turn_label": {
                    "reservations": "request",
                    "open span: recommendation": "request"
                }
            },
            "bstate": {
                "menus: lunch": "inform",
                "open span: dine": "inform",
                "open span: cuisine": "inform",
                "open span: coffee": "inform",
                "venuename: eatplaylove cafe": "recommend",
                "venueneigh: central region": "inform",
                "open span: good for a quick meal": "inform",
                "reservations": "request",
                "open span: recommendation": "request"
            }
        },
        {
            "turn idx": 5,
            "agent": {
                "transcript": "okay, would you be okay with an american restaurant?",
                "img_gts": [],
                "dialog_act": {
                    "open span: american restaurant": "inform"
                }
            },
            "user": {
                "transcript": "sure, i don't mind.",
                "img_gts": [],
                "turn_label": {
                    "venuename: eatplaylove cafe": "confirm"
                }
            },
            "bstate": {
                "menus: lunch": "inform",
                "open span: dine": "inform",
                "open span: cuisine": "inform",
                "open span: coffee": "inform",
                "venueneigh: central region": "inform",
                "open span: good for a quick meal": "inform",
                "reservations": "request",
                "open span: american restaurant": "inform",
                "venuename: eatplaylove cafe": "confirm"
            }
        },
        {
            "turn idx": 6,
            "agent": {
                "transcript": "okay, is there anything else you prefer?",
                "img_gts": [],
                "dialog_act": {
                    "open span: anything else": "request"
                }
            },
            "user": {
                "transcript": "i would prefer if they sold homemade food.",
                "img_gts": [],
                "turn_label": {
                    "open span:homemade": "inform"
                }
            },
            "bstate": {
                "menus: lunch": "inform",
                "open span: dine": "inform",
                "open span: cuisine": "inform",
                "open span: coffee": "inform",
                "venueneigh: central region": "inform",
                "open span: good for a quick meal": "inform",
                "reservations": "request",
                "open span: american restaurant": "inform",
                "venuename: eatplaylove cafe": "confirm",
                "open span: anything else": "request",
                "open span: homemade": "inform"
            }
        },
        {
            "turn idx": 7,
            "agent": {
                "transcript": "okay, i recommend going to eight cafe and bar. it is an american restaurant also located in the central region and they serve delicious homemade food! they also take reservations!",
                "img_gts": [],
                "dialog_act": {
                    "venuename: eight cafe and bar": "recommend",
                    "venueneigh: central region": "inform",
                    "reservations: yes": "inform",
                    "open span:homemade": "inform",
                    "open span: american restaurant": "inform"
                }
            },
            "user": {
                "transcript": "i see, can i get the address and phone number?",
                "img_gts": [],
                "turn_label": {
                    "venueaddress": "request",
                    "telephone": "request"
                }
            },
            "bstate": {
                "menus: lunch": "inform",
                "open span: dine": "inform",
                "open span: cuisine": "inform",
                "open span: coffee": "inform",
                "open span: good for a quick meal": "inform",
                "open span: american restaurant": "inform",
                "open span: homemade": "inform",
                "venuename: eight cafe and bar": "recommend",
                "venueneigh: central region": "inform",
                "reservations: yes": "inform",
                "venueaddress": "request",
                "telephone": "request"
            }
        },
        {
            "turn idx": 8,
            "agent": {
                "transcript": "the address is 8 bukit pasoh rd, singapore 089822, and the phone number is 6220 4513.",
                "img_gts": [],
                "dialog_act": {
                    "venueaddress: 8 bukit pasoh rd 089822 singapore": "inform",
                    "telephone: 6220 4513": "inform"
                }
            },
            "user": {
                "transcript": "ok, thanks for all your help!",
                "img_gts": [],
                "turn_label": {
                    "venuename: eight cafe and bar": "confirm",
                    "placeholder": "bye"
                }
            },
            "bstate": {
                "menus: lunch": "inform",
                "open span: dine": "inform",
                "open span: cuisine": "inform",
                "open span: coffee": "inform",
                "open span: good for a quick meal": "inform",
                "open span: american restaurant": "inform",
                "open span: homemade": "inform",
                "venueneigh: central region": "inform",
                "reservations: yes": "inform",
                "venueaddress: 8 bukit pasoh rd 089822 singapore": "inform",
                "telephone: +65 62204513": "inform",
                "venuename: eight cafe and bar": "confirm"
            }
        },
        {
            "turn idx": 9,
            "agent": {
                "transcript": "no problem!",
                "img_gts": [],
                "dialog_act": {
                    "placeholder": "bye"
                }
            },
            "user": {
                "transcript": "",
                "img_gts": [],
                "turn_label": {}
            },
            "bstate": {
                "menus: lunch": "inform",
                "open span: dine": "inform",
                "open span: cuisine": "inform",
                "open span: coffee": "inform",
                "open span: good for a quick meal": "inform",
                "open span: american restaurant": "inform",
                "open span: homemade": "inform",
                "venueneigh: central region": "inform",
                "reservations: yes": "inform",
                "venueaddress: 8 bukit pasoh rd 089822 singapore": "inform",
                "telephone: +65 62204513": "inform",
                "venuename: eight cafe and bar": "confirm"
            }
        }
    ],
    "user rating": 5,
    "user setting": "you are in <b>central region</b>, hope to find a place that is <b>good for a quick meal</b> and of <b>great value</b>. the agent recommended <b>eatplaylove cafe</b>. but not sure whether it takes <b>reservation</b>, so recommend again. <b>**use at least three turns of question&answers to find one venue!**</b>",
    "goal": {
        "id": 1729,
        "type": "multiple",
        "modality": "multiple",
        "content": [
            {
                "imgs": [],
                "terms": [
                    "lunch",
                    "play area",
                    "arts & crafts",
                    "desserts",
                    "dinner",
                    "mango",
                    "good for a quick meal",
                    "great value",
                    "good service",
                    "nice tom yam soup",
                    "casual"
                ],
                "venueCat": [
                    "Caf\u00e9"
                ],
                "venueName": "EatPlayLove Cafe",
                "preference": {
                    "lunch": 1,
                    "great value": 1,
                    "good service": 1,
                    "Central Region": 2,
                    "check reservation": 3,
                    "good for a quick meal": 2
                },
                "venueNeigh": "Central Region",
                "venueScore": "average"
            },
            {
                "imgs": [
                    "2629917d34623f846f7a4dfe96353a29",
                    "a86ac666d670d11043e1698a556187a6",
                    "1f642de549093164a21fd6a992e22477",
                    "ad65790c2aa5856171693941d7adc3c5",
                    "0d400a4a32e0a1e3b15d2d7a65809414",
                    "bdebc529960462cfa8eb05ca5c2ad6bb",
                    "6582d8d79703b4567e4715d9ef0a7860",
                    "aba7917c0ac9e893b80ae2489351b7af",
                    "952a7a5ac7a3b21d0fcb3f43e1227eb8",
                    "61a1af4983be4c55a956688d1284f837",
                    "c26641d8e19c59a53661231b4a84a7df",
                    "3f9cce7e3f69e378798905f0841607e7",
                    "93d956e52613333a524309bad12200a4",
                    "6abf72c761714a5773e371385deb2f14",
                    "ad8c210136b88a1d1cbdc4c7f302f221",
                    "67103edd6ec6a683b482b42ee335115c",
                    "1a86a67adbfd38f504e4ac002d17ee8a",
                    "28e67e908e1742433ad85cc003776a7b",
                    "d3293718a1e75d1f94b39be6d7ac4add",
                    "36a59e96318ce7b50251e47f16998caf",
                    "9740a7836a4714da0814d56ba1ee8966",
                    "f99281b75e422a9202beeba75e4e3ccc",
                    "ff88ab3e28f7d33d0f7dcddeb7ee6a6b",
                    "3d7d64e8dbdea5bfdabf2664da452bb0",
                    "4a0043ebb29953758e1652aa97681eb5"
                ],
                "Menus": [
                    "Breakfast",
                    "Brunch",
                    "Lunch",
                    "Dinner"
                ],
                "terms": [
                    "lunch",
                    "drinks time",
                    "intimate",
                    "cheesecake",
                    "trendy",
                    "great value",
                    "homemade food",
                    "seafood",
                    "desserts",
                    "dinner",
                    "meats",
                    "good for a quick meal",
                    "caf\u00e9",
                    "crispy brown rice risotto",
                    "laksa",
                    "chicken",
                    "wine",
                    "casual",
                    "rendang",
                    "whiskey"
                ],
                "Drinks": [
                    "Wine",
                    "Cocktails"
                ],
                "venueCat": [
                    "American Restaurant"
                ],
                "venueName": "Eight Cafe and Bar",
                "preference": {
                    "homemade food": 2,
                    "takes reservation": 2,
                    "request food image": 1,
                    "get address and phone number for reservation": 3
                },
                "venueNeigh": "Central Region",
                "venueScore": "average",
                "Credit Cards": "Yes",
                "Reservations": "Yes",
                "Dining Options": [
                    "No Delivery"
                ],
                "Outdoor Seating": "Yes"
            }
        ],
        "cnv_cnt": 10,
        "user_setting": "You are in <b>Central Region</b>, hope to find a place that is <b>good for a quick meal</b> and of <b>great value</b>. The agent recommended <b>EatPlayLove Cafe</b>. But not sure whether it takes <b>reservation</b>, so recommend again. <b>**Use at least three turns of Question&Answers to find one venue!**</b>",
        "user_location": "Central Region"
    }
}