{
    "id": "6221",
    "dialogue": [
        {
            "turn idx": 0,
            "agent": {
                "transcript": "",
                "img_gts": [],
                "dialog_act": {}
            },
            "user": {
                "transcript": "hi, i am looking for an art museum with galleries with contemporary art and also tours. i have a picture of the place that is like this.",
                "img_gts": [
                    "historical building"
                ],
                "turn_label": {
                    "open span: image": "inform",
                    "open span: gallery": "inform",
                    "open span: tour": "inform",
                    "open span: art museum": "inform",
                    "open span: contemporary": "inform",
                    "placeholder": "greet",
                    "img_gts: historical building": "inform"
                }
            },
            "bstate": {
                "open span: image": "inform",
                "open span: gallery": "inform",
                "open span: tour": "inform",
                "open span: art museum": "inform",
                "open span: contemporary": "inform",
                "img_gts: historical building": "inform"
            }
        },
        {
            "turn idx": 1,
            "agent": {
                "transcript": "you can try going to the singapore art museum.",
                "img_gts": [],
                "dialog_act": {
                    "venuename: singapore art museum": "recommend",
                    "venueaddress": "request"
                }
            },
            "user": {
                "transcript": "do you have any tips about the place?",
                "img_gts": [],
                "turn_label": {
                    "venuename: singapore art museum": "confirm",
                    "open span: tip or suggestion": "request"
                }
            },
            "bstate": {
                "open span: image": "inform",
                "open span: gallery": "inform",
                "open span: tour": "inform",
                "open span: art museum": "inform",
                "open span: contemporary": "inform",
                "img_gts: historical building": "inform",
                "venueaddress": "request",
                "venuename: singapore art museum": "confirm",
                "open span: tip or suggestion": "request"
            }
        },
        {
            "turn idx": 2,
            "agent": {
                "transcript": "someone has said: this museum has the world\u2019s largest collection of modern and contemporary south east asian art.",
                "img_gts": [],
                "dialog_act": {
                    "open span: modern": "inform",
                    "open span: contemporary": "inform"
                }
            },
            "user": {
                "transcript": "okay! i am also looking for bbq joint to eat at. could you help me find one to go to?",
                "img_gts": [],
                "turn_label": {}
            },
            "bstate": {
                "open span: image": "inform",
                "open span: gallery": "inform",
                "open span: tour": "inform",
                "open span: art museum": "inform",
                "open span: contemporary": "inform",
                "img_gts: historical building": "inform",
                "venueaddress": "request",
                "venuename: singapore art museum": "confirm",
                "open span: modern": "inform"
            }
        },
        {
            "turn idx": 3,
            "agent": {
                "transcript": "sure, can you tell me more about the kind of place you are looking for?",
                "img_gts": [],
                "dialog_act": {
                    "open span: place": "request"
                }
            },
            "user": {
                "transcript": "i am looking for somewhere that has french fries and ribs like in this picture.",
                "img_gts": [
                    "steak and fries"
                ],
                "turn_label": {
                    "open span: image": "inform",
                    "open span: rib": "inform",
                    "img_gts: steak and fries": "inform"
                }
            },
            "bstate": {
                "open span: image": "inform",
                "open span: gallery": "inform",
                "open span: tour": "inform",
                "open span: art museum": "inform",
                "open span: contemporary": "inform",
                "venueaddress": "request",
                "venuename: singapore art museum": "confirm",
                "open span: modern": "inform",
                "open span: place": "request",
                "open span: rib": "inform",
                "img_gts: steak and fries": "inform"
            }
        },
        {
            "turn idx": 4,
            "agent": {
                "transcript": "is there anything else you would like?",
                "img_gts": [],
                "dialog_act": {
                    "open span: anything else": "request"
                }
            },
            "user": {
                "transcript": "i would like if they also serve beer.",
                "img_gts": [],
                "turn_label": {
                    "drinks: beer": "inform"
                }
            },
            "bstate": {
                "open span: image": "inform",
                "open span: gallery": "inform",
                "open span: tour": "inform",
                "open span: art museum": "inform",
                "open span: contemporary": "inform",
                "venueaddress": "request",
                "venuename: singapore art museum": "confirm",
                "open span: modern": "inform",
                "open span: rib": "inform",
                "img_gts: steak and fries": "inform",
                "open span: anything else": "request",
                "drinks: beer": "inform"
            }
        },
        {
            "turn idx": 5,
            "agent": {
                "transcript": "you can try going to smokey's bbq.",
                "img_gts": [],
                "dialog_act": {
                    "venuename: smokey's bbq": "recommend"
                }
            },
            "user": {
                "transcript": "could i get their address and check if they accept credit cards? could i also get a picture of the place to help me find it?",
                "img_gts": [],
                "turn_label": {
                    "venueaddress": "request",
                    "credit cards": "request",
                    "open span: image": "request"
                }
            },
            "bstate": {
                "open span: gallery": "inform",
                "open span: tour": "inform",
                "open span: art museum": "inform",
                "open span: contemporary": "inform",
                "open span: modern": "inform",
                "open span: rib": "inform",
                "img_gts: steak and fries": "inform",
                "drinks: beer": "inform",
                "venuename: smokey's bbq": "recommend",
                "venueaddress": "request",
                "credit cards": "request"
            }
        },
        {
            "turn idx": 6,
            "agent": {
                "transcript": "the address is 73 joo chiat pl. (tembeling lane) 427790 singapore and they accept credit cards. here is a picture of the signboard that you can use to help find the place.",
                "img_gts": [
                    "name board"
                ],
                "dialog_act": {
                    "venueaddress: 73 joo chiat pl. (tembeling lane) 427790 singapore": "inform",
                    "credit cards: yes": "inform",
                    "open span: image": "inform",
                    "open span: signboard": "inform",
                    "img_gts: name board": "inform"
                }
            },
            "user": {
                "transcript": "okay, great!",
                "img_gts": [],
                "turn_label": {
                    "venuename: smokey's bbq": "confirm"
                }
            },
            "bstate": {
                "open span: gallery": "inform",
                "open span: tour": "inform",
                "open span: art museum": "inform",
                "open span: contemporary": "inform",
                "open span: modern": "inform",
                "open span: rib": "inform",
                "drinks: beer": "inform",
                "venueaddress: 73 joo chiat pl. (tembeling lane) 427790 singapore": "inform",
                "credit cards: yes": "inform",
                "open span: image": "inform",
                "open span: signboard": "inform",
                "img_gts: name board": "inform",
                "venuename: smokey's bbq": "confirm"
            }
        },
        {
            "turn idx": 7,
            "agent": {
                "transcript": "is there anything else i can help with?",
                "img_gts": [],
                "dialog_act": {
                    "open span: anything else": "request"
                }
            },
            "user": {
                "transcript": "nope, thank you!",
                "img_gts": [],
                "turn_label": {
                    "placeholder": "bye",
                    "open span: anything else": "negate"
                }
            },
            "bstate": {
                "open span: gallery": "inform",
                "open span: tour": "inform",
                "open span: art museum": "inform",
                "open span: contemporary": "inform",
                "open span: modern": "inform",
                "open span: rib": "inform",
                "drinks: beer": "inform",
                "venueaddress: 73 joo chiat pl. (tembeling lane) 427790 singapore": "inform",
                "credit cards: yes": "inform",
                "open span: image": "inform",
                "open span: signboard": "inform",
                "img_gts: name board": "inform",
                "venuename: smokey's bbq": "confirm"
            }
        }
    ],
    "user rating": 5,
    "user setting": "you are an <b>art lover</b> and want to visit an <b>art museum</b>. then, you would like to find a <b>bbq joint</b> to have <b>dinner</b> at. <b>**use at least three turns of question&answers to find one venue!**</b>",
    "goal": {
        "id": 1750,
        "type": "multiple",
        "modality": "multiple",
        "content": [
            {
                "imgs": [
                    "1f380c5e927fdc99abc2e58291f5632b",
                    "5c9e0e4d736bbfa4491effb2838948ee",
                    "1fb77cbe0e8e6e4f94454aac9bc054cb",
                    "86feecf7f77a0e8e193af3fdaeab83e4",
                    "333a49515e05b8c2357bbbc75d2a523f",
                    "bd70f194c9b837ff6de62e90b99de899",
                    "d0c7ac3414e377507fd3d000ec51244a"
                ],
                "terms": [
                    "exhibits",
                    "arts",
                    "singaporean",
                    "pupils",
                    "galleries",
                    "contemporary",
                    "artsy",
                    "museums",
                    "tours",
                    "architecture",
                    "rabbit",
                    "free admission"
                ],
                "venueCat": [
                    "Art Museum"
                ],
                "venueName": "Singapore Art Museum",
                "preference": {
                    "tours": 1,
                    "galleries": 2,
                    "art museum": 2,
                    "contemporary": 1,
                    "search venue by image": 1,
                    "get tips or suggestions or things to take note of": 3
                },
                "venueNeigh": "Central Region",
                "venueScore": "good",
                "Credit Cards": "Yes"
            },
            {
                "imgs": [
                    "873473290620b6091fa3f763858ebf24",
                    "8036e4b1287e4c3c46bf7b0b143036c3",
                    "3ffb5da87c4fd82c7335e2fcb91906a4",
                    "ae248e927802ac401300c0036969819d",
                    "a198321820a9dc3e19209957398d86ef",
                    "348c13479ea4f2e96233826c06647ff1",
                    "42789599fcc585d49ff33a2c642a4e6a"
                ],
                "terms": [
                    "full slab",
                    "real american",
                    "sammich",
                    "Taco Tuesdays",
                    "BBQ sauce",
                    "ribs",
                    "cole slaw",
                    "dips",
                    "french fries",
                    "good for groups",
                    "beer",
                    "garden salad",
                    "great value",
                    "dinner",
                    "authentic",
                    "casual",
                    "wine"
                ],
                "venueCat": [
                    "BBQ Joint and American Restaurant"
                ],
                "venueName": "Smokey's BBQ",
                "preference": {
                    "beer": 1,
                    "BBQ joint": 2,
                    "french fries": 1,
                    "ribs by image": 2,
                    "show signboard image to user": 1,
                    "get address and check credit cards": 3
                },
                "venueNeigh": "Central Region",
                "venueScore": "average",
                "Credit Cards": "Yes",
                "Reservations": "Yes"
            }
        ],
        "cnv_cnt": 10,
        "user_setting": "You are an <b>art lover</b> and want to visit an <b>art museum</b>. Then, you would like to find a <b>BBQ joint</b> to have <b>dinner</b> at. <b>**Use at least three turns of Question&Answers to find one venue!**</b>",
        "user_location": "unknown"
    }
}