{
    "id": "6237",
    "dialogue": [
        {
            "turn idx": 0,
            "agent": {
                "transcript": "",
                "img_gts": [],
                "dialog_act": {}
            },
            "user": {
                "transcript": "hi. i am looking for a cafe in central region. can you recommend some cafes to me for comparison?",
                "img_gts": [],
                "turn_label": {
                    "venueneigh: central region": "inform",
                    "open span: coffee": "inform",
                    "placeholder": "greet"
                }
            },
            "bstate": {
                "venueneigh: central region": "inform",
                "open span: coffee": "inform"
            }
        },
        {
            "turn idx": 1,
            "agent": {
                "transcript": "sure. what type of cafe would you prefer to visit?",
                "img_gts": [],
                "dialog_act": {
                    "open span: preference": "request"
                }
            },
            "user": {
                "transcript": "i would like to visit a cafe that has good service and good for a quick meal. it would be great if they also serve desserts!",
                "img_gts": [],
                "turn_label": {
                    "open span: good for a quick meal": "inform",
                    "open span: coffee": "inform",
                    "open span: good service": "inform",
                    "menus: dessert": "inform"
                }
            },
            "bstate": {
                "venueneigh: central region": "inform",
                "open span: coffee": "inform",
                "open span: preference": "request",
                "open span: good for a quick meal": "inform",
                "open span: good service": "inform",
                "menus: dessert": "inform"
            }
        },
        {
            "turn idx": 2,
            "agent": {
                "transcript": "eatplaylove cafe is the best option! these are some food images from the cafe.",
                "img_gts": [
                    "indian food",
                    "burger"
                ],
                "dialog_act": {
                    "venuename: eatplaylove cafe": "recommend",
                    "open span: image": "inform",
                    "img_gts: indian food, burger": "inform"
                }
            },
            "user": {
                "transcript": "looks good! can i get tips about the cafe?",
                "img_gts": [],
                "turn_label": {
                    "open span: coffee": "inform",
                    "venuename: eatplaylove cafe": "confirm",
                    "open span: tip or suggestion": "request"
                }
            },
            "bstate": {
                "venueneigh: central region": "inform",
                "open span: coffee": "inform",
                "open span: good for a quick meal": "inform",
                "open span: good service": "inform",
                "menus: dessert": "inform",
                "open span: image": "inform",
                "img_gts: indian food, burger": "inform",
                "venuename: eatplaylove cafe": "confirm",
                "open span: tip or suggestion": "request"
            }
        },
        {
            "turn idx": 3,
            "agent": {
                "transcript": "there are two craft corners in the cafe. you can buy a basic craft set there for $5! don't miss it!",
                "img_gts": [],
                "dialog_act": {}
            },
            "user": {
                "transcript": "awesome! can you recommend another cafe to me?",
                "img_gts": [],
                "turn_label": {}
            },
            "bstate": {
                "venueneigh: central region": "inform",
                "open span: coffee": "inform",
                "open span: good for a quick meal": "inform",
                "open span: good service": "inform",
                "menus: dessert": "inform",
                "open span: image": "inform",
                "img_gts: indian food, burger": "inform",
                "venuename: eatplaylove cafe": "confirm"
            }
        },
        {
            "turn idx": 4,
            "agent": {
                "transcript": "do you have any food preferences?",
                "img_gts": [],
                "dialog_act": {
                    "open span: food": "request",
                    "open span: preference": "request"
                }
            },
            "user": {
                "transcript": "maybe a american restaurant that serves seafood like the one in the image with wine?",
                "img_gts": [
                    "spaghetti"
                ],
                "turn_label": {
                    "drinks: wine": "inform",
                    "open span: image": "inform",
                    "open span: american restaurant": "inform",
                    "open span: seafood": "inform",
                    "img_gts: spaghetti": "inform"
                }
            },
            "bstate": {
                "venueneigh: central region": "inform",
                "open span: coffee": "inform",
                "open span: good for a quick meal": "inform",
                "open span: good service": "inform",
                "menus: dessert": "inform",
                "open span: image": "inform",
                "venuename: eatplaylove cafe": "confirm",
                "open span: food": "request",
                "open span: preference": "request",
                "drinks: wine": "inform",
                "open span: american restaurant": "inform",
                "open span: seafood": "inform",
                "img_gts: spaghetti": "inform"
            }
        },
        {
            "turn idx": 5,
            "agent": {
                "transcript": "eight cafe and bar is the best option! it is located at 8 bukit pasoh rd 089822 singapore.",
                "img_gts": [],
                "dialog_act": {
                    "venuename: eight cafe and bar": "recommend",
                    "venueaddress: 8 bukit pasoh rd 089822 singapore": "inform"
                }
            },
            "user": {
                "transcript": "that's great! can i get tips about this cafe?",
                "img_gts": [],
                "turn_label": {
                    "open span: coffee": "inform",
                    "venuename: eight cafe and bar": "confirm",
                    "open span: tip or suggestion": "request"
                }
            },
            "bstate": {
                "venueneigh: central region": "inform",
                "open span: coffee": "inform",
                "open span: good for a quick meal": "inform",
                "open span: good service": "inform",
                "menus: dessert": "inform",
                "open span: image": "inform",
                "open span: food": "request",
                "drinks: wine": "inform",
                "open span: american restaurant": "inform",
                "open span: seafood": "inform",
                "img_gts: spaghetti": "inform",
                "venueaddress: 8 bukit pasoh rd 089822 singapore": "inform",
                "venuename: eight cafe and bar": "confirm",
                "open span: tip or suggestion": "request"
            }
        },
        {
            "turn idx": 6,
            "agent": {
                "transcript": "their crispy brown rice risotto is an amazing combination of textures. don't miss it!",
                "img_gts": [],
                "dialog_act": {
                    "open span: rice": "inform"
                }
            },
            "user": {
                "transcript": "good to know that! can you recommend another place for me to compare?",
                "img_gts": [],
                "turn_label": {}
            },
            "bstate": {
                "venueneigh: central region": "inform",
                "open span: coffee": "inform",
                "open span: good for a quick meal": "inform",
                "open span: good service": "inform",
                "menus: dessert": "inform",
                "open span: image": "inform",
                "open span: food": "request",
                "drinks: wine": "inform",
                "open span: american restaurant": "inform",
                "open span: seafood": "inform",
                "img_gts: spaghetti": "inform",
                "venueaddress: 8 bukit pasoh rd 089822 singapore": "inform",
                "venuename: eight cafe and bar": "confirm",
                "open span: rice": "inform"
            }
        },
        {
            "turn idx": 7,
            "agent": {
                "transcript": "sure. do you have any preferences about the food or place?",
                "img_gts": [],
                "dialog_act": {
                    "open span: preference": "request",
                    "open span: food": "request",
                    "open span: place": "request"
                }
            },
            "user": {
                "transcript": "i would like to try eggs and toast like the one in the image! can you recommend a food court that serves these food and fried rice as brunch?",
                "img_gts": [
                    "breakfast"
                ],
                "turn_label": {
                    "open span: toast": "inform",
                    "open span: place to eat": "request",
                    "open span: fry rice": "inform",
                    "open span: image": "inform",
                    "img_gts: breakfast": "inform"
                }
            },
            "bstate": {
                "venueneigh: central region": "inform",
                "open span: coffee": "inform",
                "open span: good for a quick meal": "inform",
                "open span: good service": "inform",
                "menus: dessert": "inform",
                "open span: image": "inform",
                "open span: food": "request",
                "drinks: wine": "inform",
                "open span: american restaurant": "inform",
                "open span: seafood": "inform",
                "venueaddress: 8 bukit pasoh rd 089822 singapore": "inform",
                "venuename: eight cafe and bar": "confirm",
                "open span: rice": "inform",
                "open span: preference": "request",
                "open span: place": "request",
                "open span: toast": "inform",
                "open span: place to eat": "request",
                "open span: fry rice": "inform",
                "img_gts: breakfast": "inform"
            }
        },
        {
            "turn idx": 8,
            "agent": {
                "transcript": "keng wah sung cafe is the best option for you! it is located at geylang road (at geylang lorong 41) singapore.",
                "img_gts": [],
                "dialog_act": {
                    "venuename: keng wah sung cafe": "recommend",
                    "venueaddress: geylang road (at geylang lorong 41) singapore": "inform"
                }
            },
            "user": {
                "transcript": "great! can  i get tips about this place too?",
                "img_gts": [],
                "turn_label": {
                    "venuename: keng wah sung cafe": "confirm",
                    "open span: tip or suggestion": "request"
                }
            },
            "bstate": {
                "venueneigh: central region": "inform",
                "open span: coffee": "inform",
                "open span: good for a quick meal": "inform",
                "open span: good service": "inform",
                "menus: dessert": "inform",
                "open span: image": "inform",
                "open span: food": "request",
                "drinks: wine": "inform",
                "open span: american restaurant": "inform",
                "open span: seafood": "inform",
                "open span: rice": "inform",
                "open span: toast": "inform",
                "open span: fry rice": "inform",
                "img_gts: breakfast": "inform",
                "venueaddress: geylang road (at geylang lorong 41) singapore": "inform",
                "venuename: keng wah sung cafe": "confirm",
                "open span: tip or suggestion": "request"
            }
        },
        {
            "turn idx": 9,
            "agent": {
                "transcript": "it is an economical lunch place! you can get fishball noodles or nasi lemak with $2.50 only!",
                "img_gts": [],
                "dialog_act": {
                    "open span: bargain price": "inform",
                    "open span: lunch": "inform",
                    "open span: noodle": "inform",
                    "open span: nasi lemak": "inform"
                }
            },
            "user": {
                "transcript": "good to know that! thanks for the the tips and information!",
                "img_gts": [],
                "turn_label": {
                    "open span: tip or suggestion": "request",
                    "placeholder": "bye"
                }
            },
            "bstate": {
                "venueneigh: central region": "inform",
                "open span: coffee": "inform",
                "open span: good for a quick meal": "inform",
                "open span: good service": "inform",
                "menus: dessert": "inform",
                "open span: image": "inform",
                "open span: food": "request",
                "drinks: wine": "inform",
                "open span: american restaurant": "inform",
                "open span: seafood": "inform",
                "open span: rice": "inform",
                "open span: toast": "inform",
                "open span: fry rice": "inform",
                "img_gts: breakfast": "inform",
                "venueaddress: geylang road (at geylang lorong 41) singapore": "inform",
                "venuename: keng wah sung cafe": "confirm",
                "open span: bargain price": "inform",
                "open span: lunch": "inform",
                "open span: noodle": "inform",
                "open span: nasi lemak": "inform"
            }
        },
        {
            "turn idx": 10,
            "agent": {
                "transcript": "you are welcome! enjoy your meal!",
                "img_gts": [],
                "dialog_act": {
                    "placeholder": "bye"
                }
            },
            "user": {
                "transcript": "",
                "img_gts": [],
                "turn_label": {}
            },
            "bstate": {
                "venueneigh: central region": "inform",
                "open span: coffee": "inform",
                "open span: good for a quick meal": "inform",
                "open span: good service": "inform",
                "menus: dessert": "inform",
                "open span: image": "inform",
                "open span: food": "request",
                "drinks: wine": "inform",
                "open span: american restaurant": "inform",
                "open span: seafood": "inform",
                "open span: rice": "inform",
                "open span: toast": "inform",
                "open span: fry rice": "inform",
                "img_gts: breakfast": "inform",
                "venueaddress: geylang road (at geylang lorong 41) singapore": "inform",
                "venuename: keng wah sung cafe": "confirm",
                "open span: bargain price": "inform",
                "open span: lunch": "inform",
                "open span: noodle": "inform",
                "open span: nasi lemak": "inform"
            }
        }
    ],
    "user rating": 4,
    "user setting": "you are looking for a <b>caf\u00e9</b> in the <b>central region</b>. agent recommends 3 different types of <b>caf\u00e9s</b> for your comparison. <b>**use at least three turns of question&answers to find one venue!**</b>",
    "goal": {
        "id": 1727,
        "type": "multiple",
        "modality": "multiple",
        "content": [
            {
                "imgs": [
                    "0294bc72280902736b598acaff837312",
                    "345551b02c0864a0da96bd7a14ac3cac",
                    "937925360602ffe2751647a4c8214f07",
                    "46fe4e547daa50596b1f1757fa69d685",
                    "fa4d4c061238ecafbffa79fe45829b3f",
                    "507b1266f9cf655c1a48065397f4ddc0",
                    "3b4e6840df3741581219d637bb4bec3e",
                    "4c83f68f809a9134a5b086bb4e554fe9"
                ],
                "terms": [
                    "lunch",
                    "play area",
                    "arts & crafts",
                    "desserts",
                    "dinner",
                    "mango",
                    "good for a quick meal",
                    "great value",
                    "good service",
                    "nice tom yam soup",
                    "casual"
                ],
                "venueCat": [
                    "Caf\u00e9"
                ],
                "venueName": "EatPlayLove Cafe",
                "preference": {
                    "caf\u00e9": 2,
                    "desserts": 1,
                    "good service": 1,
                    "good for a quick meal": 2,
                    "search venue by image": 1,
                    "get tips or suggestions or things to take note of": 3
                },
                "venueNeigh": "Central Region",
                "venueScore": "average"
            },
            {
                "imgs": [
                    "a86ac666d670d11043e1698a556187a6",
                    "aba7917c0ac9e893b80ae2489351b7af",
                    "36a59e96318ce7b50251e47f16998caf",
                    "ff88ab3e28f7d33d0f7dcddeb7ee6a6b",
                    "305cf8a371859af12d23060584ba33b6",
                    "8c91af8305a4677d22f248c581ead4ce",
                    "df0fd2fc88a3ed651b378fb61d716d2d"
                ],
                "Menus": [
                    "Breakfast",
                    "Brunch",
                    "Lunch",
                    "Dinner"
                ],
                "terms": [
                    "lunch",
                    "drinks time",
                    "intimate",
                    "cheesecake",
                    "trendy",
                    "great value",
                    "homemade food",
                    "seafood",
                    "desserts",
                    "dinner",
                    "meats",
                    "good for a quick meal",
                    "caf\u00e9",
                    "crispy brown rice risotto",
                    "laksa",
                    "chicken",
                    "wine",
                    "casual",
                    "rendang",
                    "whiskey"
                ],
                "Drinks": [
                    "Wine",
                    "Cocktails"
                ],
                "venueCat": [
                    "American Restaurant"
                ],
                "venueName": "Eight Cafe and Bar",
                "preference": {
                    "wine": 1,
                    "meats": 2,
                    "great value": 1,
                    "seafood by image": 1,
                    "American restaurant": 2,
                    "get tips or suggestions or things to take note of": 3
                },
                "venueNeigh": "Central Region",
                "venueScore": "average",
                "Credit Cards": "Yes",
                "Reservations": "Yes",
                "Dining Options": [
                    "No Delivery"
                ],
                "Outdoor Seating": "Yes"
            },
            {
                "imgs": [
                    "7a691f3540668293d3396fdb8ccc955a",
                    "52362b149c97c17193804ef35aea6977",
                    "0df91af240a04ac6df0166c341adaf2e",
                    "4e58e324a4cea7c6ac564a38b40bb235",
                    "f14ca21d157efcbbeb72a39840d23a24",
                    "629dc4012f5f3f1b1395f70935e77535",
                    "2b37f3085b89416d503a44b1f08b893f",
                    "f0fa91782d2bc43ab57ce48a4f9ec09a",
                    "7b166151eccb201c125532b34422374b",
                    "bfedaa38b080e3cafe14d5904525aa65"
                ],
                "Menus": [
                    "Breakfast",
                    "Brunch",
                    "Lunch"
                ],
                "terms": [
                    "toast",
                    "eggs",
                    "breakfast food",
                    "lunch",
                    "fried rice",
                    "bee hoon"
                ],
                "venueCat": [
                    "Food Court",
                    "Chinese Restaurant",
                    "and Coffee Shop"
                ],
                "venueName": "Keng Wah Sung Cafe",
                "preference": {
                    "brunch": 2,
                    "food court": 2,
                    "fried rice": 1,
                    "eggs or toast by image": 1,
                    "show stall image to user": 2,
                    "get tips or suggestions or things to take note of": 3
                },
                "venueNeigh": "Central Region",
                "venueScore": "average",
                "Dining Options": [
                    "No Delivery"
                ]
            }
        ],
        "cnv_cnt": 10,
        "user_setting": "You are looking for a <b>caf\u00e9</b> in the <b>Central region</b>. Agent recommends 3 different types of <b>caf\u00e9s</b> for your comparison. <b>**Use at least three turns of Question&Answers to find one venue!**</b>",
        "user_location": "unknown"
    }
}