{
    "id": "6256",
    "dialogue": [
        {
            "turn idx": 0,
            "agent": {
                "transcript": "",
                "img_gts": [],
                "dialog_act": {}
            },
            "user": {
                "transcript": "hi! can you suggest different type of eateries in central region for me to decide where to have dinner?",
                "img_gts": [],
                "turn_label": {
                    "venueneigh: central region": "inform",
                    "open span: place to eat": "request",
                    "placeholder": "greet",
                    "menus: dinner": "inform"
                }
            },
            "bstate": {
                "venueneigh: central region": "inform",
                "open span: place to eat": "request",
                "menus: dinner": "inform"
            }
        },
        {
            "turn idx": 1,
            "agent": {
                "transcript": "sure! do you have any preferences about the food?",
                "img_gts": [],
                "dialog_act": {
                    "open span: preference": "request"
                }
            },
            "user": {
                "transcript": "maybe a steakhouse that serves steak and soup like those in the images with happy hour menu?",
                "img_gts": [
                    "drink",
                    "steak"
                ],
                "turn_label": {
                    "menus": "request",
                    "open span: steak": "inform",
                    "open span: soup": "inform",
                    "open span: image": "inform",
                    "open span: happy hour": "request",
                    "img_gts: drink, steak": "inform"
                }
            },
            "bstate": {
                "venueneigh: central region": "inform",
                "menus: dinner": "inform",
                "open span: preference": "request",
                "menus": "request",
                "open span: steak": "inform",
                "open span: soup": "inform",
                "open span: image": "inform",
                "open span: happy hour": "request",
                "img_gts: drink, steak": "inform"
            }
        },
        {
            "turn idx": 2,
            "agent": {
                "transcript": "you can visit fosters | an english rose cafe! it is located at 277 holland avenue (holland village) 278994 singapore.",
                "img_gts": [],
                "dialog_act": {
                    "venuename: fosters | an english rose cafe": "recommend",
                    "venueaddress: 277 holland avenue (holland village) 278994 singapore": "inform"
                }
            },
            "user": {
                "transcript": "great! can you check if they allow reservation?",
                "img_gts": [],
                "turn_label": {
                    "reservations": "request",
                    "venuename: fosters | an english rose cafe": "confirm"
                }
            },
            "bstate": {
                "venueneigh: central region": "inform",
                "menus: dinner": "inform",
                "menus": "request",
                "open span: steak": "inform",
                "open span: soup": "inform",
                "open span: image": "inform",
                "open span: happy hour": "request",
                "img_gts: drink, steak": "inform",
                "venueaddress: 277 holland avenue (holland village) 278994 singapore": "inform",
                "reservations": "request",
                "venuename: fosters | an english rose cafe": "confirm"
            }
        },
        {
            "turn idx": 3,
            "agent": {
                "transcript": "yes, they take reservation! any other information that you need?",
                "img_gts": [],
                "dialog_act": {
                    "reservations: yes": "inform",
                    "open span: other information": "request"
                }
            },
            "user": {
                "transcript": "can you recommend another eatery like cafe in central region to me?",
                "img_gts": [],
                "turn_label": {
                    "venueneigh: central region": "inform",
                    "open span: coffee": "inform"
                }
            },
            "bstate": {
                "menus: dinner": "inform",
                "menus": "request",
                "open span: steak": "inform",
                "open span: soup": "inform",
                "open span: image": "inform",
                "open span: happy hour": "request",
                "img_gts: drink, steak": "inform",
                "venueaddress: 277 holland avenue (holland village) 278994 singapore": "inform",
                "venuename: fosters | an english rose cafe": "confirm",
                "reservations: yes": "inform",
                "open span: other information": "request",
                "venueneigh: central region": "inform",
                "open span: coffee": "inform"
            }
        },
        {
            "turn idx": 4,
            "agent": {
                "transcript": "there are a few options available. any preferences about the food in the cafe?",
                "img_gts": [],
                "dialog_act": {
                    "open span: preference": "request",
                    "open span: food": "request"
                }
            },
            "user": {
                "transcript": "it would be great if the cafe serves healthy food such as salads and olive rice. can you recommend a cafe and send food images to me?",
                "img_gts": [],
                "turn_label": {
                    "open span: olive rice": "inform",
                    "open span: salad": "inform",
                    "open span: image": "request"
                }
            },
            "bstate": {
                "menus: dinner": "inform",
                "menus": "request",
                "open span: steak": "inform",
                "open span: soup": "inform",
                "open span: happy hour": "request",
                "img_gts: drink, steak": "inform",
                "venueaddress: 277 holland avenue (holland village) 278994 singapore": "inform",
                "venuename: fosters | an english rose cafe": "confirm",
                "reservations: yes": "inform",
                "venueneigh: central region": "inform",
                "open span: coffee": "inform",
                "open span: preference": "request",
                "open span: food": "request",
                "open span: olive rice": "inform",
                "open span: salad": "inform"
            }
        },
        {
            "turn idx": 5,
            "agent": {
                "transcript": "the lawn grill & salad cafe is the best option for you! these are some food images from the cafe!",
                "img_gts": [
                    "dish with corn",
                    "chirashi don",
                    "dish with corn"
                ],
                "dialog_act": {
                    "venuename: the lawn grill & salad cafe": "recommend",
                    "open span: image": "inform",
                    "img_gts: dish with corn, chirashi don, dish with corn": "inform"
                }
            },
            "user": {
                "transcript": "that's good! can you check if they have outdoor seating?",
                "img_gts": [],
                "turn_label": {
                    "outdoor seating": "request",
                    "venuename: the lawn grill & salad cafe": "confirm"
                }
            },
            "bstate": {
                "menus: dinner": "inform",
                "menus": "request",
                "open span: steak": "inform",
                "open span: soup": "inform",
                "open span: happy hour": "request",
                "venueaddress: 277 holland avenue (holland village) 278994 singapore": "inform",
                "reservations: yes": "inform",
                "venueneigh: central region": "inform",
                "open span: coffee": "inform",
                "open span: food": "request",
                "open span: olive rice": "inform",
                "open span: salad": "inform",
                "open span: image": "inform",
                "img_gts: dish with corn, chirashi don, dish with corn": "inform",
                "outdoor seating": "request",
                "venuename: the lawn grill & salad cafe": "confirm"
            }
        },
        {
            "turn idx": 6,
            "agent": {
                "transcript": "yes, they have outdoor seating. any other information that you need?",
                "img_gts": [],
                "dialog_act": {
                    "outdoor seating: yes": "inform",
                    "open span: other information": "request"
                }
            },
            "user": {
                "transcript": "can you also suggest a american restaurant to me?",
                "img_gts": [],
                "turn_label": {
                    "open span: american restaurant": "inform"
                }
            },
            "bstate": {
                "menus: dinner": "inform",
                "menus": "request",
                "open span: steak": "inform",
                "open span: soup": "inform",
                "open span: happy hour": "request",
                "venueaddress: 277 holland avenue (holland village) 278994 singapore": "inform",
                "reservations: yes": "inform",
                "venueneigh: central region": "inform",
                "open span: coffee": "inform",
                "open span: food": "request",
                "open span: olive rice": "inform",
                "open span: salad": "inform",
                "open span: image": "inform",
                "img_gts: dish with corn, chirashi don, dish with corn": "inform",
                "venuename: the lawn grill & salad cafe": "confirm",
                "outdoor seating: yes": "inform",
                "open span: other information": "request",
                "open span: american restaurant": "inform"
            }
        },
        {
            "turn idx": 7,
            "agent": {
                "transcript": "would you like to try erdinger beer in the restaurant?",
                "img_gts": [
                    "beer"
                ],
                "dialog_act": {
                    "drinks: beer": "inform",
                    "open span: image": "inform",
                    "img_gts: beer": "inform"
                }
            },
            "user": {
                "transcript": "sounds great! can you recommend a restaurant that serves this beer and has set meals or happy hour in the menu?",
                "img_gts": [],
                "turn_label": {
                    "menus:  happy hour": "inform",
                    "open span: set meal": "inform"
                }
            },
            "bstate": {
                "menus: dinner": "inform",
                "menus": "request",
                "open span: steak": "inform",
                "open span: soup": "inform",
                "open span: happy hour": "request",
                "venueaddress: 277 holland avenue (holland village) 278994 singapore": "inform",
                "reservations: yes": "inform",
                "venueneigh: central region": "inform",
                "open span: coffee": "inform",
                "open span: food": "request",
                "open span: olive rice": "inform",
                "open span: salad": "inform",
                "open span: image": "inform",
                "venuename: the lawn grill & salad cafe": "confirm",
                "outdoor seating: yes": "inform",
                "open span: american restaurant": "inform",
                "drinks: beer": "inform",
                "img_gts: beer": "inform",
                "menus: happy hour": "inform",
                "open span: set meal": "inform"
            }
        },
        {
            "turn idx": 8,
            "agent": {
                "transcript": "bluemist cafe bistro is the best choice for you! these are some food images from the restaurant!",
                "img_gts": [
                    "western food",
                    "western food",
                    "steak and fries"
                ],
                "dialog_act": {
                    "venuename: bluemist cafe bistro": "recommend",
                    "open span: image": "inform",
                    "img_gts: western food, western food, steak and fries": "inform"
                }
            },
            "user": {
                "transcript": "awesome! can i get address of this restaurant?",
                "img_gts": [],
                "turn_label": {
                    "venueaddress": "request"
                }
            },
            "bstate": {
                "menus: dinner": "inform",
                "menus": "request",
                "open span: steak": "inform",
                "open span: soup": "inform",
                "open span: happy hour": "request",
                "reservations: yes": "inform",
                "venueneigh: central region": "inform",
                "open span: coffee": "inform",
                "open span: food": "request",
                "open span: olive rice": "inform",
                "open span: salad": "inform",
                "open span: image": "inform",
                "outdoor seating: yes": "inform",
                "open span: american restaurant": "inform",
                "drinks: beer": "inform",
                "menus: happy hour": "inform",
                "open span: set meal": "inform",
                "venuename: bluemist cafe bistro": "recommend",
                "img_gts: western food, western food, steak and fries": "inform",
                "venueaddress": "request"
            }
        },
        {
            "turn idx": 9,
            "agent": {
                "transcript": "it is located at blk 7 tanjong pagar plaza, #01-103 165 tanjong pagar road 081007 singapore. do you need other information?",
                "img_gts": [],
                "dialog_act": {
                    "venueaddress: blk 7 tanjong pagar plaza, #01-103 165 tanjong pagar road 081007 singapore": "inform",
                    "open span: other information": "request"
                }
            },
            "user": {
                "transcript": "that's all i need. thank you!",
                "img_gts": [],
                "turn_label": {
                    "placeholder": "bye"
                }
            },
            "bstate": {
                "menus: dinner": "inform",
                "menus": "request",
                "open span: steak": "inform",
                "open span: soup": "inform",
                "open span: happy hour": "request",
                "reservations: yes": "inform",
                "venueneigh: central region": "inform",
                "open span: coffee": "inform",
                "open span: food": "request",
                "open span: olive rice": "inform",
                "open span: salad": "inform",
                "open span: image": "inform",
                "outdoor seating: yes": "inform",
                "open span: american restaurant": "inform",
                "drinks: beer": "inform",
                "menus: happy hour": "inform",
                "open span: set meal": "inform",
                "venuename: bluemist cafe bistro": "recommend",
                "img_gts: western food, western food, steak and fries": "inform",
                "venueaddress: blk 7 tanjong pagar plaza, #01-103 165 tanjong pagar road 081007 singapore": "inform",
                "open span: other information": "request"
            }
        },
        {
            "turn idx": 10,
            "agent": {
                "transcript": "you are welcome. enjoy your dinner!",
                "img_gts": [],
                "dialog_act": {
                    "placeholder": "bye"
                }
            },
            "user": {
                "transcript": "",
                "img_gts": [],
                "turn_label": {}
            },
            "bstate": {
                "menus: dinner": "inform",
                "menus": "request",
                "open span: steak": "inform",
                "open span: soup": "inform",
                "open span: happy hour": "request",
                "reservations: yes": "inform",
                "venueneigh: central region": "inform",
                "open span: coffee": "inform",
                "open span: food": "request",
                "open span: olive rice": "inform",
                "open span: salad": "inform",
                "open span: image": "inform",
                "outdoor seating: yes": "inform",
                "open span: american restaurant": "inform",
                "drinks: beer": "inform",
                "menus: happy hour": "inform",
                "open span: set meal": "inform",
                "venuename: bluemist cafe bistro": "recommend",
                "img_gts: western food, western food, steak and fries": "inform",
                "venueaddress: blk 7 tanjong pagar plaza, #01-103 165 tanjong pagar road 081007 singapore": "inform"
            }
        }
    ],
    "user rating": 4,
    "user setting": "you are seeking some advice on different types of <b>eateries</b> in the <b>central region</b> to decide where to have <b>dinner</b>. <b>**use at least three turns of question&answers to find one venue!**</b>",
    "goal": {
        "id": 1737,
        "type": "multiple",
        "modality": "multiple",
        "content": [
            {
                "imgs": [
                    "e2583b0d334cd471268915fea31244bc",
                    "09e8f1b479ed0fe5e882fe0286c1c467",
                    "96e508d7a317995905be8aeb73646c76",
                    "92d0406f98ade4f3e856eea0d93e1a3a",
                    "5f8d2aa3a5bdfd8d603d0deb01833308",
                    "5ff1c644fa5e5c5913c1aa163528271a",
                    "e66a0579c188b3416d3d3f8ee60152f8",
                    "70b8c7ceb081d5c0740c8b32aa6397a3"
                ],
                "terms": [
                    "cheese",
                    "ham",
                    "tea",
                    "brunch food",
                    "dinner",
                    "mushrooms",
                    "lunch",
                    "happy hour",
                    "scones",
                    "great value",
                    "steak",
                    "oysters",
                    "fruit drinks"
                ],
                "venueCat": [
                    "Steakhouse and Arcade"
                ],
                "venueName": "Fosters | An English Rose Cafe",
                "preference": {
                    "dinner": 2,
                    "happy hour": 1,
                    "steakhouse": 2,
                    "check reservations": 3,
                    "show soup by image": 1,
                    "show steak by image": 1
                },
                "venueNeigh": "Central Region",
                "venueScore": "average",
                "Credit Cards": "Yes",
                "Reservations": "Yes"
            },
            {
                "imgs": [
                    "722abd88b551a40f2fdbc3cc47340998",
                    "add5c9f16e8f8fa108f9fae351342579",
                    "86af76080299bde28f1b30fb50d12ac7",
                    "39f8f3e7126fcc292ed74e0f4d102181",
                    "a8b73438e06f2db160105d05319e58f2",
                    "759676142eda46048f68bbb833df0398"
                ],
                "terms": [
                    "cozy",
                    "soup shot",
                    "lunch",
                    "healthy food",
                    "quiet",
                    "olive rice",
                    "shrimp",
                    "authentic",
                    "lively",
                    "good for a quick meal",
                    "great value",
                    "clean",
                    "mushroom soup",
                    "salads",
                    "casual",
                    "friendly staff"
                ],
                "venueCat": [
                    "Salad Place and Caf\u00e9"
                ],
                "venueName": "The Lawn Grill & Salad Cafe",
                "preference": {
                    "caf\u00e9": 2,
                    "salads": 1,
                    "great value": 1,
                    "healthy food": 2,
                    "request food image": 1,
                    "check outdoor seating": 3
                },
                "venueNeigh": "Central Region",
                "venueScore": "average",
                "Dining Options": [
                    "Delivery"
                ],
                "Outdoor Seating": "Yes"
            },
            {
                "imgs": [
                    "f2f19801e1f8a1211b893661419eb45a",
                    "8c6024fa8faa754c556f3de054fc09e4",
                    "5c2aaf203cb09542a11d93aa71a1e89e",
                    "9f8751c902890deab18cbbeef656dc08",
                    "de7faa30b9a79c5ee44e53ca54105e64",
                    "a03389d86a31e46ff06db9145057702f",
                    "d2bb8b2979acbe10b106217a37978aa3",
                    "b2b84a1c62dc4418d89e9923e303cade",
                    "602a6cd2449ad8e25af90cf4d011e17f",
                    "785d1595a36384e942a3577a1d8ef587",
                    "1bff3572c4348015f91e845916ad3896",
                    "c46effa367ddeb45d472431c4535568b",
                    "23807e87a7a4a14ba1d84ef82697812e",
                    "507239510672a8a442c007d9fc12fe56"
                ],
                "Menus": [
                    "Brunch",
                    "Dinner",
                    "Happy Hour"
                ],
                "Wi-Fi": "Yes",
                "terms": [
                    "lunch",
                    "coffee",
                    "cranberry juice",
                    "set meals",
                    "erdinger",
                    "beer",
                    "soup",
                    "happy hour",
                    "lively",
                    "good for a quick meal",
                    "dinner",
                    "authentic",
                    "casual"
                ],
                "Drinks": [
                    "Beer",
                    "Full Bar",
                    "Cocktails"
                ],
                "venueCat": [
                    "American Restaurant and Bar"
                ],
                "venueName": "Bluemist Cafe Bistro",
                "preference": {
                    "bar": 2,
                    "set meals": 1,
                    "happy hour": 1,
                    "get address": 3,
                    "show beer by image": 1,
                    "American restaurant": 2
                },
                "venueNeigh": "Central Region",
                "venueScore": "average",
                "Reservations": "Yes",
                "Outdoor Seating": "Yes"
            }
        ],
        "cnv_cnt": 10,
        "user_setting": "You are seeking some advice on different types of <b>eateries</b> in the <b>Central region</b> to decide where to have <b>dinner</b>. <b>**Use at least three turns of Question&Answers to find one venue!**</b>",
        "user_location": "unknown"
    }
}