{
    "id": "6276",
    "dialogue": [
        {
            "turn idx": 0,
            "agent": {
                "transcript": "",
                "img_gts": [],
                "dialog_act": {}
            },
            "user": {
                "transcript": "hi im looking for a place to eat lunch.",
                "img_gts": [],
                "turn_label": {
                    "open span: place to eat": "inform",
                    "placeholder": "greet",
                    "menus: lunch": "inform"
                }
            },
            "bstate": {
                "open span: place to eat": "inform",
                "menus: lunch": "inform"
            }
        },
        {
            "turn idx": 1,
            "agent": {
                "transcript": "hello! i'd be glad to help. do you have a preferred location?",
                "img_gts": [],
                "dialog_act": {
                    "open span: preference": "request",
                    "open span: location": "request"
                }
            },
            "user": {
                "transcript": "somewhere in the central region.",
                "img_gts": [],
                "turn_label": {
                    "venueneigh: central region": "inform"
                }
            },
            "bstate": {
                "open span: place to eat": "inform",
                "menus: lunch": "inform",
                "open span: preference": "request",
                "open span: location": "request",
                "venueneigh: central region": "inform"
            }
        },
        {
            "turn idx": 2,
            "agent": {
                "transcript": "and do you have any specific requirements?",
                "img_gts": [],
                "dialog_act": {
                    "open span: preference": "request"
                }
            },
            "user": {
                "transcript": "i want somewhere that is good for a quick meal, has great value, and good service.",
                "img_gts": [],
                "turn_label": {
                    "open span: good for a quick meal": "inform",
                    "open span: good value": "inform",
                    "open span: good service": "inform"
                }
            },
            "bstate": {
                "open span: place to eat": "inform",
                "menus: lunch": "inform",
                "open span: location": "request",
                "venueneigh: central region": "inform",
                "open span: good for a quick meal": "inform",
                "open span: good value": "inform",
                "open span: good service": "inform"
            }
        },
        {
            "turn idx": 3,
            "agent": {
                "transcript": "i would recommend eatplaylove cafe then. you get to customise your own jewelries while getting to chill and eat at the same time.",
                "img_gts": [],
                "dialog_act": {
                    "venuename: eatplaylove cafe": "recommend",
                    "open span: jewelry": "inform",
                    "open span: chill": "inform"
                }
            },
            "user": {
                "transcript": "do they accept reservations.",
                "img_gts": [],
                "turn_label": {
                    "reservations": "request"
                }
            },
            "bstate": {
                "open span: place to eat": "inform",
                "menus: lunch": "inform",
                "open span: location": "request",
                "venueneigh: central region": "inform",
                "open span: good for a quick meal": "inform",
                "open span: good value": "inform",
                "open span: good service": "inform",
                "venuename: eatplaylove cafe": "recommend",
                "open span: jewelry": "inform",
                "open span: chill": "inform",
                "reservations": "request"
            }
        },
        {
            "turn idx": 4,
            "agent": {
                "transcript": "i'm not too sure sorry.",
                "img_gts": [],
                "dialog_act": {
                    "reservations: no": "inform"
                }
            },
            "user": {
                "transcript": "can you find one that takes reservations instead.",
                "img_gts": [],
                "turn_label": {
                    "venuename: eatplaylove cafe": "negate",
                    "reservations": "request"
                }
            },
            "bstate": {
                "open span: place to eat": "inform",
                "menus: lunch": "inform",
                "open span: location": "request",
                "venueneigh: central region": "inform",
                "open span: good for a quick meal": "inform",
                "open span: good value": "inform",
                "open span: good service": "inform",
                "open span: jewelry": "inform",
                "open span: chill": "inform",
                "reservations": "request"
            }
        },
        {
            "turn idx": 5,
            "agent": {
                "transcript": "certainly! do you have any other specific requests?",
                "img_gts": [],
                "dialog_act": {
                    "open span: specific request": "request"
                }
            },
            "user": {
                "transcript": "i want a place that sells homemade food.",
                "img_gts": [],
                "turn_label": {
                    "open span: homemade": "inform",
                    "open span: food": "inform"
                }
            },
            "bstate": {
                "open span: place to eat": "inform",
                "menus: lunch": "inform",
                "open span: location": "request",
                "venueneigh: central region": "inform",
                "open span: good for a quick meal": "inform",
                "open span: good value": "inform",
                "open span: good service": "inform",
                "open span: jewelry": "inform",
                "open span: chill": "inform",
                "reservations": "request",
                "open span: specific request": "request",
                "open span: homemade": "inform",
                "open span: food": "inform"
            }
        },
        {
            "turn idx": 6,
            "agent": {
                "transcript": "i would suggest eight cafe and bar then. you wouldn't think the same cafe would have amazing beef rendang and potato gratin, but they've pulled it off!",
                "img_gts": [],
                "dialog_act": {
                    "venuename: eight cafe and bar": "recommend",
                    "open span: beef rendang": "inform"
                }
            },
            "user": {
                "transcript": "can you show a photo of their food.",
                "img_gts": [],
                "turn_label": {
                    "open span: image": "request"
                }
            },
            "bstate": {
                "open span: place to eat": "inform",
                "menus: lunch": "inform",
                "open span: location": "request",
                "venueneigh: central region": "inform",
                "open span: good for a quick meal": "inform",
                "open span: good value": "inform",
                "open span: good service": "inform",
                "open span: jewelry": "inform",
                "open span: chill": "inform",
                "reservations": "request",
                "open span: homemade": "inform",
                "open span: food": "inform",
                "venuename: eight cafe and bar": "recommend",
                "open span: beef rendang": "inform",
                "open span: image": "request"
            }
        },
        {
            "turn idx": 7,
            "agent": {
                "transcript": "sure! here is a picture of their food.",
                "img_gts": [
                    "food"
                ],
                "dialog_act": {
                    "open span: image": "inform",
                    "img_gts: food": "inform"
                }
            },
            "user": {
                "transcript": "thanks can you give me their address and phone number.",
                "img_gts": [],
                "turn_label": {
                    "venueaddress": "request",
                    "telephone": "request"
                }
            },
            "bstate": {
                "open span: place to eat": "inform",
                "menus: lunch": "inform",
                "open span: location": "request",
                "venueneigh: central region": "inform",
                "open span: good for a quick meal": "inform",
                "open span: good value": "inform",
                "open span: good service": "inform",
                "open span: jewelry": "inform",
                "open span: chill": "inform",
                "reservations": "request",
                "open span: homemade": "inform",
                "open span: food": "inform",
                "venuename: eight cafe and bar": "recommend",
                "open span: beef rendang": "inform",
                "open span: image": "inform",
                "img_gts: food": "inform",
                "venueaddress": "request",
                "telephone": "request"
            }
        },
        {
            "turn idx": 8,
            "agent": {
                "transcript": "of course. they are located at 8 bukit pasoh road singapore 089822 and you can contact them at +65 6220 4513.",
                "img_gts": [],
                "dialog_act": {
                    "venueaddress: 8 bukit pasoh rd 089822 singapore": "inform",
                    "telephone: +65 6220 4513": "inform"
                }
            },
            "user": {
                "transcript": "thanks very much.",
                "img_gts": [],
                "turn_label": {
                    "placeholder": "bye"
                }
            },
            "bstate": {
                "open span: place to eat": "inform",
                "menus: lunch": "inform",
                "open span: location": "request",
                "venueneigh: central region": "inform",
                "open span: good for a quick meal": "inform",
                "open span: good value": "inform",
                "open span: good service": "inform",
                "open span: jewelry": "inform",
                "open span: chill": "inform",
                "reservations": "request",
                "open span: homemade": "inform",
                "open span: food": "inform",
                "venuename: eight cafe and bar": "recommend",
                "open span: beef rendang": "inform",
                "open span: image": "inform",
                "img_gts: food": "inform",
                "venueaddress: 8 bukit pasoh rd 089822 singapore": "inform",
                "telephone: +65 62204513": "inform"
            }
        },
        {
            "turn idx": 9,
            "agent": {
                "transcript": "my pleasure! hope you have a wonderful day ahead.",
                "img_gts": [],
                "dialog_act": {
                    "placeholder": "bye"
                }
            },
            "user": {
                "transcript": "",
                "img_gts": [],
                "turn_label": {}
            },
            "bstate": {
                "open span: place to eat": "inform",
                "menus: lunch": "inform",
                "open span: location": "request",
                "venueneigh: central region": "inform",
                "open span: good for a quick meal": "inform",
                "open span: good value": "inform",
                "open span: good service": "inform",
                "open span: jewelry": "inform",
                "open span: chill": "inform",
                "reservations": "request",
                "open span: homemade": "inform",
                "open span: food": "inform",
                "venuename: eight cafe and bar": "recommend",
                "open span: beef rendang": "inform",
                "open span: image": "inform",
                "img_gts: food": "inform",
                "venueaddress: 8 bukit pasoh rd 089822 singapore": "inform",
                "telephone: +65 62204513": "inform"
            }
        }
    ],
    "user rating": 3,
    "user setting": "you are in <b>central region</b>, hope to find a place that is <b>good for a quick meal</b> and of <b>great value</b>. the agent recommended <b>eatplaylove cafe</b>. but not sure whether it takes <b>reservation</b>, so recommend again. <b>**use at least three turns of question&answers to find one venue!**</b>",
    "goal": {
        "id": 1729,
        "type": "multiple",
        "modality": "multiple",
        "content": [
            {
                "imgs": [],
                "terms": [
                    "lunch",
                    "play area",
                    "arts & crafts",
                    "desserts",
                    "dinner",
                    "mango",
                    "good for a quick meal",
                    "great value",
                    "good service",
                    "nice tom yam soup",
                    "casual"
                ],
                "venueCat": [
                    "Caf\u00e9"
                ],
                "venueName": "EatPlayLove Cafe",
                "preference": {
                    "lunch": 1,
                    "great value": 1,
                    "good service": 1,
                    "Central Region": 2,
                    "check reservation": 3,
                    "good for a quick meal": 2
                },
                "venueNeigh": "Central Region",
                "venueScore": "average"
            },
            {
                "imgs": [
                    "2629917d34623f846f7a4dfe96353a29",
                    "a86ac666d670d11043e1698a556187a6",
                    "1f642de549093164a21fd6a992e22477",
                    "ad65790c2aa5856171693941d7adc3c5",
                    "0d400a4a32e0a1e3b15d2d7a65809414",
                    "bdebc529960462cfa8eb05ca5c2ad6bb",
                    "6582d8d79703b4567e4715d9ef0a7860",
                    "aba7917c0ac9e893b80ae2489351b7af",
                    "952a7a5ac7a3b21d0fcb3f43e1227eb8",
                    "61a1af4983be4c55a956688d1284f837",
                    "c26641d8e19c59a53661231b4a84a7df",
                    "3f9cce7e3f69e378798905f0841607e7",
                    "93d956e52613333a524309bad12200a4",
                    "6abf72c761714a5773e371385deb2f14",
                    "ad8c210136b88a1d1cbdc4c7f302f221",
                    "67103edd6ec6a683b482b42ee335115c",
                    "1a86a67adbfd38f504e4ac002d17ee8a",
                    "28e67e908e1742433ad85cc003776a7b",
                    "d3293718a1e75d1f94b39be6d7ac4add",
                    "36a59e96318ce7b50251e47f16998caf",
                    "9740a7836a4714da0814d56ba1ee8966",
                    "f99281b75e422a9202beeba75e4e3ccc",
                    "ff88ab3e28f7d33d0f7dcddeb7ee6a6b",
                    "3d7d64e8dbdea5bfdabf2664da452bb0",
                    "4a0043ebb29953758e1652aa97681eb5"
                ],
                "Menus": [
                    "Breakfast",
                    "Brunch",
                    "Lunch",
                    "Dinner"
                ],
                "terms": [
                    "lunch",
                    "drinks time",
                    "intimate",
                    "cheesecake",
                    "trendy",
                    "great value",
                    "homemade food",
                    "seafood",
                    "desserts",
                    "dinner",
                    "meats",
                    "good for a quick meal",
                    "caf\u00e9",
                    "crispy brown rice risotto",
                    "laksa",
                    "chicken",
                    "wine",
                    "casual",
                    "rendang",
                    "whiskey"
                ],
                "Drinks": [
                    "Wine",
                    "Cocktails"
                ],
                "venueCat": [
                    "American Restaurant"
                ],
                "venueName": "Eight Cafe and Bar",
                "preference": {
                    "homemade food": 2,
                    "takes reservation": 2,
                    "request food image": 1,
                    "get address and phone number for reservation": 3
                },
                "venueNeigh": "Central Region",
                "venueScore": "average",
                "Credit Cards": "Yes",
                "Reservations": "Yes",
                "Dining Options": [
                    "No Delivery"
                ],
                "Outdoor Seating": "Yes"
            }
        ],
        "cnv_cnt": 10,
        "user_setting": "You are in <b>Central Region</b>, hope to find a place that is <b>good for a quick meal</b> and of <b>great value</b>. The agent recommended <b>EatPlayLove Cafe</b>. But not sure whether it takes <b>reservation</b>, so recommend again. <b>**Use at least three turns of Question&Answers to find one venue!**</b>",
        "user_location": "Central Region"
    }
}