{
    "id": "6299",
    "dialogue": [
        {
            "turn idx": 0,
            "agent": {
                "transcript": "",
                "img_gts": [],
                "dialog_act": {}
            },
            "user": {
                "transcript": "hi, i am looking for a japanese restaurant to eat at. could you help me find one?",
                "img_gts": [],
                "turn_label": {
                    "open span: japanese restaurant": "inform",
                    "placeholder": "greet"
                }
            },
            "bstate": {
                "open span: japanese restaurant": "inform"
            }
        },
        {
            "turn idx": 1,
            "agent": {
                "transcript": "sure, what kind of japanese restaurant are you looking for?",
                "img_gts": [],
                "dialog_act": {
                    "open span: japanese restaurant": "inform"
                }
            },
            "user": {
                "transcript": "i am looking for somewhere to have some healthy food for lunch.",
                "img_gts": [],
                "turn_label": {
                    "menus: lunch": "inform"
                }
            },
            "bstate": {
                "open span: japanese restaurant": "inform",
                "menus: lunch": "inform"
            }
        },
        {
            "turn idx": 2,
            "agent": {
                "transcript": "is there anything else you would like?",
                "img_gts": [],
                "dialog_act": {
                    "open span: anything else": "request"
                }
            },
            "user": {
                "transcript": "i don't have more preferences but i would like to get some recommendations for food.",
                "img_gts": [],
                "turn_label": {
                    "open span: recommendation": "request",
                    "open span: food": "inform"
                }
            },
            "bstate": {
                "open span: japanese restaurant": "inform",
                "menus: lunch": "inform",
                "open span: anything else": "request",
                "open span: recommendation": "request",
                "open span: food": "inform"
            }
        },
        {
            "turn idx": 3,
            "agent": {
                "transcript": "you can try going to koji sushi bar. i would recommend trying the authentic chirashi there.",
                "img_gts": [],
                "dialog_act": {
                    "venuename: koji sushi bar": "recommend",
                    "open span: chirashi": "recommend"
                }
            },
            "user": {
                "transcript": "could i get a picture of the chirashi? and could i also check if they take reservations?",
                "img_gts": [],
                "turn_label": {
                    "reservations": "request",
                    "open span: image": "request",
                    "open span: chirashi": "inform"
                }
            },
            "bstate": {
                "open span: japanese restaurant": "inform",
                "menus: lunch": "inform",
                "open span: food": "inform",
                "venuename: koji sushi bar": "recommend",
                "open span: chirashi": "inform",
                "reservations": "request",
                "open span: image": "request"
            }
        },
        {
            "turn idx": 4,
            "agent": {
                "transcript": "sure, this is a picture of the chirashi. however, the restaurant doesn't take reservations.",
                "img_gts": [
                    "japanese don"
                ],
                "dialog_act": {
                    "reservations: no": "inform",
                    "open span: image": "inform",
                    "open span: chirashi": "inform",
                    "img_gts: japanese don": "inform"
                }
            },
            "user": {
                "transcript": "okay, is it possible to find another place that takes reservations and also serves chirashi? i would also like to go somewhere that has a good venue score and food at great value.",
                "img_gts": [],
                "turn_label": {
                    "reservations: yes": "inform",
                    "open span: chirashi": "inform",
                    "venuename: koji sushi bar": "negate",
                    "venuescore: good": "inform"
                }
            },
            "bstate": {
                "open span: japanese restaurant": "inform",
                "menus: lunch": "inform",
                "open span: food": "inform",
                "open span: chirashi": "inform",
                "open span: image": "inform",
                "img_gts: japanese don": "inform",
                "reservations: yes": "inform",
                "venuescore: good": "inform"
            }
        },
        {
            "turn idx": 5,
            "agent": {
                "transcript": "you can try going to teppei japanese restaurant instead.",
                "img_gts": [],
                "dialog_act": {
                    "venuename: teppei japanese restaurant": "recommend"
                }
            },
            "user": {
                "transcript": "do you have their address and phone number? and do you happen to have pictures of the chirashi there?",
                "img_gts": [],
                "turn_label": {
                    "venueaddress": "request",
                    "telephone": "request",
                    "open span: picture": "request",
                    "open span: chirashi": "inform"
                }
            },
            "bstate": {
                "open span: japanese restaurant": "inform",
                "menus: lunch": "inform",
                "open span: food": "inform",
                "open span: chirashi": "inform",
                "open span: image": "inform",
                "img_gts: japanese don": "inform",
                "reservations: yes": "inform",
                "venuescore: good": "inform",
                "venuename: teppei japanese restaurant": "recommend",
                "venueaddress": "request",
                "telephone": "request",
                "open span: picture": "request"
            }
        },
        {
            "turn idx": 6,
            "agent": {
                "transcript": "yes, their address is #01-18, orchid hotel (1 tras link) 078867 singapore and their phone number is +65 6222 7363. and here is a picture of the chirashi.",
                "img_gts": [
                    "japanese don"
                ],
                "dialog_act": {
                    "venueaddress: #01-18, orchid hotel (1 tras link) 078867 singapore": "inform",
                    "telephone: +65 6222 7363": "inform",
                    "open span: picture": "inform",
                    "open span: chirashi": "inform",
                    "img_gts: japanese don": "inform"
                }
            },
            "user": {
                "transcript": "okay, great!",
                "img_gts": [],
                "turn_label": {
                    "venuename: teppei japanese restaurant": "confirm"
                }
            },
            "bstate": {
                "open span: japanese restaurant": "inform",
                "menus: lunch": "inform",
                "open span: food": "inform",
                "open span: chirashi": "inform",
                "open span: image": "inform",
                "reservations: yes": "inform",
                "venuescore: good": "inform",
                "open span: picture": "inform",
                "venueaddress: #01-18, orchid hotel (1 tras link) 078867 singapore": "inform",
                "telephone: +65 62227363": "inform",
                "img_gts: japanese don": "inform",
                "venuename: teppei japanese restaurant": "confirm"
            }
        },
        {
            "turn idx": 7,
            "agent": {
                "transcript": "is there anything else i can help with?",
                "img_gts": [],
                "dialog_act": {
                    "open span: anything else": "request"
                }
            },
            "user": {
                "transcript": "nope, thank you!",
                "img_gts": [],
                "turn_label": {
                    "placeholder": "bye"
                }
            },
            "bstate": {
                "open span: japanese restaurant": "inform",
                "menus: lunch": "inform",
                "open span: food": "inform",
                "open span: chirashi": "inform",
                "open span: image": "inform",
                "reservations: yes": "inform",
                "venuescore: good": "inform",
                "open span: picture": "inform",
                "venueaddress: #01-18, orchid hotel (1 tras link) 078867 singapore": "inform",
                "telephone: +65 62227363": "inform",
                "img_gts: japanese don": "inform",
                "venuename: teppei japanese restaurant": "confirm",
                "open span: anything else": "request"
            }
        },
        {
            "turn idx": 8,
            "agent": {
                "transcript": "i hope you like the chirashi!",
                "img_gts": [],
                "dialog_act": {
                    "placeholder": "bye"
                }
            },
            "user": {
                "transcript": "",
                "img_gts": [],
                "turn_label": {}
            },
            "bstate": {
                "open span: japanese restaurant": "inform",
                "menus: lunch": "inform",
                "open span: food": "inform",
                "open span: chirashi": "inform",
                "open span: image": "inform",
                "reservations: yes": "inform",
                "venuescore: good": "inform",
                "open span: picture": "inform",
                "venueaddress: #01-18, orchid hotel (1 tras link) 078867 singapore": "inform",
                "telephone: +65 62227363": "inform",
                "img_gts: japanese don": "inform",
                "venuename: teppei japanese restaurant": "confirm"
            }
        }
    ],
    "user rating": 5,
    "user setting": "you are looking for a <b>japanese restaurant</b> for <b>lunch</b>. the recommended one <b>koji sushi bar</b> does not take <b>reservation</b>, so recommend again. <b>**use at least three turns of question&answers to find one venue!**</b>",
    "goal": {
        "id": 1749,
        "type": "multiple",
        "modality": "multiple",
        "content": [
            {
                "imgs": [
                    "ab20a0f2a0cf28e20494d46259b6e96b",
                    "aaec99d24b0a54da0083c5845062a1a0",
                    "0ce42fcb33670c7112cd92d331d4b5d5",
                    "f64eeb2308fbc1ff59701d0d55674576",
                    "34d181f4835fd6d57f0c8cf163475510",
                    "a1cf1aab94d935b19ac59a1ad81ffba6",
                    "0b3d9bbc32ef6c5dff80ff61df02a899",
                    "f4965b822994cdd7655f768e7b444a73",
                    "f4965b822994cdd7655f768e7b444a73"
                ],
                "Menus": [
                    "Lunch",
                    "Dinner"
                ],
                "terms": [
                    "lunch",
                    "healthy food",
                    "tofu",
                    "dinner",
                    "sashimi",
                    "salmon",
                    "rice bowls",
                    "century egg",
                    "chirashi",
                    "trendy",
                    "authentic",
                    "casual",
                    "avocado"
                ],
                "venueCat": [
                    "Japanese Restaurant and Sushi Restaurant"
                ],
                "venueName": "Koji Sushi Bar",
                "preference": {
                    "lunch": 1,
                    "healthy food": 1,
                    "check reservation": 3,
                    "Japanese Restaurant": 2,
                    "request chirashi image": 1,
                    "recommend authentic chirashi": 2
                },
                "venueNeigh": "Central Region",
                "venueScore": "average",
                "Reservations": "No",
                "Dining Options": [
                    "No Delivery"
                ],
                "Outdoor Seating": "Yes"
            },
            {
                "imgs": [
                    "1e0257124fe51d2503eefc0f858bc312",
                    "de8946e9f1d0050a6958b3e21e94521d",
                    "d3b9a39c47c23f15c9b47c3201a23a96",
                    "bba43ef51b2af009a60a162ae0430745",
                    "2c37cf09079c06a45a0bb21bef449073",
                    "e8187210640da56bf92fa71e93b54564"
                ],
                "Menus": [
                    "Lunch",
                    "Dinner"
                ],
                "terms": [
                    "cozy",
                    "Japanese food",
                    "tempura",
                    "healthy food",
                    "omakase",
                    "daily specials",
                    "sashimi",
                    "tuna belly",
                    "spicy food",
                    "dinner",
                    "books",
                    "chirashi",
                    "barachirashi",
                    "great value",
                    "trendy",
                    "pickles",
                    "good for groups",
                    "authentic",
                    "casual",
                    "lively"
                ],
                "venueCat": [
                    "Japanese Restaurant and Sushi Restaurant"
                ],
                "venueName": "Teppei Japanese Restaurant",
                "preference": {
                    "great value": 1,
                    "good venue score": 1,
                    "take reservation": 2,
                    "also serve chirashi": 2,
                    "request chirashi by image": 1,
                    "get address and phone number for reservation": 3
                },
                "venueNeigh": "Central Region",
                "venueScore": "good",
                "Credit Cards": "Yes",
                "Reservations": "Yes",
                "Dining Options": [
                    "No Delivery"
                ],
                "Outdoor Seating": "No"
            }
        ],
        "cnv_cnt": 10,
        "user_setting": "You are looking for a <b>Japanese Restaurant</b> for <b>lunch</b>. The recommended one <b>Koji Sushi Bar</b> does not take <b>reservation</b>, so recommend again. <b>**Use at least three turns of Question&Answers to find one venue!**</b>",
        "user_location": "unknown"
    }
}