{
    "id": "6313",
    "dialogue": [
        {
            "turn idx": 0,
            "agent": {
                "transcript": "hi, how may i help you?",
                "img_gts": [],
                "dialog_act": {
                    "placeholder": "greet"
                }
            },
            "user": {
                "transcript": "hi, i am looking for a place to get some rest, can you give me a recommendation?",
                "img_gts": [],
                "turn_label": {
                    "open span: rest": "inform",
                    "open span: recommendation": "request",
                    "placeholder": "greet"
                }
            },
            "bstate": {
                "open span: rest": "inform",
                "open span: recommendation": "request"
            }
        },
        {
            "turn idx": 1,
            "agent": {
                "transcript": "i see, what kind of venues do you usually prefer to rest at?",
                "img_gts": [],
                "dialog_act": {
                    "open span: place": "inform"
                }
            },
            "user": {
                "transcript": "hm, i usually like going to coffee shops.",
                "img_gts": [],
                "turn_label": {
                    "open span: coffee mall": "inform"
                }
            },
            "bstate": {
                "open span: rest": "inform",
                "open span: place": "inform",
                "open span: coffee mall": "inform"
            }
        },
        {
            "turn idx": 2,
            "agent": {
                "transcript": "i see, and where would you prefer to go?",
                "img_gts": [],
                "dialog_act": {
                    "venueneigh": "request"
                }
            },
            "user": {
                "transcript": "i would prefer somewhere in the central region!",
                "img_gts": [],
                "turn_label": {
                    "venueneigh: central region": "inform"
                }
            },
            "bstate": {
                "open span: rest": "inform",
                "open span: place": "inform",
                "open span: coffee mall": "inform",
                "venueneigh: central region": "inform"
            }
        },
        {
            "turn idx": 3,
            "agent": {
                "transcript": "i see, i recommend going to highlander coffee. it is a coffee shop located in the central region and the staff are friendly and knowledgeable!",
                "img_gts": [],
                "dialog_act": {
                    "venuename: highlander coffee": "recommend",
                    "venueneigh: central region": "inform",
                    "open span: coffee mall": "inform"
                }
            },
            "user": {
                "transcript": "i see, can i check the venue score?",
                "img_gts": [],
                "turn_label": {
                    "venuescore": "request"
                }
            },
            "bstate": {
                "open span: rest": "inform",
                "open span: place": "inform",
                "open span: coffee mall": "inform",
                "venuename: highlander coffee": "recommend",
                "venueneigh: central region": "inform",
                "venuescore": "request"
            }
        },
        {
            "turn idx": 4,
            "agent": {
                "transcript": "the venue score is average.",
                "img_gts": [],
                "dialog_act": {
                    "venuescore: average": "inform"
                }
            },
            "user": {
                "transcript": "oh, i would prefer somewhere with a better venue score, can i get another recommendation?",
                "img_gts": [],
                "turn_label": {
                    "venuescore: better": "inform",
                    "open span: recommendation": "request",
                    "venuename: highlander coffee": "negate"
                }
            },
            "bstate": {
                "open span: rest": "inform",
                "open span: place": "inform",
                "open span: coffee mall": "inform",
                "venueneigh: central region": "inform",
                "venuescore: better": "inform",
                "open span: recommendation": "request"
            }
        },
        {
            "turn idx": 5,
            "agent": {
                "transcript": "okay sure, what kind of coffee shops do you like?",
                "img_gts": [],
                "dialog_act": {
                    "open span: coffee mall": "inform"
                }
            },
            "user": {
                "transcript": "i would prefer if it is quiet.",
                "img_gts": [],
                "turn_label": {
                    "open span: quiet": "inform"
                }
            },
            "bstate": {
                "open span: rest": "inform",
                "open span: place": "inform",
                "open span: coffee mall": "inform",
                "venueneigh: central region": "inform",
                "venuescore: better": "inform",
                "open span: quiet": "inform"
            }
        },
        {
            "turn idx": 6,
            "agent": {
                "transcript": "i see, is there anything else you prefer?",
                "img_gts": [],
                "dialog_act": {
                    "open span: anything else": "request"
                }
            },
            "user": {
                "transcript": "i would also prefer if the items are sold at a great value.",
                "img_gts": [],
                "turn_label": {
                    "venuename: highlander coffee": "confirm"
                }
            },
            "bstate": {
                "open span: rest": "inform",
                "open span: place": "inform",
                "open span: coffee mall": "inform",
                "venueneigh: central region": "inform",
                "venuescore: better": "inform",
                "open span: quiet": "inform",
                "open span: anything else": "request",
                "venuename: highlander coffee": "confirm"
            }
        },
        {
            "turn idx": 7,
            "agent": {
                "transcript": "okay, i recommend going to nylon coffee roasters. it is a cozy and quiet coffee shop! it also has a good venue score and the items are priced at a great value!",
                "img_gts": [],
                "dialog_act": {
                    "venuename: nylon coffee roasters": "recommend",
                    "open span: coffee mall": "inform",
                    "open span: cozy": "inform",
                    "open span: quiet": "inform",
                    "venuescore: good": "inform"
                }
            },
            "user": {
                "transcript": "sounds great! can i get some suggestions?",
                "img_gts": [],
                "turn_label": {
                    "open span: recommendation": "request",
                    "venuename: nylon coffee roasters": "confirm"
                }
            },
            "bstate": {
                "open span: rest": "inform",
                "open span: place": "inform",
                "open span: coffee mall": "inform",
                "venueneigh: central region": "inform",
                "open span: quiet": "inform",
                "open span: cozy": "inform",
                "venuescore: good": "inform",
                "open span: recommendation": "request",
                "venuename: nylon coffee roasters": "confirm"
            }
        },
        {
            "turn idx": 8,
            "agent": {
                "transcript": "i recommend trying the colombia los angeles, it is perfect for espressos and has tastings notes of sultanas, dark cherries and hazelnut, and perfect if you like nutty and fruity coffee beans!",
                "img_gts": [],
                "dialog_act": {
                    "open span: espresso": "inform"
                }
            },
            "user": {
                "transcript": "wow, that sounds delicious! can i get the address?",
                "img_gts": [],
                "turn_label": {
                    "venueaddress": "request"
                }
            },
            "bstate": {
                "open span: rest": "inform",
                "open span: place": "inform",
                "open span: coffee mall": "inform",
                "venueneigh: central region": "inform",
                "open span: quiet": "inform",
                "open span: cozy": "inform",
                "venuescore: good": "inform",
                "venuename: nylon coffee roasters": "confirm",
                "open span: espresso": "inform",
                "venueaddress": "request"
            }
        },
        {
            "turn idx": 9,
            "agent": {
                "transcript": "the address is block 4 everton park, #01-40, singapore 080004.",
                "img_gts": [],
                "dialog_act": {
                    "venueaddress: 4 everton park (#01-40) 080004 singapore": "inform"
                }
            },
            "user": {
                "transcript": "ok thanks for all your help!",
                "img_gts": [],
                "turn_label": {
                    "placeholder": "bye"
                }
            },
            "bstate": {
                "open span: rest": "inform",
                "open span: place": "inform",
                "open span: coffee mall": "inform",
                "venueneigh: central region": "inform",
                "open span: quiet": "inform",
                "open span: cozy": "inform",
                "venuescore: good": "inform",
                "venuename: nylon coffee roasters": "confirm",
                "open span: espresso": "inform",
                "venueaddress: 4 everton park (#01-40) 080004 singapore": "inform"
            }
        },
        {
            "turn idx": 10,
            "agent": {
                "transcript": "no problem!",
                "img_gts": [],
                "dialog_act": {
                    "placeholder": "bye"
                }
            },
            "user": {
                "transcript": "",
                "img_gts": [],
                "turn_label": {}
            },
            "bstate": {
                "open span: rest": "inform",
                "open span: place": "inform",
                "open span: coffee mall": "inform",
                "venueneigh: central region": "inform",
                "open span: quiet": "inform",
                "open span: cozy": "inform",
                "venuescore: good": "inform",
                "venuename: nylon coffee roasters": "confirm",
                "open span: espresso": "inform",
                "venueaddress: 4 everton park (#01-40) 080004 singapore": "inform"
            }
        }
    ],
    "user rating": 5,
    "user setting": "you are finding a <b>coffee shop</b> for some rest. the agnet recommended <b>highlander coffee</b> but you need one with <b>good venue score</b>. <b>**use at least three turns of question&answers to find one venue!**</b>",
    "goal": {
        "id": 1735,
        "type": "multiple",
        "modality": "multiple",
        "content": [
            {
                "imgs": [
                    "30ea5be1385f371651f81a64d0b0ae1f",
                    "c8d92c877cb6603b3f2089d06271db01",
                    "76c3e3a4f0ec493402e8963f4f44c702",
                    "6a115aed5b389178d39b2056b35aa2ea",
                    "5bc006b6417a99dcf99297608a56fa7b",
                    "dbbe9540f257186ad6bb701dc9537614",
                    "4f221de2d37865d6e1b345efe64894f6",
                    "161f2f1890ef266e4f883136c5c044dc",
                    "2b0ef3b92aadfa3dd4b30098a5ec3bbe",
                    "85ffc453e91f87c8a6731560cda6d424",
                    "858d7cd0f8288b6ca092984eb9ddd63b",
                    "4e5c9d0a990cbe6de27b8fe8d5382aea",
                    "cdc1dced504489a0cc058325b5fbc738"
                ],
                "Wi-Fi": "No",
                "terms": [
                    "coffee",
                    "authentic",
                    "lattes",
                    "friendly staff",
                    "House Blend",
                    "hazelnut",
                    "green beans",
                    "caramel",
                    "sandwiches",
                    "good for a quick meal",
                    "good for working",
                    "trendy",
                    "chicken wraps",
                    "biscuits",
                    "casual"
                ],
                "venueCat": [
                    "Coffee Shop"
                ],
                "venueName": "Highlander Coffee",
                "preference": {
                    "Coffee Shop": 2,
                    "Central Region": 2,
                    "friendly staff": 1,
                    "check venue score": 3,
                    "recommend lattes by image": 1
                },
                "venueNeigh": "Central Region",
                "venueScore": "average",
                "Credit Cards": "Yes"
            },
            {
                "imgs": [
                    "dd4a8b1cecc4b49dcc7e7ef86d1bbd5d",
                    "245984eccdafa73aba7e79c4726a5b87",
                    "223f67698d6bc8ac2edf158f5103d3bc",
                    "aad6e1fc184cde5a0c6a0e9d9c674d70",
                    "7daf2588a50fd09462db29b4b8d3d122",
                    "6506cfc44ae7122499f477350e95c799",
                    "dc71fa0c1518bea06d0efe17d6698e62",
                    "20cab3aca6745c8bfe434274c45f3ca0",
                    "27f873f8083b5bd73764d2982fd2ccd5",
                    "af09d437c7f68bd7f462b1c08008c8a7",
                    "a7ac11fe3fead7dedc5caa7ff4eba99e",
                    "8706c7fd60b9094d3689a2b8c9f37750",
                    "e430e7903942719e7152a1113af4d702",
                    "a38a844bf843a3db5df7e0b48deed758"
                ],
                "Wi-Fi": "No",
                "terms": [
                    "coffee",
                    "milk",
                    "cozy",
                    "great value",
                    "espresso",
                    "quiet",
                    "friendly staff",
                    "local spots",
                    "breezy",
                    "family-friendly",
                    "hipster",
                    "lively",
                    "dog-friendly",
                    "caf\u00e9",
                    "trendy",
                    "clean",
                    "hidden gem",
                    "authentic",
                    "casual",
                    "good for singles"
                ],
                "venueCat": [
                    "Coffee Shop"
                ],
                "venueName": "Nylon Coffee Roasters",
                "preference": {
                    "cozy": 1,
                    "quiet": 1,
                    "great value": 2,
                    "good venue score": 2,
                    "request lattes image": 1,
                    "get address and suggestions": 3
                },
                "venueNeigh": "Central Region",
                "venueScore": "good",
                "Credit Cards": "No",
                "Outdoor Seating": "No"
            }
        ],
        "cnv_cnt": 10,
        "user_setting": "You are finding a <b>Coffee Shop</b> for some rest. The agnet recommended <b>Highlander Coffee</b> but you need one with <b>good venue score</b>. <b>**Use at least three turns of Question&Answers to find one venue!**</b>",
        "user_location": "Central Region"
    }
}