{
    "id": "6466",
    "dialogue": [
        {
            "turn idx": 0,
            "agent": {
                "transcript": "",
                "img_gts": [],
                "dialog_act": {}
            },
            "user": {
                "transcript": "hi, i am looking for a trendy place in chinatown to have some drinks like cider or the craft beer in this picture.",
                "img_gts": [
                    "beer"
                ],
                "turn_label": {
                    "venueneigh: chinatown": "inform",
                    "open span: trendy": "inform",
                    "open span: cider": "inform",
                    "open span: image": "inform",
                    "placeholder": "greet",
                    "img_gts: beer": "inform",
                    "drinks: beer": "inform"
                }
            },
            "bstate": {
                "venueneigh: chinatown": "inform",
                "open span: trendy": "inform",
                "open span: cider": "inform",
                "open span: image": "inform",
                "img_gts: beer": "inform",
                "drinks: beer": "inform"
            }
        },
        {
            "turn idx": 1,
            "agent": {
                "transcript": "you can try going to freehouse.",
                "img_gts": [],
                "dialog_act": {
                    "venuename: freehouse": "recommend"
                }
            },
            "user": {
                "transcript": "could i get the venue score of this place and check if they take reservations?",
                "img_gts": [],
                "turn_label": {
                    "venuescore": "request",
                    "reservations": "request"
                }
            },
            "bstate": {
                "venueneigh: chinatown": "inform",
                "open span: trendy": "inform",
                "open span: cider": "inform",
                "open span: image": "inform",
                "img_gts: beer": "inform",
                "drinks: beer": "inform",
                "venuename: freehouse": "recommend",
                "venuescore": "request",
                "reservations": "request"
            }
        },
        {
            "turn idx": 2,
            "agent": {
                "transcript": "sure, the venue score is 8.6/10 and they do take reservations.",
                "img_gts": [],
                "dialog_act": {
                    "venuescore: 8.6/10": "inform",
                    "reservations: yes": "inform"
                }
            },
            "user": {
                "transcript": "okay! i am also looking for somewhere for brunch tomorrow too. could you help me find a place to go to?",
                "img_gts": [],
                "turn_label": {
                    "menus: brunch": "inform",
                    "venuename: freehouse": "confirm"
                }
            },
            "bstate": {
                "venueneigh: chinatown": "inform",
                "open span: trendy": "inform",
                "open span: cider": "inform",
                "open span: image": "inform",
                "img_gts: beer": "inform",
                "drinks: beer": "inform",
                "venuescore: 8.6/10": "inform",
                "reservations: yes": "inform",
                "menus: brunch": "inform",
                "venuename: freehouse": "confirm"
            }
        },
        {
            "turn idx": 3,
            "agent": {
                "transcript": "okay, what kind of place are you looking for?",
                "img_gts": [],
                "dialog_act": {}
            },
            "user": {
                "transcript": "i am looking for somewhere cozy and with outdoor seating.",
                "img_gts": [],
                "turn_label": {
                    "outdoor seating: yes": "inform",
                    "open span: cozy": "inform"
                }
            },
            "bstate": {
                "venueneigh: chinatown": "inform",
                "open span: trendy": "inform",
                "open span: cider": "inform",
                "open span: image": "inform",
                "img_gts: beer": "inform",
                "drinks: beer": "inform",
                "venuescore: 8.6/10": "inform",
                "reservations: yes": "inform",
                "menus: brunch": "inform",
                "venuename: freehouse": "confirm",
                "outdoor seating: yes": "inform",
                "open span: cozy": "inform"
            }
        },
        {
            "turn idx": 4,
            "agent": {
                "transcript": "is there anything else you would like?",
                "img_gts": [],
                "dialog_act": {
                    "open span: anything else": "request"
                }
            },
            "user": {
                "transcript": "i would like to get some coffee like in this picture too.",
                "img_gts": [
                    "beer"
                ],
                "turn_label": {
                    "open span: coffee": "inform",
                    "open span: image": "inform",
                    "img_gts: beer": "inform"
                }
            },
            "bstate": {
                "venueneigh: chinatown": "inform",
                "open span: trendy": "inform",
                "open span: cider": "inform",
                "open span: image": "inform",
                "drinks: beer": "inform",
                "venuescore: 8.6/10": "inform",
                "reservations: yes": "inform",
                "menus: brunch": "inform",
                "venuename: freehouse": "confirm",
                "outdoor seating: yes": "inform",
                "open span: cozy": "inform",
                "open span: anything else": "request",
                "open span: coffee": "inform",
                "img_gts: beer": "inform"
            }
        },
        {
            "turn idx": 5,
            "agent": {
                "transcript": "you can try going to free the robot.",
                "img_gts": [],
                "dialog_act": {
                    "wi-fi: yes": "inform",
                    "venuename: free the robot": "recommend"
                }
            },
            "user": {
                "transcript": "do you know the opening hours of the place and could i get the address of it? also, do you have any recommendations for food?",
                "img_gts": [],
                "turn_label": {
                    "venueaddress": "request",
                    "open span: opening hour": "request",
                    "open span: recommendation": "request"
                }
            },
            "bstate": {
                "venueneigh: chinatown": "inform",
                "open span: trendy": "inform",
                "open span: cider": "inform",
                "open span: image": "inform",
                "drinks: beer": "inform",
                "venuescore: 8.6/10": "inform",
                "reservations: yes": "inform",
                "menus: brunch": "inform",
                "outdoor seating: yes": "inform",
                "open span: cozy": "inform",
                "open span: coffee": "inform",
                "img_gts: beer": "inform",
                "wi-fi: yes": "inform",
                "venuename: free the robot": "recommend",
                "venueaddress": "request",
                "open span: opening hour": "request",
                "open span: recommendation": "request"
            }
        },
        {
            "turn idx": 6,
            "agent": {
                "transcript": "yes, the opening hours are tue\u2013sat, 8:30 am\u20134:30 pm and the address is 118 telok ayer street singapore. i would recommend some food like in this picture.",
                "img_gts": [
                    "rice meal"
                ],
                "dialog_act": {
                    "venueaddress: 118 telok ayer street singapore": "inform",
                    "open span: image": "inform",
                    "open span: food": "inform",
                    "img_gts: rice meal": "inform"
                }
            },
            "user": {
                "transcript": "okay, great!",
                "img_gts": [],
                "turn_label": {
                    "venuename: free the robot": "confirm"
                }
            },
            "bstate": {
                "venueneigh: chinatown": "inform",
                "open span: trendy": "inform",
                "open span: cider": "inform",
                "open span: image": "inform",
                "drinks: beer": "inform",
                "venuescore: 8.6/10": "inform",
                "reservations: yes": "inform",
                "menus: brunch": "inform",
                "outdoor seating: yes": "inform",
                "open span: cozy": "inform",
                "open span: coffee": "inform",
                "wi-fi: yes": "inform",
                "open span: opening hour": "request",
                "venueaddress: 118 telok ayer street singapore": "inform",
                "open span: food": "inform",
                "img_gts: rice meal": "inform",
                "venuename: free the robot": "confirm"
            }
        },
        {
            "turn idx": 7,
            "agent": {
                "transcript": "is there anything else i can help with?",
                "img_gts": [],
                "dialog_act": {
                    "open span: anything else": "request"
                }
            },
            "user": {
                "transcript": "nope, thank you!",
                "img_gts": [],
                "turn_label": {
                    "placeholder": "bye",
                    "open span: anything else": "negate"
                }
            },
            "bstate": {
                "venueneigh: chinatown": "inform",
                "open span: trendy": "inform",
                "open span: cider": "inform",
                "open span: image": "inform",
                "drinks: beer": "inform",
                "venuescore: 8.6/10": "inform",
                "reservations: yes": "inform",
                "menus: brunch": "inform",
                "outdoor seating: yes": "inform",
                "open span: cozy": "inform",
                "open span: coffee": "inform",
                "wi-fi: yes": "inform",
                "open span: opening hour": "request",
                "venueaddress: 118 telok ayer street singapore": "inform",
                "open span: food": "inform",
                "img_gts: rice meal": "inform",
                "venuename: free the robot": "confirm"
            }
        }
    ],
    "user rating": 5,
    "user setting": "you are looking for a place to have some <b>drinks</b> at night in <b>chinatown</b> where you are staying. you also want to find a place for <b>brunch</b> the next day. <b>**use at least three turns of question&answers to find one venue!**</b>",
    "goal": {
        "id": 1764,
        "type": "multiple",
        "modality": "multiple",
        "content": [
            {
                "imgs": [
                    "45241d0d900e292bbf1650a9b25b499a",
                    "98fdc7cfa9dbf46515046d32871ab517",
                    "c37cf27425be17be64f4b7044c54a4c9",
                    "36dd80a9282955a5d23b4cd9a9ea1d71",
                    "38baa3f6e14ecac998026da696fbea5c",
                    "2d2d5fa24bcdd4a339d480bd706a6576",
                    "664ee2dd8d48c2cecaee00d91886e1bc",
                    "614dba9ad4915400c7a5c5d2cfe29aee",
                    "e5823d9e6d5b694b5dfbf97046770402",
                    "cee37521cb318b3036100996cbf84fdd"
                ],
                "terms": [
                    "kiwi",
                    "craft beer",
                    "cider",
                    "casual",
                    "trendy",
                    "good for groups"
                ],
                "venueCat": [
                    "Beer Garden"
                ],
                "venueName": "Freehouse",
                "preference": {
                    "cider": 1,
                    "trendy": 1,
                    "Chinatown": 2,
                    "craft beer": 2,
                    "search venue by image": 1,
                    "check reservations and venue score": 3
                },
                "venueNeigh": "Chinatown",
                "venueScore": "good",
                "Credit Cards": "Yes",
                "Reservations": "Yes"
            },
            {
                "imgs": [
                    "c58237123d87701337a6250b42f6e70a",
                    "29bd3954e8084ef371492292de532049",
                    "43823aa22ce0529e05930070481dd7c2",
                    "81bd0748c1c7aa9b616a20bce6804382",
                    "96b3d48699c602c1673625f09c405d54",
                    "77ed23aa121401da2590372ed9bcf1ba",
                    "49b93e2ef6ff551b0b192dc04276f3a8",
                    "2a86f3017b195bc56c3afdc85aec4eb5"
                ],
                "Menus": [
                    "Brunch",
                    "Lunch"
                ],
                "Wi-Fi": "Yes",
                "terms": [
                    "cute",
                    "coffee",
                    "meats",
                    "scrambled eggs",
                    "good for dates",
                    "healthy food",
                    "vanilla",
                    "crowded",
                    "friendly staff",
                    "breakfast food",
                    "lunch",
                    "hipster",
                    "lively",
                    "good for working",
                    "stylish",
                    "comfortable",
                    "toasties",
                    "cozy"
                ],
                "Drinks": [
                    "Full Bar",
                    "Cocktails"
                ],
                "venueCat": [
                    "Caf\u00e9"
                ],
                "venueName": "Free the Robot",
                "preference": {
                    "cozy": 2,
                    "brunch": 1,
                    "outdoor seating": 2,
                    "show coffee by image": 1,
                    "recommend food by image": 1,
                    "get address and check opening hours": 3
                },
                "venueNeigh": "Chinatown",
                "venueScore": "average",
                "Reservations": "Yes",
                "Dining Options": [
                    "No Delivery"
                ],
                "Outdoor Seating": "Yes"
            }
        ],
        "cnv_cnt": 10,
        "user_setting": "You are looking for a place to have some <b>drinks</b> at night in <b>Chinatown</b> where you are staying. You also want to find a place for <b>brunch</b> the next day. <b>**Use at least three turns of Question&Answers to find one venue!**</b>",
        "user_location": "Chinatown"
    }
}