{
    "id": "6485",
    "dialogue": [
        {
            "turn idx": 0,
            "agent": {
                "transcript": "",
                "img_gts": [],
                "dialog_act": {}
            },
            "user": {
                "transcript": "hi, i am planning a date and would like to find somewhere that serves french food. could you help me find a place to go to?",
                "img_gts": [],
                "turn_label": {
                    "open span: french food": "inform",
                    "placeholder": "greet"
                }
            },
            "bstate": {
                "open span: french food": "inform"
            }
        },
        {
            "turn idx": 1,
            "agent": {
                "transcript": "sure, what kind of place are you looking for?",
                "img_gts": [],
                "dialog_act": {}
            },
            "user": {
                "transcript": "i am looking for somewhere with a dinner menu and i would prefer if it is a french restaurant.",
                "img_gts": [],
                "turn_label": {
                    "menus:  dinner": "inform"
                }
            },
            "bstate": {
                "open span: french food": "inform",
                "menus: dinner": "inform"
            }
        },
        {
            "turn idx": 2,
            "agent": {
                "transcript": "is there anything else you would like?",
                "img_gts": [],
                "dialog_act": {
                    "open span: anything else": "request"
                }
            },
            "user": {
                "transcript": "i would to find somewhere in the chinatown area and it would be nice if the place is good for special occasions.",
                "img_gts": [],
                "turn_label": {
                    "venueneigh: chinatown": "inform",
                    "open span: good for special occasion": "inform"
                }
            },
            "bstate": {
                "open span: french food": "inform",
                "menus: dinner": "inform",
                "open span: anything else": "request",
                "venueneigh: chinatown": "inform",
                "open span: good for special occasion": "inform"
            }
        },
        {
            "turn idx": 3,
            "agent": {
                "transcript": "you can try going to le carillon de l'angelus. someone has said: this is one of the best kept secrets in singapore, they have a great champagne selection and one the best cold cuts and cheese platters in town. here is a picture of the cheese there.",
                "img_gts": [
                    "dessert"
                ],
                "dialog_act": {
                    "venuename": "request",
                    "open span: image": "inform",
                    "open span: cheese": "inform",
                    "img_gts: dessert": "inform"
                }
            },
            "user": {
                "transcript": "could i get their phone number and address?",
                "img_gts": [],
                "turn_label": {
                    "telephone": "request",
                    "venueaddress": "request"
                }
            },
            "bstate": {
                "open span: french food": "inform",
                "menus: dinner": "inform",
                "venueneigh: chinatown": "inform",
                "open span: good for special occasion": "inform",
                "venuename": "request",
                "open span: image": "inform",
                "open span: cheese": "inform",
                "img_gts: dessert": "inform",
                "telephone": "request",
                "venueaddress": "request"
            }
        },
        {
            "turn idx": 4,
            "agent": {
                "transcript": "sure, their phone number is +65 6423 0353 and their address is 22 ann siang road 069704 singapore.",
                "img_gts": [],
                "dialog_act": {
                    "telephone: +65 6423 0353": "inform",
                    "venueaddress: 22 ann siang road 069704 singapore": "inform"
                }
            },
            "user": {
                "transcript": "okay! i am also looking for another bar to go to to have some wine after dinner. do you know somewhere we can go?",
                "img_gts": [],
                "turn_label": {
                    "open span: bar": "inform",
                    "drinks: wine": "inform"
                }
            },
            "bstate": {
                "open span: french food": "inform",
                "menus: dinner": "inform",
                "venueneigh: chinatown": "inform",
                "open span: good for special occasion": "inform",
                "venuename": "request",
                "open span: image": "inform",
                "open span: cheese": "inform",
                "img_gts: dessert": "inform",
                "telephone: +65 64230353": "inform",
                "venueaddress: 22 ann siang road 069704 singapore": "inform",
                "open span: bar": "inform",
                "drinks: wine": "inform"
            }
        },
        {
            "turn idx": 5,
            "agent": {
                "transcript": "can you tell me more about the kind of place you're looking for?",
                "img_gts": [],
                "dialog_act": {}
            },
            "user": {
                "transcript": "i am looking for somewhere romantic and good for dates.",
                "img_gts": [],
                "turn_label": {
                    "open span: good for date": "inform",
                    "open span: romantic": "inform"
                }
            },
            "bstate": {
                "open span: french food": "inform",
                "menus: dinner": "inform",
                "venueneigh: chinatown": "inform",
                "open span: good for special occasion": "inform",
                "venuename": "request",
                "open span: image": "inform",
                "open span: cheese": "inform",
                "img_gts: dessert": "inform",
                "telephone: +65 64230353": "inform",
                "venueaddress: 22 ann siang road 069704 singapore": "inform",
                "open span: bar": "inform",
                "drinks: wine": "inform",
                "open span: good for date": "inform",
                "open span: romantic": "inform"
            }
        },
        {
            "turn idx": 6,
            "agent": {
                "transcript": "is there anything else you would like?",
                "img_gts": [],
                "dialog_act": {
                    "open span: anything else": "request"
                }
            },
            "user": {
                "transcript": "i would like if the place has an excellent venue score and a big liquor collection.",
                "img_gts": [],
                "turn_label": {
                    "open span: liquor collection": "inform",
                    "venuescore: excellent": "inform"
                }
            },
            "bstate": {
                "open span: french food": "inform",
                "menus: dinner": "inform",
                "venueneigh: chinatown": "inform",
                "open span: good for special occasion": "inform",
                "venuename": "request",
                "open span: image": "inform",
                "open span: cheese": "inform",
                "img_gts: dessert": "inform",
                "telephone: +65 64230353": "inform",
                "venueaddress: 22 ann siang road 069704 singapore": "inform",
                "open span: bar": "inform",
                "drinks: wine": "inform",
                "open span: good for date": "inform",
                "open span: romantic": "inform",
                "open span: anything else": "request",
                "open span: liquor collection": "inform",
                "venuescore: excellent": "inform"
            }
        },
        {
            "turn idx": 7,
            "agent": {
                "transcript": "you can try going to napoleon food & wine bar. they have a liquor collection like in this picture.",
                "img_gts": [
                    "bar interior"
                ],
                "dialog_act": {
                    "drinks: wine": "inform",
                    "drinks:  full bar": "inform",
                    "venuename: napoleon food & wine bar": "recommend",
                    "open span: image": "inform",
                    "open span: liquor collection": "inform",
                    "img_gts: bar interior": "inform"
                }
            },
            "user": {
                "transcript": "do they accept credit cards there? and do you have any tips about the place?",
                "img_gts": [],
                "turn_label": {
                    "credit cards": "request",
                    "venuename: napoleon food & wine bar": "confirm",
                    "open span: tip or suggestion": "request"
                }
            },
            "bstate": {
                "open span: french food": "inform",
                "menus: dinner": "inform",
                "venueneigh: chinatown": "inform",
                "open span: good for special occasion": "inform",
                "open span: image": "inform",
                "open span: cheese": "inform",
                "telephone: +65 64230353": "inform",
                "venueaddress: 22 ann siang road 069704 singapore": "inform",
                "open span: bar": "inform",
                "drinks: wine": "inform",
                "open span: good for date": "inform",
                "open span: romantic": "inform",
                "open span: liquor collection": "inform",
                "venuescore: excellent": "inform",
                "drinks: full bar": "inform",
                "img_gts: bar interior": "inform",
                "credit cards": "request",
                "venuename: napoleon food & wine bar": "confirm",
                "open span: tip or suggestion": "request"
            }
        },
        {
            "turn idx": 8,
            "agent": {
                "transcript": "yes, they accept credit cards. and someone has said: the staff was great. easy order from ipad & charging ports for your phone. my risotto taste like it came out of a box. but the wine & champagne selections are notable. great place for a drink.",
                "img_gts": [],
                "dialog_act": {
                    "credit cards: yes (incl. american express & mastercard)": "inform",
                    "drinks: wine": "inform",
                    "credit cards: yes": "inform"
                }
            },
            "user": {
                "transcript": "okay, great!",
                "img_gts": [],
                "turn_label": {}
            },
            "bstate": {
                "open span: french food": "inform",
                "menus: dinner": "inform",
                "venueneigh: chinatown": "inform",
                "open span: good for special occasion": "inform",
                "open span: image": "inform",
                "open span: cheese": "inform",
                "telephone: +65 64230353": "inform",
                "venueaddress: 22 ann siang road 069704 singapore": "inform",
                "open span: bar": "inform",
                "drinks: wine": "inform",
                "open span: good for date": "inform",
                "open span: romantic": "inform",
                "open span: liquor collection": "inform",
                "venuescore: excellent": "inform",
                "drinks: full bar": "inform",
                "img_gts: bar interior": "inform",
                "venuename: napoleon food & wine bar": "confirm",
                "credit cards: yes": "inform"
            }
        },
        {
            "turn idx": 9,
            "agent": {
                "transcript": "is there anything else i can help with?",
                "img_gts": [],
                "dialog_act": {
                    "open span: anything else": "request"
                }
            },
            "user": {
                "transcript": "nope, thank you!",
                "img_gts": [],
                "turn_label": {
                    "placeholder": "bye",
                    "open span: anything else": "negate"
                }
            },
            "bstate": {
                "open span: french food": "inform",
                "menus: dinner": "inform",
                "venueneigh: chinatown": "inform",
                "open span: good for special occasion": "inform",
                "open span: image": "inform",
                "open span: cheese": "inform",
                "telephone: +65 64230353": "inform",
                "venueaddress: 22 ann siang road 069704 singapore": "inform",
                "open span: bar": "inform",
                "drinks: wine": "inform",
                "open span: good for date": "inform",
                "open span: romantic": "inform",
                "open span: liquor collection": "inform",
                "venuescore: excellent": "inform",
                "drinks: full bar": "inform",
                "img_gts: bar interior": "inform",
                "venuename: napoleon food & wine bar": "confirm",
                "credit cards: yes": "inform"
            }
        }
    ],
    "user rating": 5,
    "user setting": "you are looking for a <b>french restaurant</b> for <b>dinner</b> in <b>chinatown</b> with your date. then, you are hoping to go to a place <b>nearby</b> to drink some <b>wine</b> later. <b>**use at least three turns of question&answers to find one venue!**</b>",
    "goal": {
        "id": 1759,
        "type": "multiple",
        "modality": "multiple",
        "content": [
            {
                "imgs": [
                    "9baa855ad9716c7d467151035e9b184c",
                    "fe8ee7ea891a932d028b82a186ed24ec",
                    "8adf79c81a9981b6d2a058551cb7c3ff",
                    "133ad8362e9a78e3296eade2e7f4eb68",
                    "f8bb785e4c0d52d83efc6ff73e0e0673",
                    "c6c2abb92e157961e887f817831005c3",
                    "104af5c2ba9a69a4f8b3f560855ede8c"
                ],
                "Menus": [
                    "Brunch",
                    "Lunch",
                    "Dinner",
                    "Dessert",
                    "Happy Hour"
                ],
                "Wi-Fi": "Free",
                "terms": [
                    "charcuterie",
                    "pork",
                    "good for business meetings",
                    "cheese plates",
                    "cornichons",
                    "French food",
                    "desserts",
                    "good for special occasions",
                    "tuna",
                    "wine"
                ],
                "Drinks": [
                    "Wine"
                ],
                "venueCat": [
                    "French Restaurant and Wine Bar"
                ],
                "venueName": "Le Carillon de l'Angelus",
                "preference": {
                    "dinner": 1,
                    "Chinatown": 2,
                    "French food": 1,
                    "French restaurant": 2,
                    "show food image to user": 1,
                    "get address and phone number": 3
                },
                "venueNeigh": "Chinatown",
                "venueScore": "average",
                "Credit Cards": "Yes",
                "Outdoor Seating": "Yes"
            },
            {
                "imgs": [
                    "b7bc4b39a4bb8afaef3b195f8d7217bf",
                    "34aa3f1eaa1a311dbe873283d43dc656",
                    "58c230c33d875e15199f07d7718a9e79",
                    "c9c9c4a83b7bb9470affb50bbff3b810",
                    "4819e8e433d5055ee05fabaa261f903a",
                    "882de8e6739e37c42db5de322e195422"
                ],
                "Menus": [
                    "Brunch",
                    "Lunch",
                    "Dinner",
                    "Dessert",
                    "Happy Hour"
                ],
                "Wi-Fi": "Free",
                "terms": [
                    "toast",
                    "cheese plates",
                    "vegetarian food",
                    "cozy",
                    "good for dates",
                    "lobster soup",
                    "tapas",
                    "good for special occasions",
                    "fancy",
                    "cocktails",
                    "bone marrow",
                    "lively",
                    "healthy food",
                    "trendy",
                    "chocolate desserts",
                    "good for a late night",
                    "authentic",
                    "casual",
                    "romantic",
                    "wine"
                ],
                "Drinks": [
                    "Wine",
                    "Full Bar",
                    "Cocktails"
                ],
                "venueCat": [
                    "Wine Bar"
                ],
                "venueName": "Napoleon Food & Wine Bar",
                "preference": {
                    "wine": 2,
                    "romantic": 1,
                    "good for dates": 2,
                    "excellent venue score": 1,
                    "show liquor collection image": 1,
                    "check credit cards and get tips or suggestions or things to take note of": 3
                },
                "venueNeigh": "Chinatown",
                "venueScore": "excellent",
                "Credit Cards": "Yes",
                "Reservations": "Yes",
                "Outdoor Seating": "Yes"
            }
        ],
        "cnv_cnt": 10,
        "user_setting": "You are looking for a <b>French restaurant</b> for <b>dinner</b> in <b>Chinatown</b> with your date. Then, you are hoping to go to a place <b>nearby</b> to drink some <b>wine</b> later. <b>**Use at least three turns of Question&Answers to find one venue!**</b>",
        "user_location": "Chinatown"
    }
}