{
    "id": "6535",
    "dialogue": [
        {
            "turn idx": 0,
            "agent": {
                "transcript": "",
                "img_gts": [],
                "dialog_act": {}
            },
            "user": {
                "transcript": "hi, i am looking for a place to have some european food for dinner and would like to find 2 different places to compare. could you help me with this?",
                "img_gts": [],
                "turn_label": {
                    "open span: place": "inform",
                    "open span: european food": "inform",
                    "menus:  dinner": "inform",
                    "venuename": "request",
                    "placeholder": "greet"
                }
            },
            "bstate": {
                "open span: place": "inform",
                "open span: european food": "inform",
                "menus: dinner": "inform",
                "venuename": "request"
            }
        },
        {
            "turn idx": 1,
            "agent": {
                "transcript": "sure, what kinds of places are you looking for?",
                "img_gts": [],
                "dialog_act": {
                    "open span: type": "request"
                }
            },
            "user": {
                "transcript": "the first place i am thinking of going to is somewhere that has italian food and is good for dates.",
                "img_gts": [],
                "turn_label": {
                    "open span: place": "inform",
                    "open span: italian food": "inform",
                    "open span: good for date": "inform"
                }
            },
            "bstate": {
                "open span: place": "inform",
                "open span: european food": "inform",
                "menus: dinner": "inform",
                "venuename": "request",
                "open span: type": "request",
                "open span: italian food": "inform",
                "open span: good for date": "inform"
            }
        },
        {
            "turn idx": 2,
            "agent": {
                "transcript": "is there anything else you would like about the place?",
                "img_gts": [],
                "dialog_act": {
                    "open span: anything else": "request"
                }
            },
            "user": {
                "transcript": "i would like if the place has some food like parma ham, truffles and crab.",
                "img_gts": [],
                "turn_label": {
                    "open span: place": "inform",
                    "open span: food": "inform",
                    "open span: crab": "inform",
                    "open span: truffle": "inform",
                    "open span: parma ham": "inform"
                }
            },
            "bstate": {
                "open span: place": "inform",
                "open span: european food": "inform",
                "menus: dinner": "inform",
                "venuename": "request",
                "open span: italian food": "inform",
                "open span: good for date": "inform",
                "open span: anything else": "request",
                "open span: food": "inform",
                "open span: crab": "inform",
                "open span: truffle": "inform",
                "open span: parma ham": "inform"
            }
        },
        {
            "turn idx": 3,
            "agent": {
                "transcript": "you can try going to latteria mozzarella bar. someone has said: we enjoyed great service, delicious food and generous portions. the array of mozzarella on offer to start should not be missed, especially the burrata. save some room for a sensational tiramisu!",
                "img_gts": [],
                "dialog_act": {
                    "venuename: latteria mozzarella bar": "recommend",
                    "open span: great service": "inform",
                    "open span: delicious food": "inform",
                    "open span: generous portion": "inform",
                    "open span: mozzarella": "inform",
                    "open span: burrata": "inform",
                    "open span: tiramisu": "inform",
                    "open span: room": "inform",
                    "open span: sensational": "inform"
                }
            },
            "user": {
                "transcript": "is there anything there you would recommend?",
                "img_gts": [],
                "turn_label": {
                    "open span: anything": "request"
                }
            },
            "bstate": {
                "open span: place": "inform",
                "open span: european food": "inform",
                "menus: dinner": "inform",
                "open span: italian food": "inform",
                "open span: good for date": "inform",
                "open span: food": "inform",
                "open span: crab": "inform",
                "open span: truffle": "inform",
                "open span: parma ham": "inform",
                "venuename: latteria mozzarella bar": "recommend",
                "open span: great service": "inform",
                "open span: delicious food": "inform",
                "open span: generous portion": "inform",
                "open span: mozzarella": "inform",
                "open span: burrata": "inform",
                "open span: tiramisu": "inform",
                "open span: room": "inform",
                "open span: sensational": "inform",
                "open span: anything": "request"
            }
        },
        {
            "turn idx": 4,
            "agent": {
                "transcript": "i would recommend the mozzarella like in this picture.",
                "img_gts": [
                    "fastfood"
                ],
                "dialog_act": {
                    "open span: picture": "inform",
                    "open span: mozzarella": "recommend",
                    "img_gts: fastfood": "inform"
                }
            },
            "user": {
                "transcript": "could i also find out if the restaurant has outdoor seating and if they take reservations?",
                "img_gts": [],
                "turn_label": {
                    "open span: restaurant": "inform",
                    "outdoor seating: yes": "request",
                    "reservations: yes": "request"
                }
            },
            "bstate": {
                "open span: place": "inform",
                "open span: european food": "inform",
                "menus: dinner": "inform",
                "open span: italian food": "inform",
                "open span: good for date": "inform",
                "open span: food": "inform",
                "open span: crab": "inform",
                "open span: truffle": "inform",
                "open span: parma ham": "inform",
                "venuename: latteria mozzarella bar": "recommend",
                "open span: great service": "inform",
                "open span: delicious food": "inform",
                "open span: generous portion": "inform",
                "open span: mozzarella": "recommend",
                "open span: burrata": "inform",
                "open span: tiramisu": "inform",
                "open span: room": "inform",
                "open span: sensational": "inform",
                "open span: picture": "inform",
                "img_gts: fastfood": "inform",
                "open span: restaurant": "inform",
                "outdoor seating: yes": "request",
                "reservations: yes": "request"
            }
        },
        {
            "turn idx": 5,
            "agent": {
                "transcript": "sure, they do have outdoor seating and they also take reservations.",
                "img_gts": [],
                "dialog_act": {
                    "outdoor seating: yes": "inform",
                    "reservations: yes": "inform"
                }
            },
            "user": {
                "transcript": "okay! the other place that i am considering for dinner would be somewhere romantic with french food.",
                "img_gts": [],
                "turn_label": {
                    "open span: place": "inform",
                    "menus: dinner": "inform",
                    "open span: romantic": "inform",
                    "open span: french food": "inform",
                    "venuename: latteria mozzarella bar": "confirm"
                }
            },
            "bstate": {
                "open span: place": "inform",
                "open span: european food": "inform",
                "menus: dinner": "inform",
                "open span: italian food": "inform",
                "open span: good for date": "inform",
                "open span: food": "inform",
                "open span: crab": "inform",
                "open span: truffle": "inform",
                "open span: parma ham": "inform",
                "open span: great service": "inform",
                "open span: delicious food": "inform",
                "open span: generous portion": "inform",
                "open span: mozzarella": "recommend",
                "open span: burrata": "inform",
                "open span: tiramisu": "inform",
                "open span: room": "inform",
                "open span: sensational": "inform",
                "open span: picture": "inform",
                "img_gts: fastfood": "inform",
                "open span: restaurant": "inform",
                "outdoor seating: yes": "inform",
                "reservations: yes": "inform",
                "open span: romantic": "inform",
                "open span: french food": "inform",
                "venuename: latteria mozzarella bar": "confirm"
            }
        },
        {
            "turn idx": 6,
            "agent": {
                "transcript": "do you have any other preferences?",
                "img_gts": [],
                "dialog_act": {
                    "open span: preference": "request",
                    "open span: any other": "request"
                }
            },
            "user": {
                "transcript": "i would prefer if the place has good service and food like steak.",
                "img_gts": [],
                "turn_label": {
                    "open span: good service": "inform",
                    "open span: steak": "inform"
                }
            },
            "bstate": {
                "open span: place": "inform",
                "open span: european food": "inform",
                "menus: dinner": "inform",
                "open span: italian food": "inform",
                "open span: good for date": "inform",
                "open span: food": "inform",
                "open span: crab": "inform",
                "open span: truffle": "inform",
                "open span: parma ham": "inform",
                "open span: great service": "inform",
                "open span: delicious food": "inform",
                "open span: generous portion": "inform",
                "open span: mozzarella": "recommend",
                "open span: burrata": "inform",
                "open span: tiramisu": "inform",
                "open span: room": "inform",
                "open span: sensational": "inform",
                "open span: picture": "inform",
                "img_gts: fastfood": "inform",
                "open span: restaurant": "inform",
                "outdoor seating: yes": "inform",
                "reservations: yes": "inform",
                "open span: romantic": "inform",
                "open span: french food": "inform",
                "venuename: latteria mozzarella bar": "confirm",
                "open span: preference": "request",
                "open span: any other": "request",
                "open span: good service": "inform",
                "open span: steak": "inform"
            }
        },
        {
            "turn idx": 7,
            "agent": {
                "transcript": "you can try going to les bouchons to try their steak and fries like in this picture. someone has said: order the steak. it's the best in the house.",
                "img_gts": [
                    "steak and fries"
                ],
                "dialog_act": {
                    "venuename: les bouchons": "recommend",
                    "open span: steak": "inform",
                    "open span: fries": "inform",
                    "open span: picture": "inform",
                    "open span: best": "inform",
                    "img_gts: steak and fries": "inform"
                }
            },
            "user": {
                "transcript": "would you happen to know what the menu options are?",
                "img_gts": [],
                "turn_label": {
                    "menus": "request"
                }
            },
            "bstate": {
                "open span: place": "inform",
                "open span: european food": "inform",
                "menus: dinner": "inform",
                "open span: italian food": "inform",
                "open span: good for date": "inform",
                "open span: food": "inform",
                "open span: crab": "inform",
                "open span: truffle": "inform",
                "open span: parma ham": "inform",
                "open span: great service": "inform",
                "open span: delicious food": "inform",
                "open span: generous portion": "inform",
                "open span: mozzarella": "recommend",
                "open span: burrata": "inform",
                "open span: tiramisu": "inform",
                "open span: room": "inform",
                "open span: sensational": "inform",
                "open span: picture": "inform",
                "open span: restaurant": "inform",
                "outdoor seating: yes": "inform",
                "reservations: yes": "inform",
                "open span: romantic": "inform",
                "open span: french food": "inform",
                "open span: good service": "inform",
                "open span: steak": "inform",
                "venuename: les bouchons": "recommend",
                "open span: fries": "inform",
                "open span: best": "inform",
                "img_gts: steak and fries": "inform",
                "menus": "request"
            }
        },
        {
            "turn idx": 8,
            "agent": {
                "transcript": "they have lunch, dinner and dessert there.",
                "img_gts": [],
                "dialog_act": {
                    "menus: lunch": "inform",
                    "menus:  dinner": "inform",
                    "menus:  dessert": "inform"
                }
            },
            "user": {
                "transcript": "could i also get the address of the restaurant?",
                "img_gts": [],
                "turn_label": {
                    "venueaddress": "request"
                }
            },
            "bstate": {
                "open span: place": "inform",
                "open span: european food": "inform",
                "menus: dinner": "inform",
                "open span: italian food": "inform",
                "open span: good for date": "inform",
                "open span: food": "inform",
                "open span: crab": "inform",
                "open span: truffle": "inform",
                "open span: parma ham": "inform",
                "open span: great service": "inform",
                "open span: delicious food": "inform",
                "open span: generous portion": "inform",
                "open span: mozzarella": "recommend",
                "open span: burrata": "inform",
                "open span: tiramisu": "inform",
                "open span: room": "inform",
                "open span: sensational": "inform",
                "open span: picture": "inform",
                "open span: restaurant": "inform",
                "outdoor seating: yes": "inform",
                "reservations: yes": "inform",
                "open span: romantic": "inform",
                "open span: french food": "inform",
                "open span: good service": "inform",
                "open span: steak": "inform",
                "venuename: les bouchons": "recommend",
                "open span: fries": "inform",
                "open span: best": "inform",
                "img_gts: steak and fries": "inform",
                "menus": "request",
                "menus: lunch": "inform",
                "menus: dessert": "inform",
                "venueaddress": "request"
            }
        },
        {
            "turn idx": 9,
            "agent": {
                "transcript": "sure, it is 7 ann siang road 069689 singapore.",
                "img_gts": [],
                "dialog_act": {
                    "venueaddress: 7 ann siang road 069689 singapore": "inform"
                }
            },
            "user": {
                "transcript": "okay, great!",
                "img_gts": [],
                "turn_label": {
                    "venuename: les bouchons": "confirm"
                }
            },
            "bstate": {
                "open span: place": "inform",
                "open span: european food": "inform",
                "menus: dinner": "inform",
                "open span: italian food": "inform",
                "open span: good for date": "inform",
                "open span: food": "inform",
                "open span: crab": "inform",
                "open span: truffle": "inform",
                "open span: parma ham": "inform",
                "open span: great service": "inform",
                "open span: delicious food": "inform",
                "open span: generous portion": "inform",
                "open span: mozzarella": "recommend",
                "open span: burrata": "inform",
                "open span: tiramisu": "inform",
                "open span: room": "inform",
                "open span: sensational": "inform",
                "open span: picture": "inform",
                "open span: restaurant": "inform",
                "outdoor seating: yes": "inform",
                "reservations: yes": "inform",
                "open span: romantic": "inform",
                "open span: french food": "inform",
                "open span: good service": "inform",
                "open span: steak": "inform",
                "open span: fries": "inform",
                "open span: best": "inform",
                "img_gts: steak and fries": "inform",
                "menus": "request",
                "menus: lunch": "inform",
                "menus: dessert": "inform",
                "venueaddress: 7 ann siang road 069689 singapore": "inform",
                "venuename: les bouchons": "confirm"
            }
        },
        {
            "turn idx": 10,
            "agent": {
                "transcript": "is there anything else you need?",
                "img_gts": [],
                "dialog_act": {
                    "open span: anything else": "request"
                }
            },
            "user": {
                "transcript": "nope, thank you for the help with the information!",
                "img_gts": [],
                "turn_label": {
                    "placeholder": "bye"
                }
            },
            "bstate": {
                "open span: place": "inform",
                "open span: european food": "inform",
                "menus: dinner": "inform",
                "open span: italian food": "inform",
                "open span: good for date": "inform",
                "open span: food": "inform",
                "open span: crab": "inform",
                "open span: truffle": "inform",
                "open span: parma ham": "inform",
                "open span: great service": "inform",
                "open span: delicious food": "inform",
                "open span: generous portion": "inform",
                "open span: mozzarella": "recommend",
                "open span: burrata": "inform",
                "open span: tiramisu": "inform",
                "open span: room": "inform",
                "open span: sensational": "inform",
                "open span: picture": "inform",
                "open span: restaurant": "inform",
                "outdoor seating: yes": "inform",
                "reservations: yes": "inform",
                "open span: romantic": "inform",
                "open span: french food": "inform",
                "open span: good service": "inform",
                "open span: steak": "inform",
                "open span: fries": "inform",
                "open span: best": "inform",
                "img_gts: steak and fries": "inform",
                "menus": "request",
                "menus: lunch": "inform",
                "menus: dessert": "inform",
                "venueaddress: 7 ann siang road 069689 singapore": "inform",
                "venuename: les bouchons": "confirm",
                "open span: anything else": "request"
            }
        },
        {
            "turn idx": 11,
            "agent": {
                "transcript": "enjoy your dinner!",
                "img_gts": [],
                "dialog_act": {
                    "placeholder": "bye"
                }
            },
            "user": {
                "transcript": "",
                "img_gts": [],
                "turn_label": {}
            },
            "bstate": {
                "open span: place": "inform",
                "open span: european food": "inform",
                "menus: dinner": "inform",
                "open span: italian food": "inform",
                "open span: good for date": "inform",
                "open span: food": "inform",
                "open span: crab": "inform",
                "open span: truffle": "inform",
                "open span: parma ham": "inform",
                "open span: great service": "inform",
                "open span: delicious food": "inform",
                "open span: generous portion": "inform",
                "open span: mozzarella": "recommend",
                "open span: burrata": "inform",
                "open span: tiramisu": "inform",
                "open span: room": "inform",
                "open span: sensational": "inform",
                "open span: picture": "inform",
                "open span: restaurant": "inform",
                "outdoor seating: yes": "inform",
                "reservations: yes": "inform",
                "open span: romantic": "inform",
                "open span: french food": "inform",
                "open span: good service": "inform",
                "open span: steak": "inform",
                "open span: fries": "inform",
                "open span: best": "inform",
                "img_gts: steak and fries": "inform",
                "menus": "request",
                "menus: lunch": "inform",
                "menus: dessert": "inform",
                "venueaddress: 7 ann siang road 069689 singapore": "inform",
                "venuename: les bouchons": "confirm"
            }
        }
    ],
    "user rating": 5,
    "user setting": "you are planning a date and looking for a place to have some <b>european food</b> for <b>dinner</b>. agent recommends 2 restaurants with different cuisines for comparison. <b>**use at least three turns of question&answers to find one venue!**</b>",
    "goal": {
        "id": 1757,
        "type": "multiple",
        "modality": "multiple",
        "content": [
            {
                "imgs": [
                    "cd103a487cb4f7a21e0bd9d02c524851",
                    "59ead6ea9b8591392ebdbf78a7cefc5b",
                    "a8c44900f27af474e5d675388e37197a",
                    "48a6c6e46b8e1bc93a8916976adf288b",
                    "19be23b0ea3b2aff0368c03bb4c4907f",
                    "207134b2247c97f3eb16e373da713f32",
                    "a1928090536fdd20dd06157f59437794",
                    "46bfdf3eae2fad2efef0e89e3292cfc6",
                    "9246a435015d613cd35109f1cbf371aa"
                ],
                "Menus": [
                    "Brunch",
                    "Lunch",
                    "Dinner"
                ],
                "Wi-Fi": "Yes",
                "terms": [
                    "truffles",
                    "cozy",
                    "crab",
                    "Parma ham",
                    "romantic",
                    "good for dates",
                    "salmon",
                    "seafood",
                    "brunch food",
                    "pasta",
                    "trendy",
                    "big portions",
                    "good for special occasions",
                    "outdoor seating",
                    "penne",
                    "Italian food",
                    "pumpkin",
                    "authentic",
                    "mozzarella",
                    "wine"
                ],
                "Drinks": [
                    "Wine",
                    "Full Bar"
                ],
                "venueCat": [
                    "Italian Restaurant and Gastropub"
                ],
                "venueName": "Latteria Mozzarella Bar",
                "preference": {
                    "dinner": 2,
                    "Parma ham": 1,
                    "Italian food": 2,
                    "good for dates": 1,
                    "recommend mozzarella by image": 1,
                    "check reservations and outdoor seating": 3
                },
                "venueNeigh": "Chinatown",
                "venueScore": "average",
                "Credit Cards": "Yes",
                "Reservations": "Yes",
                "Outdoor Seating": "Yes"
            },
            {
                "imgs": [
                    "6f453d8c3ce9f2aea3ad850c83d5e4ec",
                    "820f36aef50d5bd2827f5a87972a2de7",
                    "defae1ca67da2870920a7fa8b5caf8ce",
                    "cff1be43d5edd30c855e679baf0ba4e0",
                    "9afd83a103c9e3d788f5195e9ddeeaf4",
                    "54a97b35d5aa967902c2d302a8144058",
                    "427efb631453444001edea8130521865",
                    "6c4192a242b68dd7fc35e3651091205a",
                    "623eeb56bff8225c39c215e8d329aaa7",
                    "73738eebac352940075c99924c25a3d4",
                    "9b3568cca67eb727dad82faa6aed04e8",
                    "f13e29a0c33f0c3e8ff4cfcd96620c84",
                    "8bb66f9efcf5df4abc9874502789a8b1",
                    "1082e45681c4b4dd8f0c21c113d3fe6f"
                ],
                "Menus": [
                    "Lunch",
                    "Dinner",
                    "Dessert"
                ],
                "Wi-Fi": "Yes",
                "terms": [
                    "romantic",
                    "good for dates",
                    "french fries",
                    "French food",
                    "lunch",
                    "big portions",
                    "books",
                    "creme caramel",
                    "good for special occasions",
                    "takes reservations",
                    "couscous",
                    "dinner",
                    "good service",
                    "steak",
                    "chips",
                    "wine"
                ],
                "venueCat": [
                    "French Restaurant and Steakhouse"
                ],
                "venueName": "Les Bouchons",
                "preference": {
                    "dinner": 1,
                    "romantic": 2,
                    "French food": 2,
                    "good service": 1,
                    "get address and check menu options": 3,
                    "show steak and french fries by image": 1
                },
                "venueNeigh": "Chinatown",
                "venueScore": "average",
                "Credit Cards": "Yes",
                "Reservations": "Yes",
                "Dining Options": [
                    "Delivery"
                ],
                "Outdoor Seating": "Yes"
            }
        ],
        "cnv_cnt": 10,
        "user_setting": "You are planning a date and looking for a place to have some <b>European food</b> for <b>dinner</b>. Agent recommends 2 restaurants with different cuisines for comparison. <b>**Use at least three turns of Question&Answers to find one venue!**</b>",
        "user_location": "unknown"
    }
}