{
    "id": "6574",
    "dialogue": [
        {
            "turn idx": 0,
            "agent": {
                "transcript": "",
                "img_gts": [],
                "dialog_act": {}
            },
            "user": {
                "transcript": "hi, i am looking for a park with space for different activities to go to. could you help me find one?",
                "img_gts": [],
                "turn_label": {
                    "open span: park": "inform",
                    "open span: activity": "inform",
                    "placeholder": "greet"
                }
            },
            "bstate": {
                "open span: park": "inform",
                "open span: activity": "inform"
            }
        },
        {
            "turn idx": 1,
            "agent": {
                "transcript": "sure, what kind of activities are you thinking of doing there?",
                "img_gts": [],
                "dialog_act": {
                    "open span: activity": "inform"
                }
            },
            "user": {
                "transcript": "i am thinking of going to a playground, doing some roller blading and playing some soccer.",
                "img_gts": [],
                "turn_label": {
                    "open span: roller blading": "inform",
                    "open span: playground": "inform"
                }
            },
            "bstate": {
                "open span: park": "inform",
                "open span: activity": "inform",
                "open span: roller blading": "inform",
                "open span: playground": "inform"
            }
        },
        {
            "turn idx": 2,
            "agent": {
                "transcript": "okay, is there anything else you would like about the place?",
                "img_gts": [],
                "dialog_act": {
                    "open span: anything else": "request"
                }
            },
            "user": {
                "transcript": "i would like to find somewhere in tampines and i also have this picture that might help.",
                "img_gts": [
                    "scenic view"
                ],
                "turn_label": {
                    "venueneigh: tampines": "inform",
                    "open span: image": "inform",
                    "img_gts: scenic view": "inform"
                }
            },
            "bstate": {
                "open span: park": "inform",
                "open span: activity": "inform",
                "open span: roller blading": "inform",
                "open span: playground": "inform",
                "open span: anything else": "request",
                "venueneigh: tampines": "inform",
                "open span: image": "inform",
                "img_gts: scenic view": "inform"
            }
        },
        {
            "turn idx": 3,
            "agent": {
                "transcript": "tampines central park should be just the place you're looking for. someone has said: one of the more outstanding structures here are the iconic fruit-themed playgrounds. bringing back fond childhood memories for many.",
                "img_gts": [],
                "dialog_act": {
                    "venueneigh: tampines": "inform",
                    "venuename: tampines central park": "recommend"
                }
            },
            "user": {
                "transcript": "do you know what the address of the park is?",
                "img_gts": [],
                "turn_label": {
                    "venueaddress": "request"
                }
            },
            "bstate": {
                "open span: park": "inform",
                "open span: activity": "inform",
                "open span: roller blading": "inform",
                "open span: playground": "inform",
                "open span: image": "inform",
                "img_gts: scenic view": "inform",
                "venueneigh: tampines": "inform",
                "venuename: tampines central park": "recommend",
                "venueaddress": "request"
            }
        },
        {
            "turn idx": 4,
            "agent": {
                "transcript": "yes, it is tampines st 83 (tampines avenue 5) singapore.",
                "img_gts": [],
                "dialog_act": {
                    "venueneigh: tampines": "inform",
                    "venueaddress: tampines st 83 (tampines avenue 5) singapore": "inform"
                }
            },
            "user": {
                "transcript": "okay! i am also looking for a restaurant to eat at too. do you think you could help me find a place that would be suitable as well?",
                "img_gts": [],
                "turn_label": {
                    "venuename: tampines central park": "confirm"
                }
            },
            "bstate": {
                "open span: park": "inform",
                "open span: activity": "inform",
                "open span: roller blading": "inform",
                "open span: playground": "inform",
                "open span: image": "inform",
                "img_gts: scenic view": "inform",
                "venueneigh: tampines": "inform",
                "venueaddress: tampines st 83 (tampines avenue 5) singapore": "inform",
                "venuename: tampines central park": "confirm"
            }
        },
        {
            "turn idx": 5,
            "agent": {
                "transcript": "sure, can you tell me more about the kind of restaurant you're looking for?",
                "img_gts": [],
                "dialog_act": {}
            },
            "user": {
                "transcript": "i am looking for one that takes reservations. and also has steamboat with fresh food as i am feeling like having some soup.",
                "img_gts": [],
                "turn_label": {
                    "reservations: yes": "inform",
                    "open span: fresh food": "inform",
                    "open span: steamboat": "inform",
                    "open span: soup": "inform"
                }
            },
            "bstate": {
                "open span: park": "inform",
                "open span: activity": "inform",
                "open span: roller blading": "inform",
                "open span: playground": "inform",
                "open span: image": "inform",
                "img_gts: scenic view": "inform",
                "venueneigh: tampines": "inform",
                "venueaddress: tampines st 83 (tampines avenue 5) singapore": "inform",
                "venuename: tampines central park": "confirm",
                "reservations: yes": "inform",
                "open span: fresh food": "inform",
                "open span: steamboat": "inform",
                "open span: soup": "inform"
            }
        },
        {
            "turn idx": 6,
            "agent": {
                "transcript": "you can try going to jpot hotpot.",
                "img_gts": [],
                "dialog_act": {
                    "venuename: jpot hotpot": "recommend"
                }
            },
            "user": {
                "transcript": "could i get a picture of the food? and do you know if they accept credit cards and do you have any tips about the place?",
                "img_gts": [],
                "turn_label": {
                    "credit cards": "request",
                    "open span: image": "request",
                    "open span: food": "inform",
                    "venuename: jpot hotpot": "confirm",
                    "open span: tip or suggestion": "request"
                }
            },
            "bstate": {
                "open span: park": "inform",
                "open span: activity": "inform",
                "open span: roller blading": "inform",
                "open span: playground": "inform",
                "img_gts: scenic view": "inform",
                "venueneigh: tampines": "inform",
                "venueaddress: tampines st 83 (tampines avenue 5) singapore": "inform",
                "reservations: yes": "inform",
                "open span: fresh food": "inform",
                "open span: steamboat": "inform",
                "open span: soup": "inform",
                "credit cards": "request",
                "open span: food": "inform",
                "venuename: jpot hotpot": "confirm",
                "open span: tip or suggestion": "request"
            }
        },
        {
            "turn idx": 7,
            "agent": {
                "transcript": "sure, this is a picture of some food there. they do accept credit cards and someone has said: personal favourites: bak kut teh soup base, plenty of fish noodles, fried spinach tofu, wagyu sliced beef, shelled prawns, kurobuta sliced pork. my kind of heaven right there.",
                "img_gts": [
                    "soup and noodle"
                ],
                "dialog_act": {
                    "credit cards: yes (incl. american express)": "inform",
                    "open span: image": "inform",
                    "open span: food": "inform",
                    "credit cards: no": "inform",
                    "img_gts: soup and noodle": "inform"
                }
            },
            "user": {
                "transcript": "okay, great!",
                "img_gts": [],
                "turn_label": {}
            },
            "bstate": {
                "open span: park": "inform",
                "open span: activity": "inform",
                "open span: roller blading": "inform",
                "open span: playground": "inform",
                "venueneigh: tampines": "inform",
                "venueaddress: tampines st 83 (tampines avenue 5) singapore": "inform",
                "reservations: yes": "inform",
                "open span: fresh food": "inform",
                "open span: steamboat": "inform",
                "open span: soup": "inform",
                "open span: food": "inform",
                "venuename: jpot hotpot": "confirm",
                "open span: image": "inform",
                "credit cards: no": "inform",
                "img_gts: soup and noodle": "inform"
            }
        },
        {
            "turn idx": 8,
            "agent": {
                "transcript": "is there anything else i can help with?",
                "img_gts": [],
                "dialog_act": {
                    "open span: anything else": "request"
                }
            },
            "user": {
                "transcript": "no, thank you!",
                "img_gts": [],
                "turn_label": {
                    "open span: no": "inform",
                    "placeholder": "bye"
                }
            },
            "bstate": {
                "open span: park": "inform",
                "open span: activity": "inform",
                "open span: roller blading": "inform",
                "open span: playground": "inform",
                "venueneigh: tampines": "inform",
                "venueaddress: tampines st 83 (tampines avenue 5) singapore": "inform",
                "reservations: yes": "inform",
                "open span: fresh food": "inform",
                "open span: steamboat": "inform",
                "open span: soup": "inform",
                "open span: food": "inform",
                "venuename: jpot hotpot": "confirm",
                "open span: image": "inform",
                "credit cards: no": "inform",
                "img_gts: soup and noodle": "inform",
                "open span: anything else": "request",
                "open span: no": "inform"
            }
        },
        {
            "turn idx": 9,
            "agent": {
                "transcript": "enjoy your day at the park and also the food!",
                "img_gts": [],
                "dialog_act": {
                    "placeholder": "bye"
                }
            },
            "user": {
                "transcript": "",
                "img_gts": [],
                "turn_label": {}
            },
            "bstate": {
                "open span: park": "inform",
                "open span: activity": "inform",
                "open span: roller blading": "inform",
                "open span: playground": "inform",
                "venueneigh: tampines": "inform",
                "venueaddress: tampines st 83 (tampines avenue 5) singapore": "inform",
                "reservations: yes": "inform",
                "open span: fresh food": "inform",
                "open span: steamboat": "inform",
                "open span: soup": "inform",
                "open span: food": "inform",
                "venuename: jpot hotpot": "confirm",
                "open span: image": "inform",
                "credit cards: no": "inform",
                "img_gts: soup and noodle": "inform",
                "open span: no": "inform"
            }
        }
    ],
    "user rating": 5,
    "user setting": "you are staying in <b>tampines</b> and want to find a <b>park</b> nearby to do some activities and also a <b>restaurant</b> to have some <b>hotpot</b>. <b>**use at least three turns of question&answers to find one venue!**</b>",
    "goal": {
        "id": 1771,
        "type": "multiple",
        "modality": "multiple",
        "content": [
            {
                "imgs": [
                    "05ffd17cbbd4428aea001749a6b6280c",
                    "18150919c3a8c318a91048d591bc938e",
                    "3796bc2bc3d9611e9a9811f97b19afb1",
                    "e86df1dbade20017d8712de3557e09fa",
                    "3abdfbf2f738a2834296579e636c76d0",
                    "2036a9c247373f38966dd320632ee0a9"
                ],
                "terms": [
                    "roller blading",
                    "soccer",
                    "playground",
                    "basketball"
                ],
                "venueCat": [
                    "Park"
                ],
                "venueName": "Tampines Central Park",
                "preference": {
                    "park": 2,
                    "Tampines": 2,
                    "playground": 1,
                    "get address": 3,
                    "roller blading": 1,
                    "search venue by image": 1
                },
                "venueNeigh": "Tampines",
                "venueScore": "average"
            },
            {
                "imgs": [
                    "e40ab0bd14cf4a4d0e73be58f6887190",
                    "5e1a79d17e2f65d037a4073719aa7f6c",
                    "39897e2723707eb400e8cbae4ef51815",
                    "5761dafbc8682f0be2b062b0d04154d2"
                ],
                "Menus": [
                    "Brunch",
                    "Lunch",
                    "Dinner"
                ],
                "terms": [
                    "sliced beef",
                    "steamboat",
                    "clean",
                    "chili crabs",
                    "seafood",
                    "spinach",
                    "tofu",
                    "beer",
                    "fried spinach",
                    "soup",
                    "dinner",
                    "lunch",
                    "homemade food",
                    "trendy",
                    "shrimp",
                    "spaghetti",
                    "fresh food",
                    "bak kut teh",
                    "sliced pork"
                ],
                "venueCat": [
                    "Hotpot Restaurant"
                ],
                "venueName": "JPOT Hotpot",
                "preference": {
                    "soup": 2,
                    "steamboat": 2,
                    "fresh food": 1,
                    "takes reservations": 1,
                    "show steamboat by image": 1,
                    "check credit cards and get tips or suggestions or things to take note of": 3
                },
                "venueNeigh": "Tampines",
                "venueScore": "average",
                "Credit Cards": "Yes",
                "Reservations": "Yes",
                "Dining Options": [
                    "Delivery"
                ],
                "Outdoor Seating": "No"
            }
        ],
        "cnv_cnt": 10,
        "user_setting": "You are staying in <b>Tampines</b> and want to find a <b>park</b> nearby to do some activities and also a <b>restaurant</b> to have some <b>hotpot</b>. <b>**Use at least three turns of Question&Answers to find one venue!**</b>",
        "user_location": "Tampines"
    }
}