{
    "id": "6581",
    "dialogue": [
        {
            "turn idx": 0,
            "agent": {
                "transcript": "",
                "img_gts": [],
                "dialog_act": {}
            },
            "user": {
                "transcript": "hi, i am looking for a bar to go to that is good for a late night. could you help me find one?",
                "img_gts": [],
                "turn_label": {
                    "open span: good for a late night": "inform",
                    "open span: bar": "inform",
                    "placeholder": "greet"
                }
            },
            "bstate": {
                "open span: good for a late night": "inform",
                "open span: bar": "inform"
            }
        },
        {
            "turn idx": 1,
            "agent": {
                "transcript": "sure, can you tell me more about the kind of bar you are looking for?",
                "img_gts": [],
                "dialog_act": {}
            },
            "user": {
                "transcript": "i am looking for one that has some nice music and friendly staff.",
                "img_gts": [],
                "turn_label": {
                    "music": "request",
                    "open span: friendly staff": "inform"
                }
            },
            "bstate": {
                "open span: good for a late night": "inform",
                "open span: bar": "inform",
                "music": "request",
                "open span: friendly staff": "inform"
            }
        },
        {
            "turn idx": 2,
            "agent": {
                "transcript": "is there anything else you would like about the place?",
                "img_gts": [],
                "dialog_act": {
                    "open span: anything else": "request"
                }
            },
            "user": {
                "transcript": "i do have a picture that is like this.",
                "img_gts": [
                    "wine collection"
                ],
                "turn_label": {
                    "open span: image": "inform",
                    "img_gts: wine collection": "inform"
                }
            },
            "bstate": {
                "open span: good for a late night": "inform",
                "open span: bar": "inform",
                "music": "request",
                "open span: friendly staff": "inform",
                "open span: anything else": "request",
                "open span: image": "inform",
                "img_gts: wine collection": "inform"
            }
        },
        {
            "turn idx": 3,
            "agent": {
                "transcript": "that should be at ah sam cold drink stall. someone has said: unpretentious, laid back, simple. bespoke and classic cocktails. if you're up for a chat sit at the bar. seats at the window gives you a low bird's eye view of the river and boat quay's human traffic.",
                "img_gts": [],
                "dialog_act": {
                    "drinks:  cocktails": "inform",
                    "venuename: ah sam cold drink stall": "recommend",
                    "open span: river": "inform"
                }
            },
            "user": {
                "transcript": "what is the music they have there? and do they have outdoor seating?",
                "img_gts": [],
                "turn_label": {
                    "music": "request",
                    "outdoor seating": "request"
                }
            },
            "bstate": {
                "open span: good for a late night": "inform",
                "open span: bar": "inform",
                "open span: friendly staff": "inform",
                "open span: image": "inform",
                "img_gts: wine collection": "inform",
                "drinks: cocktails": "inform",
                "venuename: ah sam cold drink stall": "recommend",
                "open span: river": "inform",
                "music": "request",
                "outdoor seating": "request"
            }
        },
        {
            "turn idx": 4,
            "agent": {
                "transcript": "they have jukebox music there and there is no outdoor seating.",
                "img_gts": [],
                "dialog_act": {
                    "music: jukebox": "inform",
                    "outdoor seating: no": "inform"
                }
            },
            "user": {
                "transcript": "are you able to help me find another bar to go to?",
                "img_gts": [],
                "turn_label": {
                    "open span: bar": "inform"
                }
            },
            "bstate": {
                "open span: good for a late night": "inform",
                "open span: bar": "inform",
                "open span: friendly staff": "inform",
                "open span: image": "inform",
                "img_gts: wine collection": "inform",
                "drinks: cocktails": "inform",
                "venuename: ah sam cold drink stall": "recommend",
                "open span: river": "inform",
                "music: jukebox": "inform",
                "outdoor seating: no": "inform"
            }
        },
        {
            "turn idx": 5,
            "agent": {
                "transcript": "sure, what kind of bar would you like instead?",
                "img_gts": [],
                "dialog_act": {}
            },
            "user": {
                "transcript": "i would like one that has outdoor seating and live music instead.",
                "img_gts": [],
                "turn_label": {
                    "outdoor seating: yes": "inform",
                    "music: live music": "inform"
                }
            },
            "bstate": {
                "open span: good for a late night": "inform",
                "open span: bar": "inform",
                "open span: friendly staff": "inform",
                "open span: image": "inform",
                "img_gts: wine collection": "inform",
                "drinks: cocktails": "inform",
                "venuename: ah sam cold drink stall": "recommend",
                "open span: river": "inform",
                "outdoor seating: yes": "inform",
                "music: live music": "inform"
            }
        },
        {
            "turn idx": 6,
            "agent": {
                "transcript": "okay, do you have any other preferences?",
                "img_gts": [],
                "dialog_act": {
                    "open span: preference": "request",
                    "open span: any other": "request"
                }
            },
            "user": {
                "transcript": "i would prefer if the place has happy hour.",
                "img_gts": [],
                "turn_label": {
                    "menus: happy hour": "inform"
                }
            },
            "bstate": {
                "open span: good for a late night": "inform",
                "open span: bar": "inform",
                "open span: friendly staff": "inform",
                "open span: image": "inform",
                "img_gts: wine collection": "inform",
                "drinks: cocktails": "inform",
                "venuename: ah sam cold drink stall": "recommend",
                "open span: river": "inform",
                "outdoor seating: yes": "inform",
                "music: live music": "inform",
                "open span: preference": "request",
                "open span: any other": "request",
                "menus: happy hour": "inform"
            }
        },
        {
            "turn idx": 7,
            "agent": {
                "transcript": "you can try going to le noir. this is a picture of the interior of the bar with live music.",
                "img_gts": [
                    "live performance/stage"
                ],
                "dialog_act": {
                    "venuename: le noir": "recommend",
                    "music: live music": "inform",
                    "open span: image": "inform",
                    "img_gts: live performance/stage": "inform"
                }
            },
            "user": {
                "transcript": "do you think you could help me check if they have parking there and also get their address?",
                "img_gts": [],
                "turn_label": {
                    "parking": "request",
                    "venueaddress": "request"
                }
            },
            "bstate": {
                "open span: good for a late night": "inform",
                "open span: bar": "inform",
                "open span: friendly staff": "inform",
                "open span: image": "inform",
                "drinks: cocktails": "inform",
                "open span: river": "inform",
                "outdoor seating: yes": "inform",
                "menus: happy hour": "inform",
                "venuename: le noir": "recommend",
                "music: live music": "inform",
                "img_gts: live performance/stage": "inform",
                "parking": "request",
                "venueaddress": "request"
            }
        },
        {
            "turn idx": 8,
            "agent": {
                "transcript": "sure, they have valet parking and their address is 3c river valley road (clarke quay) 179022 singapore.",
                "img_gts": [],
                "dialog_act": {
                    "parking: valet": "inform",
                    "venuename": "request",
                    "venueaddress: 3c river valley road (clarke quay) 179022 singapore": "inform",
                    "venueneigh: river valley": "inform"
                }
            },
            "user": {
                "transcript": "okay, great!",
                "img_gts": [],
                "turn_label": {
                    "venuename: le noir": "confirm"
                }
            },
            "bstate": {
                "open span: good for a late night": "inform",
                "open span: bar": "inform",
                "open span: friendly staff": "inform",
                "open span: image": "inform",
                "drinks: cocktails": "inform",
                "open span: river": "inform",
                "outdoor seating: yes": "inform",
                "menus: happy hour": "inform",
                "music: live music": "inform",
                "img_gts: live performance/stage": "inform",
                "parking: valet": "inform",
                "venueaddress: 3c river valley road (clarke quay) 179022 singapore": "inform",
                "venueneigh: river valley": "inform",
                "venuename: le noir": "confirm"
            }
        },
        {
            "turn idx": 9,
            "agent": {
                "transcript": "is there anything else i can help you with?",
                "img_gts": [],
                "dialog_act": {
                    "open span: anything else": "request"
                }
            },
            "user": {
                "transcript": "nope, thank you!",
                "img_gts": [],
                "turn_label": {
                    "placeholder": "bye",
                    "open span: anything else": "negate"
                }
            },
            "bstate": {
                "open span: good for a late night": "inform",
                "open span: bar": "inform",
                "open span: friendly staff": "inform",
                "open span: image": "inform",
                "drinks: cocktails": "inform",
                "open span: river": "inform",
                "outdoor seating: yes": "inform",
                "menus: happy hour": "inform",
                "music: live music": "inform",
                "img_gts: live performance/stage": "inform",
                "parking: valet": "inform",
                "venueaddress: 3c river valley road (clarke quay) 179022 singapore": "inform",
                "venueneigh: river valley": "inform",
                "venuename: le noir": "confirm"
            }
        }
    ],
    "user rating": 5,
    "user setting": "you are looking for a <b>bar</b> in the <b>singapore river</b> area. agent recommends <b>ah sam cold drink stall</b> but you prefer somewhere with <b>outdoor seating</b> and <b>live music</b> so agent recommends again. <b>**use at least three turns of question&answers to find one venue!**</b>",
    "goal": {
        "id": 1773,
        "type": "multiple",
        "modality": "multiple",
        "content": [
            {
                "imgs": [
                    "9ad730f6701797e7adf39d60ba72e47d",
                    "094151e9db7c63cfd0dc3ab54b74a0c7",
                    "4acbb901fe9bf34210cdbc2f39890e1b"
                ],
                "Menus": [
                    "Dinner"
                ],
                "Music": "Jukebox",
                "Wi-Fi": "No",
                "terms": [
                    "chicken wings",
                    "cozy",
                    "good for dates",
                    "good for special occasions",
                    "cosy spot",
                    "friendly staff",
                    "hokkien mee",
                    "cocktails",
                    "concoctions",
                    "music",
                    "martinis",
                    "clean",
                    "great value",
                    "trendy",
                    "good for a late night",
                    "prawn paste chicken",
                    "authentic",
                    "casual",
                    "pork buns"
                ],
                "Drinks": [
                    "Full Bar",
                    "Cocktails"
                ],
                "Parking": [
                    "Street"
                ],
                "Restroom": "Yes",
                "venueCat": [
                    "Cocktail Bar"
                ],
                "venueName": "Ah Sam Cold Drink Stall",
                "preference": {
                    "bar": 2,
                    "music": 1,
                    "friendly staff": 1,
                    "good for a late night": 2,
                    "check outdoor seating and music": 3,
                    "search venue by liquor collection image": 1
                },
                "venueNeigh": "Singapore River",
                "venueScore": "average",
                "Credit Cards": "Yes",
                "Outdoor Seating": "No"
            },
            {
                "imgs": [
                    "f33362c308cd68108d9d2a9406b492f6",
                    "841eae6051855b106307e5c2f03ff5f0",
                    "9aa875b754f121d0a61664349e505af4",
                    "04217d7ba07eef9ffb1021aecf697006"
                ],
                "Menus": [
                    "Happy Hour"
                ],
                "Music": "Live Music",
                "Wi-Fi": "Free",
                "terms": [
                    "cozy",
                    "good for dates",
                    "mojitos",
                    "crowded",
                    "beer",
                    "lively",
                    "good for singles",
                    "champagne",
                    "casual",
                    "live music"
                ],
                "Drinks": [
                    "Beer",
                    "Full Bar",
                    "Cocktails"
                ],
                "Parking": [
                    "Valet"
                ],
                "venueCat": [
                    "Lounge",
                    "Nightclub",
                    "and Bar"
                ],
                "venueName": "Le Noir",
                "preference": {
                    "bar": 2,
                    "happy hour": 1,
                    "live music": 2,
                    "outdoor seating": 1,
                    "show interior by image": 1,
                    "get address and check parking": 3
                },
                "venueNeigh": "Singapore River",
                "venueScore": "average",
                "Credit Cards": "Yes",
                "Reservations": "Yes",
                "Outdoor Seating": "Yes"
            }
        ],
        "cnv_cnt": 10,
        "user_setting": "You are looking for a <b>bar</b> in the <b>Singapore River</b> area. Agent recommends <b>Ah Sam Cold Drink Stall</b> but you prefer somewhere with <b>outdoor seating</b> and <b>live music</b> so agent recommends again. <b>**Use at least three turns of Question&Answers to find one venue!**</b>",
        "user_location": "Singapore River"
    }
}