{
    "id": "6630",
    "dialogue": [
        {
            "turn idx": 0,
            "agent": {
                "transcript": "",
                "img_gts": [],
                "dialog_act": {}
            },
            "user": {
                "transcript": "hi, i am looking for a club to take part in different activities like going to the gym and swimming.",
                "img_gts": [],
                "turn_label": {
                    "open span: activity": "inform",
                    "open span: gym": "inform",
                    "open span: swimming": "inform",
                    "placeholder": "greet"
                }
            },
            "bstate": {
                "open span: activity": "inform",
                "open span: gym": "inform",
                "open span: swimming": "inform"
            }
        },
        {
            "turn idx": 1,
            "agent": {
                "transcript": "okay, can you tell me more about the kind of club you are looking for?",
                "img_gts": [],
                "dialog_act": {
                    "open span: club": "inform"
                }
            },
            "user": {
                "transcript": "i am looking for one that also has a golf course. and i have a picture like this.",
                "img_gts": [
                    "grass court"
                ],
                "turn_label": {
                    "open span: image": "inform",
                    "open span: golf course": "inform",
                    "img_gts: grass court": "inform"
                }
            },
            "bstate": {
                "open span: activity": "inform",
                "open span: gym": "inform",
                "open span: swimming": "inform",
                "open span: club": "inform",
                "open span: image": "inform",
                "open span: golf course": "inform",
                "img_gts: grass court": "inform"
            }
        },
        {
            "turn idx": 2,
            "agent": {
                "transcript": "is there anything else you would like?",
                "img_gts": [],
                "dialog_act": {
                    "open span: anything else": "request"
                }
            },
            "user": {
                "transcript": "i would like to also be able to have lunch there and i am thinking of having some asian food and grass jelly for dessert.",
                "img_gts": [],
                "turn_label": {
                    "open span: asian food": "inform",
                    "open span: dessert": "inform",
                    "menus: lunch": "inform"
                }
            },
            "bstate": {
                "open span: activity": "inform",
                "open span: gym": "inform",
                "open span: swimming": "inform",
                "open span: club": "inform",
                "open span: image": "inform",
                "open span: golf course": "inform",
                "img_gts: grass court": "inform",
                "open span: anything else": "request",
                "open span: asian food": "inform",
                "open span: dessert": "inform",
                "menus: lunch": "inform"
            }
        },
        {
            "turn idx": 3,
            "agent": {
                "transcript": "you can try going to laguna national golf & country club. someone has said: menu changes but mainstays like grilled ham and cheese sandwich, chicken rice, and laksa will hit the spot.also try the \"chin chow\" grass jelly drink if your adventurous.",
                "img_gts": [],
                "dialog_act": {
                    "venuename: laguna national golf & country club": "recommend"
                }
            },
            "user": {
                "transcript": "could i get the address of the club?",
                "img_gts": [],
                "turn_label": {
                    "venueaddress": "request"
                }
            },
            "bstate": {
                "open span: activity": "inform",
                "open span: gym": "inform",
                "open span: swimming": "inform",
                "open span: club": "inform",
                "open span: image": "inform",
                "open span: golf course": "inform",
                "img_gts: grass court": "inform",
                "open span: asian food": "inform",
                "open span: dessert": "inform",
                "menus: lunch": "inform",
                "venuename: laguna national golf & country club": "recommend",
                "venueaddress": "request"
            }
        },
        {
            "turn idx": 4,
            "agent": {
                "transcript": "sure, it is 11 laguna golf green 488047 singapore.",
                "img_gts": [],
                "dialog_act": {
                    "venueaddress: 11 laguna golf green 488047 singapore": "inform"
                }
            },
            "user": {
                "transcript": "and do you have the venue score as well?",
                "img_gts": [],
                "turn_label": {
                    "venuescore": "request"
                }
            },
            "bstate": {
                "open span: activity": "inform",
                "open span: gym": "inform",
                "open span: swimming": "inform",
                "open span: club": "inform",
                "open span: image": "inform",
                "open span: golf course": "inform",
                "img_gts: grass court": "inform",
                "open span: asian food": "inform",
                "open span: dessert": "inform",
                "menus: lunch": "inform",
                "venuename: laguna national golf & country club": "recommend",
                "venueaddress: 11 laguna golf green 488047 singapore": "inform",
                "venuescore": "request"
            }
        },
        {
            "turn idx": 5,
            "agent": {
                "transcript": "yes, it is 8.0/10.",
                "img_gts": [],
                "dialog_act": {
                    "venuescore: 8.0/10": "inform"
                }
            },
            "user": {
                "transcript": "okay! i would also like to find somewhere to have dinner. could you help me find a restaurant in tampines to go to?",
                "img_gts": [],
                "turn_label": {
                    "menus:  dinner": "inform",
                    "venueneigh: tampines": "inform",
                    "venuename: laguna national golf & country club": "confirm"
                }
            },
            "bstate": {
                "open span: activity": "inform",
                "open span: gym": "inform",
                "open span: swimming": "inform",
                "open span: club": "inform",
                "open span: image": "inform",
                "open span: golf course": "inform",
                "img_gts: grass court": "inform",
                "open span: asian food": "inform",
                "open span: dessert": "inform",
                "menus: lunch": "inform",
                "venueaddress: 11 laguna golf green 488047 singapore": "inform",
                "venuescore: 8.0/10": "inform",
                "menus: dinner": "inform",
                "venueneigh: tampines": "inform",
                "venuename: laguna national golf & country club": "confirm"
            }
        },
        {
            "turn idx": 6,
            "agent": {
                "transcript": "sure, what kind of restaurant are you thinking of going to?",
                "img_gts": [],
                "dialog_act": {}
            },
            "user": {
                "transcript": "i am thinking of having some steamboat and i heard that there is a place that is usually crowded because it's popular that i thought of trying.",
                "img_gts": [],
                "turn_label": {
                    "open span: crowd": "inform",
                    "open span: steamboat": "inform"
                }
            },
            "bstate": {
                "open span: activity": "inform",
                "open span: gym": "inform",
                "open span: swimming": "inform",
                "open span: club": "inform",
                "open span: image": "inform",
                "open span: golf course": "inform",
                "img_gts: grass court": "inform",
                "open span: asian food": "inform",
                "open span: dessert": "inform",
                "menus: lunch": "inform",
                "venueaddress: 11 laguna golf green 488047 singapore": "inform",
                "venuescore: 8.0/10": "inform",
                "menus: dinner": "inform",
                "venueneigh: tampines": "inform",
                "venuename: laguna national golf & country club": "confirm",
                "open span: crowd": "inform",
                "open span: steamboat": "inform"
            }
        },
        {
            "turn idx": 7,
            "agent": {
                "transcript": "you can try going to hai chang fishhead steamboat.",
                "img_gts": [],
                "dialog_act": {
                    "venuename: hai chang fishhead steamboat": "recommend"
                }
            },
            "user": {
                "transcript": "can i get a picture of the food and some tips about the place?",
                "img_gts": [],
                "turn_label": {
                    "open span: image": "request",
                    "open span: food": "inform",
                    "venuename: hai chang fishhead steamboat": "confirm",
                    "open span: tip or suggestion": "request"
                }
            },
            "bstate": {
                "open span: activity": "inform",
                "open span: gym": "inform",
                "open span: swimming": "inform",
                "open span: club": "inform",
                "open span: golf course": "inform",
                "img_gts: grass court": "inform",
                "open span: asian food": "inform",
                "open span: dessert": "inform",
                "menus: lunch": "inform",
                "venueaddress: 11 laguna golf green 488047 singapore": "inform",
                "venuescore: 8.0/10": "inform",
                "menus: dinner": "inform",
                "venueneigh: tampines": "inform",
                "open span: crowd": "inform",
                "open span: steamboat": "inform",
                "open span: food": "inform",
                "venuename: hai chang fishhead steamboat": "confirm",
                "open span: tip or suggestion": "request"
            }
        },
        {
            "turn idx": 8,
            "agent": {
                "transcript": "here is a picture of the steamboat and someone has said: salted egg prawn is good!",
                "img_gts": [
                    "hot pot"
                ],
                "dialog_act": {
                    "open span: image": "inform",
                    "open span: steamboat": "inform",
                    "img_gts: hot pot": "inform"
                }
            },
            "user": {
                "transcript": "one more thing, could i check if they accept credit cards?",
                "img_gts": [],
                "turn_label": {
                    "credit cards": "request"
                }
            },
            "bstate": {
                "open span: activity": "inform",
                "open span: gym": "inform",
                "open span: swimming": "inform",
                "open span: club": "inform",
                "open span: golf course": "inform",
                "open span: asian food": "inform",
                "open span: dessert": "inform",
                "menus: lunch": "inform",
                "venueaddress: 11 laguna golf green 488047 singapore": "inform",
                "venuescore: 8.0/10": "inform",
                "menus: dinner": "inform",
                "venueneigh: tampines": "inform",
                "open span: crowd": "inform",
                "open span: steamboat": "inform",
                "open span: food": "inform",
                "venuename: hai chang fishhead steamboat": "confirm",
                "open span: image": "inform",
                "img_gts: hot pot": "inform",
                "credit cards": "request"
            }
        },
        {
            "turn idx": 9,
            "agent": {
                "transcript": "no, they don't accept credit cards there.",
                "img_gts": [],
                "dialog_act": {
                    "credit cards: no": "inform"
                }
            },
            "user": {
                "transcript": "okay, i'll remember to bring some cash!",
                "img_gts": [],
                "turn_label": {}
            },
            "bstate": {
                "open span: activity": "inform",
                "open span: gym": "inform",
                "open span: swimming": "inform",
                "open span: club": "inform",
                "open span: golf course": "inform",
                "open span: asian food": "inform",
                "open span: dessert": "inform",
                "menus: lunch": "inform",
                "venueaddress: 11 laguna golf green 488047 singapore": "inform",
                "venuescore: 8.0/10": "inform",
                "menus: dinner": "inform",
                "venueneigh: tampines": "inform",
                "open span: crowd": "inform",
                "open span: steamboat": "inform",
                "open span: food": "inform",
                "venuename: hai chang fishhead steamboat": "confirm",
                "open span: image": "inform",
                "img_gts: hot pot": "inform",
                "credit cards: no": "inform"
            }
        },
        {
            "turn idx": 10,
            "agent": {
                "transcript": "is there anything else i can help you with?",
                "img_gts": [],
                "dialog_act": {
                    "open span: anything else": "request"
                }
            },
            "user": {
                "transcript": "nope, thank you!",
                "img_gts": [],
                "turn_label": {
                    "placeholder": "bye"
                }
            },
            "bstate": {
                "open span: activity": "inform",
                "open span: gym": "inform",
                "open span: swimming": "inform",
                "open span: club": "inform",
                "open span: golf course": "inform",
                "open span: asian food": "inform",
                "open span: dessert": "inform",
                "menus: lunch": "inform",
                "venueaddress: 11 laguna golf green 488047 singapore": "inform",
                "venuescore: 8.0/10": "inform",
                "menus: dinner": "inform",
                "venueneigh: tampines": "inform",
                "open span: crowd": "inform",
                "open span: steamboat": "inform",
                "open span: food": "inform",
                "venuename: hai chang fishhead steamboat": "confirm",
                "open span: image": "inform",
                "img_gts: hot pot": "inform",
                "credit cards: no": "inform",
                "open span: anything else": "request"
            }
        },
        {
            "turn idx": 11,
            "agent": {
                "transcript": "enjoy your day at the club and dinner!",
                "img_gts": [],
                "dialog_act": {
                    "placeholder": "bye"
                }
            },
            "user": {
                "transcript": "",
                "img_gts": [],
                "turn_label": {}
            },
            "bstate": {
                "open span: activity": "inform",
                "open span: gym": "inform",
                "open span: swimming": "inform",
                "open span: club": "inform",
                "open span: golf course": "inform",
                "open span: asian food": "inform",
                "open span: dessert": "inform",
                "menus: lunch": "inform",
                "venueaddress: 11 laguna golf green 488047 singapore": "inform",
                "venuescore: 8.0/10": "inform",
                "menus: dinner": "inform",
                "venueneigh: tampines": "inform",
                "open span: crowd": "inform",
                "open span: steamboat": "inform",
                "open span: food": "inform",
                "venuename: hai chang fishhead steamboat": "confirm",
                "open span: image": "inform",
                "img_gts: hot pot": "inform",
                "credit cards: no": "inform"
            }
        }
    ],
    "user rating": 5,
    "user setting": "you are looking for a <b>club</b> in <b>tampines</b> with options for different activities to have some fun and also to have <b>lunch</b>. then, you would like to find a <b>restaurant</b> for <b>dinner</b> nearby. <b>**use at least three turns of question&answers to find one venue!**</b>",
    "goal": {
        "id": 1772,
        "type": "multiple",
        "modality": "multiple",
        "content": [
            {
                "imgs": [
                    "cdc748b446c66c1717f2e1a0083d2abe",
                    "eeb86084098751fb068465971eede9c8",
                    "fa245a19d4a1176e854fc2ba93ae0ad0",
                    "9c78b983439e5c9cee931f455144416b",
                    "6cf761e420afb88f43a5513c5100c8ca",
                    "731de03900133ccfe76eb36060ceee1c"
                ],
                "terms": [
                    "Hainanese chicken rice",
                    "Japanese food",
                    "ham & cheese sandwich",
                    "grass jelly",
                    "gyms",
                    "dinner",
                    "accessories",
                    "lunch",
                    "grilled ham",
                    "Asian food",
                    "apparel",
                    "laksa",
                    "friendly staff",
                    "swimming"
                ],
                "venueCat": [
                    "Golf Course"
                ],
                "venueName": "Laguna National Golf & Country Club",
                "preference": {
                    "gyms": 2,
                    "lunch": 1,
                    "Tampines": 2,
                    "swimming": 1,
                    "show golf course by image": 1,
                    "get address and check venue score": 3
                },
                "venueNeigh": "Tampines",
                "venueScore": "good",
                "Credit Cards": "Yes"
            },
            {
                "imgs": [
                    "35a4880889ee1ab188acad5a7187dac4",
                    "fc9a723010bcebf20d9f518af780b5cb",
                    "261d7c32c5680585aaa546e2ffaa34c6",
                    "5fa61a3ca6e8f6d966bfd22a2847ca02",
                    "64eb356ea75061c931c0166912d42384"
                ],
                "Menus": [
                    "Breakfast",
                    "Dinner"
                ],
                "terms": [
                    "salted egg prawns",
                    "steamboat",
                    "dinner",
                    "crowded"
                ],
                "venueCat": [
                    "Seafood Restaurant and Chinese Restaurant"
                ],
                "venueName": "Hai Chang Fishhead Steamboat",
                "preference": {
                    "dinner": 2,
                    "Tampines": 2,
                    "steamboat": 1,
                    "restaurant": 1,
                    "request food image": 1,
                    "check credit cards and get tips": 3
                },
                "venueNeigh": "Tampines",
                "venueScore": "average",
                "Credit Cards": "No",
                "Reservations": "Yes",
                "Dining Options": [
                    "No Delivery"
                ],
                "Outdoor Seating": "Yes"
            }
        ],
        "cnv_cnt": 10,
        "user_setting": "You are looking for a <b>club</b> in <b>Tampines</b> with options for different activities to have some fun and also to have <b>lunch</b>. Then, you would like to find a <b>restaurant</b> for <b>dinner</b> nearby. <b>**Use at least three turns of Question&Answers to find one venue!**</b>",
        "user_location": "unknown"
    }
}