{
    "id": "6647",
    "dialogue": [
        {
            "turn idx": 0,
            "agent": {
                "transcript": "",
                "img_gts": [],
                "dialog_act": {}
            },
            "user": {
                "transcript": "hi, i am looking for a shopping mall to go to. could you help me find one?",
                "img_gts": [],
                "turn_label": {
                    "open span: mall": "inform",
                    "placeholder": "greet"
                }
            },
            "bstate": {
                "open span: mall": "inform"
            }
        },
        {
            "turn idx": 1,
            "agent": {
                "transcript": "sure, what kind of shopping mall are you looking for?",
                "img_gts": [],
                "dialog_act": {}
            },
            "user": {
                "transcript": "i am looking for one that is located in ang mo kio.",
                "img_gts": [],
                "turn_label": {
                    "venueneigh: ang mo kio": "inform"
                }
            },
            "bstate": {
                "open span: mall": "inform",
                "venueneigh: ang mo kio": "inform"
            }
        },
        {
            "turn idx": 2,
            "agent": {
                "transcript": "is there anything else you would like?",
                "img_gts": [],
                "dialog_act": {
                    "open span: anything else": "request"
                }
            },
            "user": {
                "transcript": "i would like to be able to have lunch there and also watch some movies.",
                "img_gts": [],
                "turn_label": {
                    "open span: movie": "inform",
                    "menus: lunch": "inform"
                }
            },
            "bstate": {
                "open span: mall": "inform",
                "venueneigh: ang mo kio": "inform",
                "open span: anything else": "request",
                "open span: movie": "inform",
                "menus: lunch": "inform"
            }
        },
        {
            "turn idx": 3,
            "agent": {
                "transcript": "you can try going to amk hub.",
                "img_gts": [],
                "dialog_act": {
                    "venuename: amk hub": "recommend"
                }
            },
            "user": {
                "transcript": "could i get a picture of the building and also the address of the mall?",
                "img_gts": [],
                "turn_label": {
                    "venueaddress": "request",
                    "open span: image": "request",
                    "open span: building": "inform"
                }
            },
            "bstate": {
                "open span: mall": "inform",
                "venueneigh: ang mo kio": "inform",
                "open span: movie": "inform",
                "menus: lunch": "inform",
                "venuename: amk hub": "recommend",
                "venueaddress": "request",
                "open span: image": "request",
                "open span: building": "inform"
            }
        },
        {
            "turn idx": 4,
            "agent": {
                "transcript": "this is a picture of the building and the address is 53 ang mo kio ave. 3 (ang mo kio ave. 8) 569933 singapore.",
                "img_gts": [
                    "nightlife"
                ],
                "dialog_act": {
                    "venueneigh: ang mo kio": "inform",
                    "venueaddress: 53 ang mo kio ave. 3 (ang mo kio ave. 8) 569933 singapore": "inform",
                    "open span: image": "inform",
                    "open span: building": "inform",
                    "img_gts: nightlife": "inform"
                }
            },
            "user": {
                "transcript": "okay! i am also looking for an italian restaurant that accepts credit cards and has good service to have some pizza like in this picture later.",
                "img_gts": [
                    "pizza"
                ],
                "turn_label": {
                    "credit cards: yes": "inform",
                    "open span: pizza": "inform",
                    "open span: good service": "inform",
                    "venuename: amk hub": "confirm",
                    "open span: image": "inform",
                    "img_gts: pizza": "inform"
                }
            },
            "bstate": {
                "open span: mall": "inform",
                "open span: movie": "inform",
                "menus: lunch": "inform",
                "open span: image": "inform",
                "open span: building": "inform",
                "venueneigh: ang mo kio": "inform",
                "venueaddress: 53 ang mo kio ave. 3 (ang mo kio ave. 8) 569933 singapore": "inform",
                "credit cards: yes": "inform",
                "open span: pizza": "inform",
                "open span: good service": "inform",
                "venuename: amk hub": "confirm",
                "img_gts: pizza": "inform"
            }
        },
        {
            "turn idx": 5,
            "agent": {
                "transcript": "you can try going to la pizzaiola.",
                "img_gts": [],
                "dialog_act": {
                    "venuename: la pizzaiola": "recommend"
                }
            },
            "user": {
                "transcript": "could i check if they take reservations and also get their phone number?",
                "img_gts": [],
                "turn_label": {
                    "reservations": "request",
                    "telephone": "request"
                }
            },
            "bstate": {
                "open span: mall": "inform",
                "open span: movie": "inform",
                "menus: lunch": "inform",
                "open span: image": "inform",
                "open span: building": "inform",
                "venueneigh: ang mo kio": "inform",
                "venueaddress: 53 ang mo kio ave. 3 (ang mo kio ave. 8) 569933 singapore": "inform",
                "credit cards: yes": "inform",
                "open span: pizza": "inform",
                "open span: good service": "inform",
                "img_gts: pizza": "inform",
                "venuename: la pizzaiola": "recommend",
                "reservations": "request",
                "telephone": "request"
            }
        },
        {
            "turn idx": 6,
            "agent": {
                "transcript": "they do take reservations and their phone number is +65 6455 4648.",
                "img_gts": [],
                "dialog_act": {
                    "reservations: yes": "inform",
                    "telephone: +65 6455 4648": "inform"
                }
            },
            "user": {
                "transcript": "okay, great!",
                "img_gts": [],
                "turn_label": {
                    "venuename: la pizzaiola": "confirm"
                }
            },
            "bstate": {
                "open span: mall": "inform",
                "open span: movie": "inform",
                "menus: lunch": "inform",
                "open span: image": "inform",
                "open span: building": "inform",
                "venueneigh: ang mo kio": "inform",
                "venueaddress: 53 ang mo kio ave. 3 (ang mo kio ave. 8) 569933 singapore": "inform",
                "credit cards: yes": "inform",
                "open span: pizza": "inform",
                "open span: good service": "inform",
                "img_gts: pizza": "inform",
                "reservations: yes": "inform",
                "telephone: +65 64554648": "inform",
                "venuename: la pizzaiola": "confirm"
            }
        },
        {
            "turn idx": 7,
            "agent": {
                "transcript": "is there anything else i can help with?",
                "img_gts": [],
                "dialog_act": {
                    "open span: anything else": "request"
                }
            },
            "user": {
                "transcript": "nope, thank you!",
                "img_gts": [],
                "turn_label": {
                    "placeholder": "bye",
                    "open span: anything else": "negate"
                }
            },
            "bstate": {
                "open span: mall": "inform",
                "open span: movie": "inform",
                "menus: lunch": "inform",
                "open span: image": "inform",
                "open span: building": "inform",
                "venueneigh: ang mo kio": "inform",
                "venueaddress: 53 ang mo kio ave. 3 (ang mo kio ave. 8) 569933 singapore": "inform",
                "credit cards: yes": "inform",
                "open span: pizza": "inform",
                "open span: good service": "inform",
                "img_gts: pizza": "inform",
                "reservations: yes": "inform",
                "telephone: +65 64554648": "inform",
                "venuename: la pizzaiola": "confirm"
            }
        }
    ],
    "user rating": 5,
    "user setting": "you are looking for a <b>shopping mall</b> in <b>ang mo kio</b> for <b>lunch</b> and to watch some <b>movies</b>. then, you would like to find another place to have some <b>pizza</b> nearby. <b>**use at least three turns of question&answers to find one venue!**</b>",
    "goal": {
        "id": 1777,
        "type": "multiple",
        "modality": "multiple",
        "content": [
            {
                "imgs": [
                    "7a77851ccf7237d6619d9837ae43c083",
                    "fcca1d4322319e850aa94ff3e3779023"
                ],
                "Wi-Fi": "Yes",
                "terms": [
                    "shoes",
                    "dinner",
                    "quiet",
                    "food courts",
                    "coffee",
                    "lunch",
                    "bus",
                    "desserts",
                    "books",
                    "breakfast food",
                    "great value",
                    "movies",
                    "caf\u00e9",
                    "burgers",
                    "ichiban sushi",
                    "ice cream",
                    "comfortable seats",
                    "yogurt",
                    "tea",
                    "fairprice"
                ],
                "venueCat": [
                    "Shopping Mall"
                ],
                "venueName": "AMK Hub",
                "preference": {
                    "lunch": 1,
                    "movies": 1,
                    "Ang Mo Kio": 2,
                    "get address": 3,
                    "shopping mall": 2,
                    "show building image to user": 1
                },
                "venueNeigh": "Ang Mo Kio",
                "venueScore": "fair",
                "Credit Cards": "Yes"
            },
            {
                "imgs": [
                    "2df4c751e1c1b5e4425c8c0714b336f0",
                    "ef9cd12c7c4727732de3cf4706a08d4f",
                    "6f38522bc8db77fd070d132c95d0f002",
                    "77aba30bd861b9498ac1f4f984aa8ddf",
                    "ca6e029333a5c81afafffae11b42a114",
                    "ea80acd7e323d0b29d35038b0c63a449"
                ],
                "terms": [
                    "stracciatella",
                    "lasagne",
                    "meats",
                    "good for a quick meal",
                    "pasta",
                    "good service",
                    "pizza",
                    "ravioli",
                    "bread"
                ],
                "Drinks": [
                    "Full Bar"
                ],
                "venueCat": [
                    "Italian Restaurant"
                ],
                "venueName": "La Pizzaiola",
                "preference": {
                    "pizza": 2,
                    "good service": 1,
                    "Italian restaurant": 2,
                    "show pizza by image": 1,
                    "accepts credit cards": 1,
                    "check reservations and get phone number": 3
                },
                "venueNeigh": "Ang Mo Kio",
                "venueScore": "average",
                "Credit Cards": "Yes",
                "Reservations": "Yes"
            }
        ],
        "cnv_cnt": 10,
        "user_setting": "You are looking for a <b>shopping mall</b> in <b>Ang Mo Kio</b> for <b>lunch</b> and to watch some <b>movies</b>. Then, you would like to find another place to have some <b>pizza</b> nearby. <b>**Use at least three turns of Question&Answers to find one venue!**</b>",
        "user_location": "Ang Mo Kio"
    }
}