{
    "id": "6702",
    "dialogue": [
        {
            "turn idx": 0,
            "agent": {
                "transcript": "",
                "img_gts": [],
                "dialog_act": {}
            },
            "user": {
                "transcript": "hi, i am looking for somewhere to have some thai food for dinner. could you help me find somewhere to go to?",
                "img_gts": [],
                "turn_label": {
                    "menus:  dinner": "inform",
                    "open span: thai food": "inform",
                    "placeholder": "greet"
                }
            },
            "bstate": {
                "menus: dinner": "inform",
                "open span: thai food": "inform"
            }
        },
        {
            "turn idx": 1,
            "agent": {
                "transcript": "sure, can you tell me more about the kind of place you're looking for?",
                "img_gts": [],
                "dialog_act": {}
            },
            "user": {
                "transcript": "i am looking for somewhere that also serves thai iced tea.",
                "img_gts": [],
                "turn_label": {
                    "open span: iced tea": "inform"
                }
            },
            "bstate": {
                "menus: dinner": "inform",
                "open span: thai food": "inform",
                "open span: iced tea": "inform"
            }
        },
        {
            "turn idx": 2,
            "agent": {
                "transcript": "is there anything else you would like?",
                "img_gts": [],
                "dialog_act": {
                    "open span: anything else": "request"
                }
            },
            "user": {
                "transcript": "i am in kallang so i would like to find a place in this area to eat.",
                "img_gts": [],
                "turn_label": {
                    "venueneigh: kallang": "inform"
                }
            },
            "bstate": {
                "menus: dinner": "inform",
                "open span: thai food": "inform",
                "open span: iced tea": "inform",
                "open span: anything else": "request",
                "venueneigh: kallang": "inform"
            }
        },
        {
            "turn idx": 3,
            "agent": {
                "transcript": "you can try going to diandin leluk.",
                "img_gts": [],
                "dialog_act": {
                    "venuename: diandin leluk": "recommend"
                }
            },
            "user": {
                "transcript": "do you happen to have the address of the place and would you be able to give me some food recommendations?",
                "img_gts": [],
                "turn_label": {
                    "venueaddress": "request"
                }
            },
            "bstate": {
                "menus: dinner": "inform",
                "open span: thai food": "inform",
                "open span: iced tea": "inform",
                "venueneigh: kallang": "inform",
                "venuename: diandin leluk": "recommend",
                "venueaddress": "request"
            }
        },
        {
            "turn idx": 4,
            "agent": {
                "transcript": "the address is #01-67 golden mile complex (5001 beach rd) 199588 singapore. i would recommend the oysters in this picture. someone has also said: not really the most authentic thai taste around but definitely has one of the best thai iced teas i've tried.",
                "img_gts": [
                    "mookata"
                ],
                "dialog_act": {
                    "venueaddress: #01-67 golden mile complex (5001 beach rd) 199588 singapore": "inform",
                    "open span: picture": "inform",
                    "open span: oyster": "inform",
                    "img_gts: mookata": "inform"
                }
            },
            "user": {
                "transcript": "okay! i also want to find a bar to have some beer like in this picture. do you know of somewhere that is good for a late night and has a good venue score?",
                "img_gts": [
                    "beer"
                ],
                "turn_label": {
                    "venuescore": "inform",
                    "open span: picture": "inform",
                    "open span: good for a late night": "inform",
                    "open span: bar": "inform",
                    "venuename: diandin leluk": "confirm",
                    "img_gts: beer": "inform",
                    "drinks: beer": "inform"
                }
            },
            "bstate": {
                "menus: dinner": "inform",
                "open span: thai food": "inform",
                "open span: iced tea": "inform",
                "venueneigh: kallang": "inform",
                "venueaddress: #01-67 golden mile complex (5001 beach rd) 199588 singapore": "inform",
                "open span: picture": "inform",
                "open span: oyster": "inform",
                "open span: good for a late night": "inform",
                "open span: bar": "inform",
                "venuename: diandin leluk": "confirm",
                "img_gts: beer": "inform",
                "drinks: beer": "inform"
            }
        },
        {
            "turn idx": 5,
            "agent": {
                "transcript": "i think you can try going to druggists.",
                "img_gts": [],
                "dialog_act": {
                    "venuename: druggists": "recommend"
                }
            },
            "user": {
                "transcript": "what are their opening hours? and do you have any tips about the bar?",
                "img_gts": [],
                "turn_label": {
                    "open span: opening hour": "request",
                    "open span: tip or suggestion": "request"
                }
            },
            "bstate": {
                "menus: dinner": "inform",
                "open span: thai food": "inform",
                "open span: iced tea": "inform",
                "venueneigh: kallang": "inform",
                "venueaddress: #01-67 golden mile complex (5001 beach rd) 199588 singapore": "inform",
                "open span: picture": "inform",
                "open span: oyster": "inform",
                "open span: good for a late night": "inform",
                "open span: bar": "inform",
                "img_gts: beer": "inform",
                "drinks: beer": "inform",
                "venuename: druggists": "recommend",
                "open span: opening hour": "request",
                "open span: tip or suggestion": "request"
            }
        },
        {
            "turn idx": 6,
            "agent": {
                "transcript": "their opening hours are tue\u2013sun, 4:00 pm\u2013midnight. and someone has said: druggists is brought to you by the wonderful folks from the great beer experiment! if druggists is an experiment, it has certainly proven itself to be a significant contribution to local craft beer.",
                "img_gts": [],
                "dialog_act": {
                    "open span: opening hour": "inform",
                    "drinks: beer": "inform"
                }
            },
            "user": {
                "transcript": "okay, great!",
                "img_gts": [],
                "turn_label": {
                    "venuename: druggists": "confirm"
                }
            },
            "bstate": {
                "menus: dinner": "inform",
                "open span: thai food": "inform",
                "open span: iced tea": "inform",
                "venueneigh: kallang": "inform",
                "venueaddress: #01-67 golden mile complex (5001 beach rd) 199588 singapore": "inform",
                "open span: picture": "inform",
                "open span: oyster": "inform",
                "open span: good for a late night": "inform",
                "open span: bar": "inform",
                "img_gts: beer": "inform",
                "drinks: beer": "inform",
                "open span: opening hour": "inform",
                "venuename: druggists": "confirm"
            }
        },
        {
            "turn idx": 7,
            "agent": {
                "transcript": "is there anything else i can help you with?",
                "img_gts": [],
                "dialog_act": {
                    "open span: anything else": "request"
                }
            },
            "user": {
                "transcript": "nope, thank you!",
                "img_gts": [],
                "turn_label": {
                    "placeholder": "bye",
                    "open span: anything else": "negate"
                }
            },
            "bstate": {
                "menus: dinner": "inform",
                "open span: thai food": "inform",
                "open span: iced tea": "inform",
                "venueneigh: kallang": "inform",
                "venueaddress: #01-67 golden mile complex (5001 beach rd) 199588 singapore": "inform",
                "open span: picture": "inform",
                "open span: oyster": "inform",
                "open span: good for a late night": "inform",
                "open span: bar": "inform",
                "img_gts: beer": "inform",
                "drinks: beer": "inform",
                "open span: opening hour": "inform",
                "venuename: druggists": "confirm"
            }
        }
    ],
    "user rating": 5,
    "user setting": "you are looking for a <b>restaurant</b> with <b>thai food</b> for <b>dinner</b>. then, you want to find a <b>bar</b> nearby to enjoy nightlife. <b>**use at least three turns of question&answers to find one venue!**</b>",
    "goal": {
        "id": 1782,
        "type": "multiple",
        "modality": "multiple",
        "content": [
            {
                "imgs": [
                    "64c66e6bbbee966392b42b2e09965965",
                    "420e0d2d26da084ddd25af995fffd3bd",
                    "28f2d4e893f9ef3c8aa18f6ee84c343e",
                    "4edc9da26058a02fc4b4f8e8c4cbbcb5",
                    "a2835d6a7f021ce244cb3e37abfeed7e",
                    "0f74ecefded76dd811ce5bcd5f3e232c",
                    "1b8050a043e35d1ebabc561498763438",
                    "36bc639a143874fd37eba30bb1931086"
                ],
                "Menus": [
                    "Lunch",
                    "Dinner"
                ],
                "terms": [
                    "omelettes",
                    "pork",
                    "green curry",
                    "crab",
                    "seafood",
                    "dinner",
                    "fruit",
                    "breakfast food",
                    "desserts",
                    "chicken",
                    "Thai food",
                    "Tom Yum soup",
                    "good for a quick meal",
                    "spicy food",
                    "prawn cakes",
                    "good service",
                    "noodles",
                    "oysters",
                    "Thai iced tea",
                    "pad Thai"
                ],
                "venueCat": [
                    "Thai Restaurant"
                ],
                "venueName": "Diandin Leluk",
                "preference": {
                    "dinner": 1,
                    "Kallang": 2,
                    "Thai food": 2,
                    "Thai iced tea": 1,
                    "recommend food by image": 1,
                    "get address and food recommendation": 3
                },
                "venueNeigh": "Kallang",
                "venueScore": "average",
                "Credit Cards": "No",
                "Reservations": "Yes",
                "Dining Options": [
                    "No Delivery"
                ],
                "Outdoor Seating": "No"
            },
            {
                "imgs": [
                    "cda2ca312ac2d499d51441e96217ada1",
                    "c274239d091f826c0bef812042806e05",
                    "62929826eb0496987769dcf03c1d8842",
                    "da1b97357b9dab9941589943a45f3080",
                    "8a802062e70ddad58616765ff9e2b423",
                    "f6e1f78b631c802b87cfb2687924beb4"
                ],
                "Wi-Fi": "No",
                "terms": [
                    "wontons",
                    "cozy",
                    "pickles",
                    "good for dates",
                    "bar snacks",
                    "crowded",
                    "variations",
                    "Mikkeller",
                    "good for groups",
                    "beer",
                    "bar food",
                    "lively",
                    "trendy",
                    "good for a late night",
                    "authentic",
                    "casual",
                    "good for singles"
                ],
                "venueCat": [
                    "Bar",
                    "Beer Garden",
                    "and Pub"
                ],
                "venueName": "Druggists",
                "preference": {
                    "bar": 2,
                    "beer": 1,
                    "good venue score": 1,
                    "good for a late night": 2,
                    "search venue by beer image": 1,
                    "check opening hours and get tips": 3
                },
                "venueNeigh": "Kallang",
                "venueScore": "good",
                "Credit Cards": "Yes"
            }
        ],
        "cnv_cnt": 10,
        "user_setting": "You are looking for a <b>restaurant</b> with <b>Thai food</b> for <b>dinner</b>. Then, you want to find a <b>bar</b> nearby to enjoy nightlife. <b>**Use at least three turns of Question&Answers to find one venue!**</b>",
        "user_location": "Kallang"
    }
}