{
    "id": "6734",
    "dialogue": [
        {
            "turn idx": 0,
            "agent": {
                "transcript": "",
                "img_gts": [],
                "dialog_act": {}
            },
            "user": {
                "transcript": "hi, i am looking for somewhere to try pig's organ soup. could you help me find 2 places to compare with each other?",
                "img_gts": [],
                "turn_label": {
                    "open span: soup": "inform",
                    "placeholder": "greet"
                }
            },
            "bstate": {
                "open span: soup": "inform"
            }
        },
        {
            "turn idx": 1,
            "agent": {
                "transcript": "sure, what kinds of places are you looking for?",
                "img_gts": [],
                "dialog_act": {
                    "open span: type": "inform"
                }
            },
            "user": {
                "transcript": "i am looking for these places to have dinner at in kallang as i am in that area.",
                "img_gts": [],
                "turn_label": {
                    "menus: dinner": "inform",
                    "venueneigh: kallang": "inform"
                }
            },
            "bstate": {
                "open span: soup": "inform",
                "open span: type": "inform",
                "menus: dinner": "inform",
                "venueneigh: kallang": "inform"
            }
        },
        {
            "turn idx": 2,
            "agent": {
                "transcript": "can you tell me more about the places you would like to go to?",
                "img_gts": [],
                "dialog_act": {}
            },
            "user": {
                "transcript": "for the first place i am thinking of, i would like if they have tofu to go with the soup. i also have a picture of the soup that is like this.",
                "img_gts": [
                    "soup"
                ],
                "turn_label": {
                    "open span: image": "inform",
                    "open span: tofu": "inform",
                    "open span: soup": "inform",
                    "img_gts: soup": "inform"
                }
            },
            "bstate": {
                "open span: soup": "inform",
                "open span: type": "inform",
                "menus: dinner": "inform",
                "venueneigh: kallang": "inform",
                "open span: image": "inform",
                "open span: tofu": "inform",
                "img_gts: soup": "inform"
            }
        },
        {
            "turn idx": 3,
            "agent": {
                "transcript": "you can find that at authentic mun chee kee king of pig's organ soup.",
                "img_gts": [],
                "dialog_act": {
                    "venuename: authentic mun chee kee king of pig's organ soup": "recommend"
                }
            },
            "user": {
                "transcript": "do you have any tips about the place or is there anything i should take note of? and do you know the venue score of the place too?",
                "img_gts": [],
                "turn_label": {
                    "venuescore": "request",
                    "venuename: authentic mun chee kee king of pig's organ soup": "confirm",
                    "open span: tip or suggestion": "request"
                }
            },
            "bstate": {
                "open span: soup": "inform",
                "open span: type": "inform",
                "menus: dinner": "inform",
                "venueneigh: kallang": "inform",
                "open span: image": "inform",
                "open span: tofu": "inform",
                "img_gts: soup": "inform",
                "venuescore": "request",
                "venuename: authentic mun chee kee king of pig's organ soup": "confirm",
                "open span: tip or suggestion": "request"
            }
        },
        {
            "turn idx": 4,
            "agent": {
                "transcript": "someone has said: i tried the pig organ soup. it\u2019s tasty and the pork liver served is surprisingly crunchy to the bite. and the venue score is 7.5/10.",
                "img_gts": [],
                "dialog_act": {
                    "venuescore: 7.5/10": "inform",
                    "open span: tasty": "inform"
                }
            },
            "user": {
                "transcript": "okay! for the other place i have in mind, i am looking for somewhere that has soup with rice, eggs and salted fish.",
                "img_gts": [],
                "turn_label": {
                    "open span: egg": "inform",
                    "open span: rice": "inform",
                    "open span: soup": "inform"
                }
            },
            "bstate": {
                "open span: soup": "inform",
                "open span: type": "inform",
                "menus: dinner": "inform",
                "venueneigh: kallang": "inform",
                "open span: image": "inform",
                "open span: tofu": "inform",
                "img_gts: soup": "inform",
                "venuename: authentic mun chee kee king of pig's organ soup": "confirm",
                "venuescore: 7.5/10": "inform",
                "open span: tasty": "inform",
                "open span: egg": "inform",
                "open span: rice": "inform"
            }
        },
        {
            "turn idx": 5,
            "agent": {
                "transcript": "is there anything else you would like?",
                "img_gts": [],
                "dialog_act": {
                    "open span: anything else": "request"
                }
            },
            "user": {
                "transcript": "i would like to go somewhere with great value and i also want to get the same information as the previous place.",
                "img_gts": [],
                "turn_label": {
                    "open span: information": "inform"
                }
            },
            "bstate": {
                "open span: soup": "inform",
                "open span: type": "inform",
                "menus: dinner": "inform",
                "venueneigh: kallang": "inform",
                "open span: image": "inform",
                "open span: tofu": "inform",
                "img_gts: soup": "inform",
                "venuename: authentic mun chee kee king of pig's organ soup": "confirm",
                "venuescore: 7.5/10": "inform",
                "open span: tasty": "inform",
                "open span: egg": "inform",
                "open span: rice": "inform",
                "open span: anything else": "request",
                "open span: information": "inform"
            }
        },
        {
            "turn idx": 6,
            "agent": {
                "transcript": "for this, you can go to cheng mun chee kee pig organ soup. someone has said: been eating this ever since my childhood days, of course, the boss has already retired(taste best during his time), but still this place is one the best pig organ's soup in sg. and the venue score is 8.2/10.",
                "img_gts": [],
                "dialog_act": {
                    "venuename: cheng mun chee kee pig organ soup": "recommend",
                    "venuescore: 8.2/10": "inform"
                }
            },
            "user": {
                "transcript": "could i also get a picture of the food there?",
                "img_gts": [],
                "turn_label": {
                    "open span: image": "request",
                    "open span: food": "inform"
                }
            },
            "bstate": {
                "open span: soup": "inform",
                "open span: type": "inform",
                "menus: dinner": "inform",
                "venueneigh: kallang": "inform",
                "open span: tofu": "inform",
                "img_gts: soup": "inform",
                "open span: tasty": "inform",
                "open span: egg": "inform",
                "open span: rice": "inform",
                "open span: information": "inform",
                "venuename: cheng mun chee kee pig organ soup": "recommend",
                "venuescore: 8.2/10": "inform",
                "open span: food": "inform"
            }
        },
        {
            "turn idx": 7,
            "agent": {
                "transcript": "sure, here you go.",
                "img_gts": [
                    "bak kut teh"
                ],
                "dialog_act": {
                    "open span: image": "inform",
                    "img_gts: bak kut teh": "inform"
                }
            },
            "user": {
                "transcript": "okay, great!",
                "img_gts": [],
                "turn_label": {
                    "venuename: cheng mun chee kee pig organ soup": "confirm"
                }
            },
            "bstate": {
                "open span: soup": "inform",
                "open span: type": "inform",
                "menus: dinner": "inform",
                "venueneigh: kallang": "inform",
                "open span: tofu": "inform",
                "open span: tasty": "inform",
                "open span: egg": "inform",
                "open span: rice": "inform",
                "open span: information": "inform",
                "venuescore: 8.2/10": "inform",
                "open span: food": "inform",
                "open span: image": "inform",
                "img_gts: bak kut teh": "inform",
                "venuename: cheng mun chee kee pig organ soup": "confirm"
            }
        },
        {
            "turn idx": 8,
            "agent": {
                "transcript": "is there anything else you need?",
                "img_gts": [],
                "dialog_act": {
                    "open span: anything else": "request"
                }
            },
            "user": {
                "transcript": "no, thank you!",
                "img_gts": [],
                "turn_label": {
                    "open span: no": "inform",
                    "placeholder": "bye"
                }
            },
            "bstate": {
                "open span: soup": "inform",
                "open span: type": "inform",
                "menus: dinner": "inform",
                "venueneigh: kallang": "inform",
                "open span: tofu": "inform",
                "open span: tasty": "inform",
                "open span: egg": "inform",
                "open span: rice": "inform",
                "open span: information": "inform",
                "venuescore: 8.2/10": "inform",
                "open span: food": "inform",
                "open span: image": "inform",
                "img_gts: bak kut teh": "inform",
                "venuename: cheng mun chee kee pig organ soup": "confirm",
                "open span: anything else": "request",
                "open span: no": "inform"
            }
        },
        {
            "turn idx": 9,
            "agent": {
                "transcript": "i hope you enjoy the soup!",
                "img_gts": [],
                "dialog_act": {
                    "placeholder": "bye"
                }
            },
            "user": {
                "transcript": "",
                "img_gts": [],
                "turn_label": {}
            },
            "bstate": {
                "open span: soup": "inform",
                "open span: type": "inform",
                "menus: dinner": "inform",
                "venueneigh: kallang": "inform",
                "open span: tofu": "inform",
                "open span: tasty": "inform",
                "open span: egg": "inform",
                "open span: rice": "inform",
                "open span: information": "inform",
                "venuescore: 8.2/10": "inform",
                "open span: food": "inform",
                "open span: image": "inform",
                "img_gts: bak kut teh": "inform",
                "venuename: cheng mun chee kee pig organ soup": "confirm",
                "open span: no": "inform"
            }
        }
    ],
    "user rating": 5,
    "user setting": "you are in <b>kallang</b> and want to try some <b>pig's organ soup</b> would like to get more information about 2 different places for comparison. <b>**use at least three turns of question&answers to find one venue!**</b>",
    "goal": {
        "id": 1776,
        "type": "multiple",
        "modality": "multiple",
        "content": [
            {
                "imgs": [
                    "cdd55b82e17b27a7e1a199b939c0bd34",
                    "af24eba69020454f1d0eb06a651e8caf",
                    "8f5b56830a766005ac353a6cbfd6df36",
                    "6e8ecb1be9e22270c4aeca1b8a81545e"
                ],
                "Menus": [
                    "Dinner"
                ],
                "terms": [
                    "lunch",
                    "tofu",
                    "soup",
                    "dinner",
                    "pigs",
                    "good for a quick meal"
                ],
                "venueCat": [
                    "Soup Place",
                    "Asian Restaurant",
                    "and Chinese Restaurant"
                ],
                "venueName": "Authentic Mun Chee Kee KING of Pig's Organ Soup",
                "preference": {
                    "soup": 2,
                    "tofu": 1,
                    "dinner": 2,
                    "search venue by image": 1,
                    "check venue score and get tips or suggestions or things to take note of": 3
                },
                "venueNeigh": "Kallang",
                "venueScore": "average",
                "Credit Cards": "No",
                "Dining Options": [
                    "No Delivery"
                ],
                "Outdoor Seating": "Yes"
            },
            {
                "imgs": [
                    "ef50c05195886208b8963167bac5bfd8",
                    "a75a4845d90c5abb9c4deca2068d5457",
                    "f74d99f8da6e5eabaca443b3f0e99122",
                    "dd6e99a91a8fa03b0d4d7be6f6b95144"
                ],
                "terms": [
                    "pork",
                    "lunch",
                    "good for a late night",
                    "eggs",
                    "great value",
                    "nuts",
                    "shiok",
                    "soup",
                    "dinner",
                    "pigs",
                    "crowded",
                    "lively",
                    "good for a quick meal",
                    "family-friendly",
                    "salted fish",
                    "chili",
                    "rice",
                    "authentic",
                    "casual",
                    "chili sauce"
                ],
                "venueCat": [
                    "Soup Place",
                    "Asian Restaurant",
                    "and Chinese Restaurant"
                ],
                "venueName": "Cheng Mun Chee Kee Pig Organ Soup",
                "preference": {
                    "eggs": 1,
                    "rice": 2,
                    "soup": 2,
                    "great value": 1,
                    "request food image": 1,
                    "check venue score and get tips or suggestions or things to take note of": 3
                },
                "venueNeigh": "Kallang",
                "venueScore": "good",
                "Credit Cards": "No",
                "Reservations": "No"
            }
        ],
        "cnv_cnt": 10,
        "user_setting": "You are in <b>Kallang</b> and want to try some <b>pig's organ soup</b> would like to get more information about 2 different places for comparison. <b>**Use at least three turns of Question&Answers to find one venue!**</b>",
        "user_location": "Kallang"
    }
}