{
    "id": "676",
    "dialogue": [
        {
            "turn idx": 0,
            "agent": {
                "transcript": "",
                "img_gts": [],
                "dialog_act": {}
            },
            "user": {
                "transcript": "hi, i am looking for a modern design restaurant for lunch.",
                "img_gts": [],
                "turn_label": {
                    "open span: modern design": "inform",
                    "menus: lunch": "inform",
                    "placeholder": "greet"
                }
            },
            "bstate": {
                "open span: modern design": "inform",
                "menus: lunch": "inform"
            }
        },
        {
            "turn idx": 1,
            "agent": {
                "transcript": "hi, do you have any other preferences?",
                "img_gts": [],
                "dialog_act": {
                    "open span: preference": "request"
                }
            },
            "user": {
                "transcript": "i want to try truffles and angel hair pasta.",
                "img_gts": [],
                "turn_label": {
                    "open span: truffle": "inform",
                    "open span: angel hair pasta": "inform"
                }
            },
            "bstate": {
                "open span: modern design": "inform",
                "menus: lunch": "inform",
                "open span: preference": "request",
                "open span: truffle": "inform",
                "open span: angel hair pasta": "inform"
            }
        },
        {
            "turn idx": 2,
            "agent": {
                "transcript": "in that case, you can go to venue by sebastian.",
                "img_gts": [],
                "dialog_act": {
                    "venuename: venue by sebastian": "recommend"
                }
            },
            "user": {
                "transcript": "great! can i have their phone number?",
                "img_gts": [],
                "turn_label": {
                    "telephone": "request",
                    "venuename: venue by sebastian": "confirm"
                }
            },
            "bstate": {
                "open span: modern design": "inform",
                "menus: lunch": "inform",
                "open span: truffle": "inform",
                "open span: angel hair pasta": "inform",
                "telephone": "request",
                "venuename: venue by sebastian": "confirm"
            }
        },
        {
            "turn idx": 3,
            "agent": {
                "transcript": "sure, it is +65 6904 9688.",
                "img_gts": [],
                "dialog_act": {
                    "telephone: +65 6904 9688": "inform"
                }
            },
            "user": {
                "transcript": "after lunch, i want to do some sightseeing too. can you recommend me a nearby clean scenic lookout for tourism?",
                "img_gts": [],
                "turn_label": {
                    "open span: clean": "inform",
                    "open span: sightseeing": "inform",
                    "open span: scenic lookout": "inform",
                    "open span: near": "inform"
                }
            },
            "bstate": {
                "open span: modern design": "inform",
                "menus: lunch": "inform",
                "open span: truffle": "inform",
                "open span: angel hair pasta": "inform",
                "venuename: venue by sebastian": "confirm",
                "telephone: +65 69049688": "inform",
                "open span: clean": "inform",
                "open span: sightseeing": "inform",
                "open span: scenic lookout": "inform",
                "open span: near": "inform"
            }
        },
        {
            "turn idx": 4,
            "agent": {
                "transcript": "i recommend merlion park.",
                "img_gts": [],
                "dialog_act": {
                    "venuename: merlion park": "recommend"
                }
            },
            "user": {
                "transcript": "is it this place?",
                "img_gts": [
                    "merlion"
                ],
                "turn_label": {
                    "open span: image": "inform",
                    "img_gts: merlion": "inform"
                }
            },
            "bstate": {
                "open span: modern design": "inform",
                "menus: lunch": "inform",
                "open span: truffle": "inform",
                "open span: angel hair pasta": "inform",
                "telephone: +65 69049688": "inform",
                "open span: clean": "inform",
                "open span: sightseeing": "inform",
                "open span: scenic lookout": "inform",
                "open span: near": "inform",
                "venuename: merlion park": "recommend",
                "open span: image": "inform",
                "img_gts: merlion": "inform"
            }
        },
        {
            "turn idx": 5,
            "agent": {
                "transcript": "yes, it is.",
                "img_gts": [],
                "dialog_act": {}
            },
            "user": {
                "transcript": "can you give me some tips?",
                "img_gts": [],
                "turn_label": {
                    "venuename: merlion park": "confirm",
                    "open span: tip or suggestion": "request"
                }
            },
            "bstate": {
                "open span: modern design": "inform",
                "menus: lunch": "inform",
                "open span: truffle": "inform",
                "open span: angel hair pasta": "inform",
                "telephone: +65 69049688": "inform",
                "open span: clean": "inform",
                "open span: sightseeing": "inform",
                "open span: scenic lookout": "inform",
                "open span: near": "inform",
                "open span: image": "inform",
                "img_gts: merlion": "inform",
                "venuename: merlion park": "confirm",
                "open span: tip or suggestion": "request"
            }
        },
        {
            "turn idx": 6,
            "agent": {
                "transcript": "yes the lion sculpture with water gushing out is ok...but what's more important is the area on the water which i liked.",
                "img_gts": [],
                "dialog_act": {
                    "open span: sculpture": "inform"
                }
            },
            "user": {
                "transcript": "thanks, that was helpful.",
                "img_gts": [],
                "turn_label": {
                    "placeholder": "bye"
                }
            },
            "bstate": {
                "open span: modern design": "inform",
                "menus: lunch": "inform",
                "open span: truffle": "inform",
                "open span: angel hair pasta": "inform",
                "telephone: +65 69049688": "inform",
                "open span: clean": "inform",
                "open span: sightseeing": "inform",
                "open span: scenic lookout": "inform",
                "open span: near": "inform",
                "open span: image": "inform",
                "img_gts: merlion": "inform",
                "venuename: merlion park": "confirm",
                "open span: sculpture": "inform"
            }
        }
    ],
    "user rating": 3,
    "user setting": "you are in <b>financial district</b> and quite hungry, hope to find a <b>modern design</b> <b>restaurant</b> to eat and find a <b>sightseeing</b> to wonder around after that.",
    "goal": {
        "id": 1434,
        "type": "multiple",
        "modality": "multiple",
        "content": [
            {
                "imgs": [],
                "Menus": [
                    "Lunch",
                    "Dinner"
                ],
                "price": "Moderate",
                "terms": [
                    "angel hair pasta",
                    "truffles",
                    "modern design",
                    "confit"
                ],
                "venueCat": [
                    "Restaurant"
                ],
                "venueName": "Venue By Sebastian",
                "preference": {
                    "truffles": 2,
                    "modern design": 1,
                    "angel hair pasta": 2,
                    "get phone number": 3
                },
                "venueNeigh": "Financial District",
                "venueScore": "good"
            },
            {
                "imgs": [
                    "02dd5899e2227bacd37dc0e87a36504e",
                    "7241d6e4299cbc687b41425c3eb92d48"
                ],
                "terms": [
                    "tourism",
                    "clean"
                ],
                "venueCat": [
                    "Sculpture Garden",
                    "Water Park",
                    "Scenic Lookout"
                ],
                "venueName": "Merlion Park",
                "preference": {
                    "get tips": 3,
                    "Scenic Lookout": 1,
                    "Financial District": 2,
                    "drag image to do search": 1
                },
                "venueNeigh": "Financial District",
                "venueScore": "good"
            }
        ],
        "cnv_cnt": 20,
        "user_setting": "You are in <b>Financial District</b> and quite hungry, hope to find a <b>modern design</b> <b>restaurant</b> to eat and find a <b>sightseeing</b> to wonder around after that.",
        "user_location": "unknown"
    }
}