{
    "id": "791",
    "dialogue": [
        {
            "turn idx": 0,
            "agent": {
                "transcript": "",
                "img_gts": [],
                "dialog_act": {}
            },
            "user": {
                "transcript": "hi! im looking for a place that is good for a quick meal, preferably an indonesian restaurant.",
                "img_gts": [],
                "turn_label": {
                    "open span: indonesian food": "inform",
                    "open span: good for a quick meal": "inform",
                    "placeholder": "greet"
                }
            },
            "bstate": {
                "open span: indonesian food": "inform",
                "open span: good for a quick meal": "inform"
            }
        },
        {
            "turn idx": 1,
            "agent": {
                "transcript": "hello! do you have any preference on where the restaurant should be located at?",
                "img_gts": [],
                "dialog_act": {
                    "venueneigh": "request"
                }
            },
            "user": {
                "transcript": "it'll be great if i can find a restaurant near orchard road. any recommendations?",
                "img_gts": [],
                "turn_label": {
                    "venueneigh: orchard road": "inform",
                    "open span: recommendation": "request"
                }
            },
            "bstate": {
                "open span: indonesian food": "inform",
                "open span: good for a quick meal": "inform",
                "venueneigh: orchard road": "inform",
                "open span: recommendation": "request"
            }
        },
        {
            "turn idx": 2,
            "agent": {
                "transcript": "would you be going alone, with a friend or as a group?",
                "img_gts": [],
                "dialog_act": {}
            },
            "user": {
                "transcript": "im looking for a place that will be good for groups!",
                "img_gts": [],
                "turn_label": {
                    "open span: good for group": "inform"
                }
            },
            "bstate": {
                "open span: indonesian food": "inform",
                "open span: good for a quick meal": "inform",
                "venueneigh: orchard road": "inform",
                "open span: good for group": "inform"
            }
        },
        {
            "turn idx": 3,
            "agent": {
                "transcript": "i would recommend bebek goreng pak ndut. it  is famous for being a group and family friendly restaurant! i would highly recommend you to try their fried crispy duck!",
                "img_gts": [
                    "seafood"
                ],
                "dialog_act": {
                    "venuename: bebek goreng pak ndut": "recommend",
                    "open span: good for group": "inform",
                    "open span: family friendly": "inform",
                    "open span: image": "inform",
                    "img_gts: seafood": "inform"
                }
            },
            "user": {
                "transcript": "sounds good! may i know if they accept reservations?",
                "img_gts": [],
                "turn_label": {
                    "reservations": "request",
                    "venuename: bebek goreng pak ndut": "confirm"
                }
            },
            "bstate": {
                "open span: indonesian food": "inform",
                "open span: good for a quick meal": "inform",
                "venueneigh: orchard road": "inform",
                "open span: good for group": "inform",
                "open span: family friendly": "inform",
                "open span: image": "inform",
                "img_gts: seafood": "inform",
                "reservations": "request",
                "venuename: bebek goreng pak ndut": "confirm"
            }
        },
        {
            "turn idx": 4,
            "agent": {
                "transcript": "i am afraid they do not accept reservations.",
                "img_gts": [],
                "dialog_act": {
                    "reservations: no": "inform"
                }
            },
            "user": {
                "transcript": "i see, its okay thank you!",
                "img_gts": [],
                "turn_label": {}
            },
            "bstate": {
                "open span: indonesian food": "inform",
                "open span: good for a quick meal": "inform",
                "venueneigh: orchard road": "inform",
                "open span: good for group": "inform",
                "open span: family friendly": "inform",
                "open span: image": "inform",
                "img_gts: seafood": "inform",
                "venuename: bebek goreng pak ndut": "confirm",
                "reservations: no": "inform"
            }
        },
        {
            "turn idx": 5,
            "agent": {
                "transcript": "do you have any other questions?",
                "img_gts": [],
                "dialog_act": {
                    "open span: any other": "request"
                }
            },
            "user": {
                "transcript": "yes please, i'll be at orchard road and am looking for places that are good for a quick meal. it will be best if its in a shopping mall.",
                "img_gts": [],
                "turn_label": {
                    "venueneigh: orchard road": "inform",
                    "open span: good for a quick meal": "inform",
                    "open span: mall": "inform"
                }
            },
            "bstate": {
                "open span: indonesian food": "inform",
                "open span: good for a quick meal": "inform",
                "open span: good for group": "inform",
                "open span: family friendly": "inform",
                "open span: image": "inform",
                "img_gts: seafood": "inform",
                "venuename: bebek goreng pak ndut": "confirm",
                "reservations: no": "inform",
                "open span: any other": "request",
                "venueneigh: orchard road": "inform",
                "open span: mall": "inform"
            }
        },
        {
            "turn idx": 6,
            "agent": {
                "transcript": "do you have any preferences for the shopping mall?",
                "img_gts": [],
                "dialog_act": {
                    "open span: preference": "request"
                }
            },
            "user": {
                "transcript": "im craving for soft boiled eggs in particular... any luck with that?",
                "img_gts": [],
                "turn_label": {
                    "open span: soft boil egg": "inform"
                }
            },
            "bstate": {
                "open span: indonesian food": "inform",
                "open span: good for a quick meal": "inform",
                "open span: good for group": "inform",
                "open span: family friendly": "inform",
                "open span: image": "inform",
                "img_gts: seafood": "inform",
                "venuename: bebek goreng pak ndut": "confirm",
                "reservations: no": "inform",
                "venueneigh: orchard road": "inform",
                "open span: mall": "inform",
                "open span: preference": "request",
                "open span: soft boil egg": "inform"
            }
        },
        {
            "turn idx": 7,
            "agent": {
                "transcript": "in that case, i would recommend killiney kopitiam. they are famous for their breakfast set which includes soft boiled eggs.",
                "img_gts": [
                    "egg set"
                ],
                "dialog_act": {
                    "venuename: killiney kopitiam": "recommend",
                    "menus: breakfast": "inform",
                    "open span: soft boil egg": "inform",
                    "open span: image": "inform",
                    "img_gts: egg set": "inform"
                }
            },
            "user": {
                "transcript": "looks delicious! may i know if they accept credit cards?",
                "img_gts": [],
                "turn_label": {
                    "credit cards": "request",
                    "venuename: killiney kopitiam": "confirm"
                }
            },
            "bstate": {
                "open span: indonesian food": "inform",
                "open span: good for a quick meal": "inform",
                "open span: good for group": "inform",
                "open span: family friendly": "inform",
                "open span: image": "inform",
                "reservations: no": "inform",
                "venueneigh: orchard road": "inform",
                "open span: mall": "inform",
                "open span: soft boil egg": "inform",
                "menus: breakfast": "inform",
                "img_gts: egg set": "inform",
                "credit cards": "request",
                "venuename: killiney kopitiam": "confirm"
            }
        },
        {
            "turn idx": 8,
            "agent": {
                "transcript": "they do not accept credit cards here.",
                "img_gts": [],
                "dialog_act": {
                    "credit cards: no": "inform"
                }
            },
            "user": {
                "transcript": "okay no problem, thanks alot!",
                "img_gts": [],
                "turn_label": {}
            },
            "bstate": {
                "open span: indonesian food": "inform",
                "open span: good for a quick meal": "inform",
                "open span: good for group": "inform",
                "open span: family friendly": "inform",
                "open span: image": "inform",
                "reservations: no": "inform",
                "venueneigh: orchard road": "inform",
                "open span: mall": "inform",
                "open span: soft boil egg": "inform",
                "menus: breakfast": "inform",
                "img_gts: egg set": "inform",
                "venuename: killiney kopitiam": "confirm",
                "credit cards: no": "inform"
            }
        },
        {
            "turn idx": 9,
            "agent": {
                "transcript": "do you have any further questions?",
                "img_gts": [],
                "dialog_act": {
                    "open span: anything else": "request"
                }
            },
            "user": {
                "transcript": "one last location please, im looking for another shopping mall thats good for a quick meal too. preferably somewhere near orchard road too. im also interested to do some shoes shopping.. would be great if the location sells shoes too.",
                "img_gts": [],
                "turn_label": {
                    "venueneigh: orchard road": "inform",
                    "open span: good for a quick meal": "inform",
                    "open span: mall": "inform",
                    "open span: shoe": "inform"
                }
            },
            "bstate": {
                "open span: indonesian food": "inform",
                "open span: good for a quick meal": "inform",
                "open span: good for group": "inform",
                "open span: family friendly": "inform",
                "open span: image": "inform",
                "reservations: no": "inform",
                "open span: mall": "inform",
                "open span: soft boil egg": "inform",
                "menus: breakfast": "inform",
                "img_gts: egg set": "inform",
                "venuename: killiney kopitiam": "confirm",
                "credit cards: no": "inform",
                "open span: anything else": "request",
                "venueneigh: orchard road": "inform",
                "open span: shoe": "inform"
            }
        },
        {
            "turn idx": 10,
            "agent": {
                "transcript": "is there any specific shopping mall that you are looking at?",
                "img_gts": [],
                "dialog_act": {
                    "open span: specific": "request"
                }
            },
            "user": {
                "transcript": "anywhere that accept/ get tips?",
                "img_gts": [],
                "turn_label": {
                    "open span: tip or suggestion": "request"
                }
            },
            "bstate": {
                "open span: indonesian food": "inform",
                "open span: good for a quick meal": "inform",
                "open span: good for group": "inform",
                "open span: family friendly": "inform",
                "open span: image": "inform",
                "reservations: no": "inform",
                "open span: mall": "inform",
                "open span: soft boil egg": "inform",
                "menus: breakfast": "inform",
                "img_gts: egg set": "inform",
                "venuename: killiney kopitiam": "confirm",
                "credit cards: no": "inform",
                "venueneigh: orchard road": "inform",
                "open span: shoe": "inform",
                "open span: specific": "request",
                "open span: tip or suggestion": "request"
            }
        },
        {
            "turn idx": 11,
            "agent": {
                "transcript": "i would recommend wisma atria. there is food republic there so it will be convenient to get a quick meal .",
                "img_gts": [
                    "building front"
                ],
                "dialog_act": {
                    "venuename: wisma atria": "recommend",
                    "open span: good for a quick meal": "inform",
                    "open span: image": "inform",
                    "img_gts: building front": "inform"
                }
            },
            "user": {
                "transcript": "oh okay great. just what i'm looking for. thank you so much. that will be all! :). bye!",
                "img_gts": [],
                "turn_label": {
                    "venuename: wisma atria": "confirm",
                    "placeholder": "bye"
                }
            },
            "bstate": {
                "open span: indonesian food": "inform",
                "open span: good for a quick meal": "inform",
                "open span: good for group": "inform",
                "open span: family friendly": "inform",
                "open span: image": "inform",
                "reservations: no": "inform",
                "open span: mall": "inform",
                "open span: soft boil egg": "inform",
                "menus: breakfast": "inform",
                "credit cards: no": "inform",
                "venueneigh: orchard road": "inform",
                "open span: shoe": "inform",
                "img_gts: building front": "inform",
                "venuename: wisma atria": "confirm"
            }
        },
        {
            "turn idx": 12,
            "agent": {
                "transcript": "thank you. good bye!",
                "img_gts": [],
                "dialog_act": {
                    "placeholder": "bye"
                }
            },
            "user": {
                "transcript": "",
                "img_gts": [],
                "turn_label": {}
            },
            "bstate": {
                "open span: indonesian food": "inform",
                "open span: good for a quick meal": "inform",
                "open span: good for group": "inform",
                "open span: family friendly": "inform",
                "open span: image": "inform",
                "reservations: no": "inform",
                "open span: mall": "inform",
                "open span: soft boil egg": "inform",
                "menus: breakfast": "inform",
                "credit cards: no": "inform",
                "venueneigh: orchard road": "inform",
                "open span: shoe": "inform",
                "img_gts: building front": "inform",
                "venuename: wisma atria": "confirm"
            }
        }
    ],
    "user rating": 5,
    "user setting": "you are traveling with a group of four people in orchard road, looking for places that are <b>good for a quick meal</b>. you also need to find a <b>shopping mall</b>.",
    "goal": {
        "id": 1435,
        "type": "multiple",
        "modality": "multiple",
        "content": [
            {
                "imgs": [
                    "4cad14d4e480ff42edde3473a92fa9da",
                    "85715a78346bbed67a292e17dcff0401"
                ],
                "Menus": [
                    "Brunch",
                    "Lunch",
                    "Dinner",
                    "Happy Hour"
                ],
                "price": "Moderate",
                "terms": [
                    "authentic",
                    "family-friendly",
                    "good for groups",
                    "good for a quick meal",
                    "brunch food",
                    "sambal",
                    "casual",
                    "good for working",
                    "cozy",
                    "avocado juice",
                    "shredded",
                    "sodas",
                    "lunch",
                    "campur"
                ],
                "venueCat": [
                    "Indonesian Restaurant",
                    "Asian Restaurant"
                ],
                "venueName": "Bebek Goreng Pak Ndut",
                "preference": {
                    "Orchard Road": 2,
                    "good for groups": 2,
                    "Indonesian Restaurant": 2,
                    "drag image to do search": 1
                },
                "venueNeigh": "Orchard Road",
                "venueScore": "good",
                "Reservations": "No",
                "Dining Options": [
                    "No Delivery"
                ],
                "Outdoor Seating": "No"
            },
            {
                "imgs": [
                    "5781d7f6d0068c6ceb610e220918fc75",
                    "88f090714b4374bd97ab037aa33a47d1"
                ],
                "Menus": [
                    "Breakfast",
                    "Brunch"
                ],
                "Wi-Fi": "No",
                "price": "Cheap",
                "terms": [
                    "crowded",
                    "Mee Siam",
                    "toast",
                    "rice",
                    "tea",
                    "good for working",
                    "grass jelly",
                    "laksa",
                    "good for a quick meal",
                    "nasi lemak",
                    "lunch",
                    "chicken curry",
                    "breakfast food",
                    "beach",
                    "roti",
                    "lively",
                    "soft boiled eggs",
                    "prata",
                    "coffee",
                    "casual"
                ],
                "venueCat": [
                    "Coffee Shop",
                    "Breakfast Spot",
                    "Caf\u00e9"
                ],
                "venueName": "Killiney Kopitiam",
                "preference": {
                    "soft boiled eggs": 2,
                    "good for a quick meal": 2,
                    "drag image to do search": 2
                },
                "venueNeigh": "Orchard Road",
                "venueScore": "average",
                "Credit Cards": "No",
                "Dining Options": [
                    "No Delivery"
                ],
                "Outdoor Seating": "Yes"
            },
            {
                "imgs": [],
                "terms": [
                    "accessories",
                    "crowded",
                    "popcorn",
                    "hokkien mee",
                    "cappuccinos",
                    "ice cream",
                    "dinner",
                    "basement",
                    "noodles",
                    "sally",
                    "Christmas",
                    "cookies",
                    "tea",
                    "frozen yogurt",
                    "Plaza",
                    "food republic",
                    "food courts",
                    "lunch",
                    "shoes",
                    "fried tofu"
                ],
                "venueCat": [
                    "Shopping Mall"
                ],
                "venueName": "Wisma Atria",
                "preference": {
                    "shoes": 1,
                    "get tips": 3,
                    "Christmas": 0,
                    "Shopping Mall": 1
                },
                "venueNeigh": "Orchard Road",
                "venueScore": "average",
                "Credit Cards": "Yes"
            }
        ],
        "cnv_cnt": 20,
        "user_setting": "You are traveling with a group of four people in Orchard Road, looking for places that are <b>good for a quick meal</b>. You also need to find a <b>shopping mall</b>.",
        "user_location": "unknown"
    }
}