{
    "id": "800",
    "dialogue": [
        {
            "turn idx": 0,
            "agent": {
                "transcript": "",
                "img_gts": [],
                "dialog_act": {}
            },
            "user": {
                "transcript": "hi, i am travelling with my other half for our honeymoon trip. we would like to stay in a nice hotel with an infinity pool. i heard that this hotel is surrounded by many prominent landmarks. i've attached some pictures for reference.",
                "img_gts": [
                    "hotel bedroom/hotel room",
                    "marina bay sands"
                ],
                "turn_label": {
                    "open span: hotel": "inform",
                    "open span: image": "inform",
                    "open span: infinity pool": "inform",
                    "open span: landmark": "inform",
                    "placeholder": "greet",
                    "img_gts: hotel bedroom/hotel room, marina bay sands": "inform"
                }
            },
            "bstate": {
                "open span: hotel": "inform",
                "open span: image": "inform",
                "open span: infinity pool": "inform",
                "open span: landmark": "inform",
                "img_gts: hotel bedroom/hotel room, marina bay sands": "inform"
            }
        },
        {
            "turn idx": 1,
            "agent": {
                "transcript": "hey, marina bay sands is the hotel you're looking for!",
                "img_gts": [],
                "dialog_act": {
                    "venuename: marina bay sands": "recommend"
                }
            },
            "user": {
                "transcript": "that sounds great! we'd also like to visit at cocktail bar which would be good for a late night. maybe a place that serves mexican food and offers outdoor seating.",
                "img_gts": [],
                "turn_label": {
                    "outdoor seating: yes": "inform",
                    "drinks: full bar": "inform",
                    "drinks: cocktails": "inform",
                    "open span: good for a late night": "inform",
                    "open span: mexican food": "inform",
                    "venuename: marina bay sands": "confirm"
                }
            },
            "bstate": {
                "open span: hotel": "inform",
                "open span: image": "inform",
                "open span: infinity pool": "inform",
                "open span: landmark": "inform",
                "img_gts: hotel bedroom/hotel room, marina bay sands": "inform",
                "outdoor seating: yes": "inform",
                "drinks: full bar": "inform",
                "drinks: cocktails": "inform",
                "open span: good for a late night": "inform",
                "open span: mexican food": "inform",
                "venuename: marina bay sands": "confirm"
            }
        },
        {
            "turn idx": 2,
            "agent": {
                "transcript": "how about super loco? it has raving reviews!",
                "img_gts": [],
                "dialog_act": {
                    "venuename: super loco": "recommend"
                }
            },
            "user": {
                "transcript": "great! thank you!",
                "img_gts": [],
                "turn_label": {
                    "venuename: super loco": "confirm",
                    "placeholder": "bye"
                }
            },
            "bstate": {
                "open span: hotel": "inform",
                "open span: image": "inform",
                "open span: infinity pool": "inform",
                "open span: landmark": "inform",
                "img_gts: hotel bedroom/hotel room, marina bay sands": "inform",
                "outdoor seating: yes": "inform",
                "drinks: full bar": "inform",
                "drinks: cocktails": "inform",
                "open span: good for a late night": "inform",
                "open span: mexican food": "inform",
                "venuename: super loco": "confirm"
            }
        }
    ],
    "user rating": 3,
    "user setting": "you are traveling <b>with your other half</b> for honeymoon trip. would like to live in a good place and try <b>cocktail bar</b> that is <b>good for a late night</b>",
    "goal": {
        "id": 1429,
        "type": "multiple",
        "modality": "multiple",
        "content": [
            {
                "imgs": [],
                "Menus": [
                    "Brunch",
                    "Lunch",
                    "Dinner",
                    "Happy Hour"
                ],
                "Wi-Fi": "No",
                "price": "Cheap",
                "terms": [
                    "piedra negra",
                    "margaritas",
                    "chicken",
                    "trendy",
                    "Mexican food",
                    "tacos",
                    "meats",
                    "good for groups",
                    "healthy food",
                    "lively",
                    "good for a late night",
                    "family-friendly",
                    "avocado toast",
                    "quesadillas",
                    "corn",
                    "outdoor seating",
                    "burgers",
                    "brunch food",
                    "breakfast burritos",
                    "casual"
                ],
                "Drinks": [
                    "Full Bar",
                    "Cocktails"
                ],
                "venueCat": [
                    "Mexican Restaurant",
                    "Cocktail Bar"
                ],
                "venueName": "Super Loco",
                "preference": {
                    "Cocktail Bar": 2,
                    "Mexican food": 1,
                    "outdoor seating": 1,
                    "good for a late night": 2
                },
                "venueNeigh": "Singapore River",
                "venueScore": "average",
                "Reservations": "Yes",
                "Dining Options": [
                    "Take-out",
                    "No Delivery"
                ],
                "Outdoor Seating": "Yes"
            },
            {
                "imgs": [
                    "e856e6193338897be10f5ee362c672fa",
                    "f205d5a3b66776370b9116476457d7a1"
                ],
                "terms": [
                    "malls",
                    "56th floor",
                    "breakfast food",
                    "casual",
                    "desserts",
                    "infinity pool",
                    "marinas",
                    "coffee",
                    "architecture",
                    "hotel",
                    "gardens",
                    "rooftop bar",
                    "casinos",
                    "tours",
                    "science museums",
                    "scenic views",
                    "music",
                    "landmarks",
                    "skypark"
                ],
                "venueCat": [
                    "Resort"
                ],
                "venueName": "Marina Bay Sands",
                "preference": {
                    "landmarks": 2,
                    "infinity pool": 2,
                    "drag image to do search": 2
                },
                "venueNeigh": "Financial District",
                "venueScore": "excellent",
                "Credit Cards": "Yes"
            }
        ],
        "cnv_cnt": 20,
        "user_setting": "You are traveling <b>with your other half</b> for honeymoon trip. Would like to live in a good place and try <b>Cocktail Bar</b> that is <b>good for a late night</b>",
        "user_location": "unknown"
    }
}