{
    "id": "882",
    "dialogue": [
        {
            "turn idx": 0,
            "agent": {
                "transcript": "",
                "img_gts": [],
                "dialog_act": {}
            },
            "user": {
                "transcript": "hi, could you help me find a food court for me? i am leading a travel group and we want to try hainanese chicken rice. so it should be good for groups and good for a quick meal.",
                "img_gts": [],
                "turn_label": {
                    "open span: good for a quick meal": "inform",
                    "open span: good for group": "inform",
                    "open span: chicken rice": "inform",
                    "placeholder": "greet"
                }
            },
            "bstate": {
                "open span: good for a quick meal": "inform",
                "open span: good for group": "inform",
                "open span: chicken rice": "inform"
            }
        },
        {
            "turn idx": 1,
            "agent": {
                "transcript": "got it. may i ask where are you right now?",
                "img_gts": [],
                "dialog_act": {
                    "venueneigh": "request"
                }
            },
            "user": {
                "transcript": "we are around financial district and the surroundings look like this picture.",
                "img_gts": [
                    "food center"
                ],
                "turn_label": {
                    "venueneigh: financial district": "inform",
                    "open span: image": "inform",
                    "img_gts: food center": "inform"
                }
            },
            "bstate": {
                "open span: good for a quick meal": "inform",
                "open span: good for group": "inform",
                "open span: chicken rice": "inform",
                "venueneigh: financial district": "inform",
                "open span: image": "inform",
                "img_gts: food center": "inform"
            }
        },
        {
            "turn idx": 2,
            "agent": {
                "transcript": "you are right now at a great food court maxwell food centre. it serves hainanese chicken rice. just look around and you will find it.",
                "img_gts": [],
                "dialog_act": {
                    "venuename: maxwell food centre": "recommend",
                    "open span: chicken rice": "inform"
                }
            },
            "user": {
                "transcript": "orz.. and may i know the exact address of this food court? thus some of my friends can find us.",
                "img_gts": [],
                "turn_label": {
                    "venueaddress": "request"
                }
            },
            "bstate": {
                "open span: good for a quick meal": "inform",
                "open span: good for group": "inform",
                "open span: chicken rice": "inform",
                "venueneigh: financial district": "inform",
                "open span: image": "inform",
                "img_gts: food center": "inform",
                "venuename: maxwell food centre": "recommend",
                "venueaddress": "request"
            }
        },
        {
            "turn idx": 3,
            "agent": {
                "transcript": "it is 1 kadayanallur st 069184 singapore. anything else can i help you?",
                "img_gts": [],
                "dialog_act": {
                    "venueaddress: 1 kadayanallur st 069184 singapore": "inform",
                    "open span: anything else": "request"
                }
            },
            "user": {
                "transcript": "yeah. after lunch, we want to go to some botanic gardens which have trails and rain forest. do you have any suggestion?",
                "img_gts": [],
                "turn_label": {
                    "open span: rain forest": "inform",
                    "open span: trail": "inform",
                    "open span: tip or suggestion": "request"
                }
            },
            "bstate": {
                "open span: good for a quick meal": "inform",
                "open span: good for group": "inform",
                "open span: chicken rice": "inform",
                "venueneigh: financial district": "inform",
                "open span: image": "inform",
                "img_gts: food center": "inform",
                "venuename: maxwell food centre": "recommend",
                "venueaddress: 1 kadayanallur st 069184 singapore": "inform",
                "open span: anything else": "request",
                "open span: rain forest": "inform",
                "open span: trail": "inform",
                "open span: tip or suggestion": "request"
            }
        },
        {
            "turn idx": 4,
            "agent": {
                "transcript": "how about singapore botanic gardens, the most famous botanic gardens in singapore.",
                "img_gts": [],
                "dialog_act": {
                    "venuename: singapore botanic gardens": "recommend"
                }
            },
            "user": {
                "transcript": "does it has scenic views?",
                "img_gts": [],
                "turn_label": {
                    "open span: scenic view": "request"
                }
            },
            "bstate": {
                "open span: good for a quick meal": "inform",
                "open span: good for group": "inform",
                "open span: chicken rice": "inform",
                "venueneigh: financial district": "inform",
                "open span: image": "inform",
                "img_gts: food center": "inform",
                "venueaddress: 1 kadayanallur st 069184 singapore": "inform",
                "open span: rain forest": "inform",
                "open span: trail": "inform",
                "venuename: singapore botanic gardens": "recommend",
                "open span: scenic view": "request"
            }
        },
        {
            "turn idx": 5,
            "agent": {
                "transcript": "yes, it has beautiful scenic views. and it also has a concert show in the rain forest, worthwhile to have a visit.",
                "img_gts": [],
                "dialog_act": {
                    "open span: rain forest": "inform",
                    "open span: scenic view": "inform",
                    "open span: concert": "inform"
                }
            },
            "user": {
                "transcript": "ohh, concerts in the rain forest, interesting! i will go. thank you so much. bye.",
                "img_gts": [],
                "turn_label": {
                    "venuename: singapore botanic gardens": "confirm",
                    "placeholder": "bye"
                }
            },
            "bstate": {
                "open span: good for a quick meal": "inform",
                "open span: good for group": "inform",
                "open span: chicken rice": "inform",
                "venueneigh: financial district": "inform",
                "open span: image": "inform",
                "img_gts: food center": "inform",
                "venueaddress: 1 kadayanallur st 069184 singapore": "inform",
                "open span: rain forest": "inform",
                "open span: trail": "inform",
                "open span: scenic view": "inform",
                "open span: concert": "inform",
                "venuename: singapore botanic gardens": "confirm"
            }
        },
        {
            "turn idx": 6,
            "agent": {
                "transcript": "you are welcome and have a nich day! enjoy!",
                "img_gts": [],
                "dialog_act": {
                    "placeholder": "bye"
                }
            },
            "user": {
                "transcript": "",
                "img_gts": [],
                "turn_label": {}
            },
            "bstate": {
                "open span: good for a quick meal": "inform",
                "open span: good for group": "inform",
                "open span: chicken rice": "inform",
                "venueneigh: financial district": "inform",
                "open span: image": "inform",
                "img_gts: food center": "inform",
                "venueaddress: 1 kadayanallur st 069184 singapore": "inform",
                "open span: rain forest": "inform",
                "open span: trail": "inform",
                "open span: scenic view": "inform",
                "open span: concert": "inform",
                "venuename: singapore botanic gardens": "confirm"
            }
        }
    ],
    "user rating": 5,
    "user setting": "you are travel with a group of people, want to try <b>hainanese chicken rice</b> in <b>food court</b> <b>for a quick meal</b>. later you want to find a <b>garden</b> with <b>rain forest</b> <b>scenic views</b>. ",
    "goal": {
        "id": 1428,
        "type": "multiple",
        "modality": "multiple",
        "content": [
            {
                "imgs": [
                    "9557930cf29626c0add2211b1bc8e033",
                    "a076d21d2386770f21f8b03b036570a5"
                ],
                "terms": [
                    "good for a quick meal",
                    "tian hainanese",
                    "char siu",
                    "tea",
                    "oyster cake",
                    "casual",
                    "family-friendly",
                    "banana fritters",
                    "potato balls",
                    "tapioca",
                    "Hainanese chicken rice",
                    "lao ban",
                    "noodles",
                    "breakfast food",
                    "authentic",
                    "Thai food",
                    "lively",
                    "good for groups",
                    "cake",
                    "soup"
                ],
                "venueCat": [
                    "Food Court"
                ],
                "venueName": "Maxwell Food Centre",
                "preference": {
                    "get address": 3,
                    "good for groups": 2,
                    "Financial District": 1,
                    "good for a quick meal": 2,
                    "drag image to do search": 2
                },
                "venueNeigh": "Financial District",
                "venueScore": "good",
                "Credit Cards": "No",
                "Dining Options": [
                    "Take-out"
                ]
            },
            {
                "imgs": [],
                "terms": [
                    "picnics",
                    "breakfast food",
                    "scenic views",
                    "rain forest",
                    "casual",
                    "trails",
                    "romantic",
                    "great value",
                    "fresh air",
                    "quiet",
                    "delivery",
                    "comfortable",
                    "tours",
                    "gardens",
                    "cute",
                    "caf\u00e9",
                    "flowers",
                    "wine",
                    "concerts",
                    "coffee"
                ],
                "venueCat": [
                    "Botanical Garden",
                    "Park",
                    "Garden"
                ],
                "venueName": "Singapore Botanic Gardens",
                "preference": {
                    "trails": 2,
                    "concerts": 1,
                    "rain forest": 2,
                    "scenic views": 2,
                    "Botanical Garden": 1
                },
                "venueNeigh": "Tanglin",
                "venueScore": "excellent"
            }
        ],
        "cnv_cnt": 20,
        "user_setting": "You are travel with a group of people, want to try <b>Hainanese chicken rice</b> in <b>Food Court</b> <b>for a quick meal</b>. Later you want to find a <b>Garden</b> with <b>rain forest</b> <b>scenic views</b>. ",
        "user_location": "unknown"
    }
}